Wavelength,Intensity
250,0.262351
250.05,0.262349
250.1,0.262348
250.15,0.262346
250.2,0.262345
250.25,0.262343
250.3,0.262341
250.35,0.261859
250.4,0.261298
250.45,0.260738
250.5,0.260177
250.55,0.259616
250.6,0.259056
250.65,0.258495
250.7,0.257934
250.75,0.257374
250.8,0.256813
250.85,0.256252
250.9,0.255692
250.95,0.255131
251,0.25457
251.05,0.25401
251.1,0.253449
251.15,0.252888
251.2,0.252328
251.25,0.251767
251.3,0.251206
251.35,0.250645
251.4,0.250085
251.45,0.249524
251.5,0.248963
251.55,0.248401
251.6,0.247817
251.65,0.247233
251.7,0.246649
251.75,0.246065
251.8,0.245481
251.85,0.244897
251.9,0.244313
251.95,0.243729
252,0.243145
252.05,0.242561
252.1,0.241977
252.15,0.241392
252.2,0.240808
252.25,0.240224
252.3,0.23964
252.35,0.239056
252.4,0.238472
252.45,0.237888
252.5,0.237304
252.55,0.23672
252.6,0.236136
252.65,0.235552
252.7,0.234968
252.75,0.234384
252.8,0.233795
252.85,0.23319
252.9,0.232586
252.95,0.231981
253,0.231377
253.05,0.230772
253.1,0.230168
253.15,0.229563
253.2,0.228959
253.25,0.228354
253.3,0.22775
253.35,0.227145
253.4,0.226541
253.45,0.225936
253.5,0.225332
253.55,0.224728
253.6,0.224123
253.65,0.223519
253.7,0.222914
253.75,0.22231
253.8,0.221705
253.85,0.221101
253.9,0.220496
253.95,0.219892
254,0.219287
254.05,0.218708
254.1,0.21816
254.15,0.217612
254.2,0.217064
254.25,0.216517
254.3,0.215969
254.35,0.215421
254.4,0.214874
254.45,0.214326
254.5,0.213778
254.55,0.21323
254.6,0.212683
254.65,0.212135
254.7,0.211587
254.75,0.211039
254.8,0.210492
254.85,0.209944
254.9,0.209396
254.95,0.208848
255,0.208301
255.05,0.207753
255.1,0.207205
255.15,0.206657
255.2,0.20611
255.25,0.205562
255.3,0.205022
255.35,0.204486
255.4,0.203951
255.45,0.203416
255.5,0.20288
255.55,0.202345
255.6,0.20181
255.65,0.201274
255.7,0.200739
255.75,0.200204
255.8,0.199668
255.85,0.199133
255.9,0.198598
255.95,0.198062
256,0.197527
256.05,0.196991
256.1,0.196456
256.15,0.195921
256.2,0.195385
256.25,0.19485
256.3,0.194315
256.35,0.193779
256.4,0.193244
256.45,0.192709
256.5,0.192173
256.55,0.191712
256.6,0.191268
256.65,0.190823
256.7,0.190378
256.75,0.189934
256.8,0.189489
256.85,0.189044
256.9,0.1886
256.95,0.188155
257,0.18771
257.05,0.187266
257.1,0.186821
257.15,0.186376
257.2,0.185932
257.25,0.185487
257.3,0.185042
257.35,0.184598
257.4,0.184153
257.45,0.183708
257.5,0.183264
257.55,0.182819
257.6,0.182374
257.65,0.18193
257.7,0.181485
257.75,0.18104
257.8,0.18061
257.85,0.180179
257.9,0.179748
257.95,0.179317
258,0.178887
258.05,0.178456
258.1,0.178025
258.15,0.177594
258.2,0.177163
258.25,0.176733
258.3,0.176302
258.35,0.175871
258.4,0.17544
258.45,0.175009
258.5,0.174579
258.55,0.174148
258.6,0.173717
258.65,0.173286
258.7,0.172856
258.75,0.172425
258.8,0.171994
258.85,0.171563
258.9,0.171132
258.95,0.170702
259,0.17028
259.05,0.169897
259.1,0.169513
259.15,0.16913
259.2,0.168746
259.25,0.168362
259.3,0.167979
259.35,0.167595
259.4,0.167212
259.45,0.166828
259.5,0.166445
259.55,0.166061
259.6,0.165677
259.65,0.165294
259.7,0.16491
259.75,0.164527
259.8,0.164143
259.85,0.16376
259.9,0.163376
259.95,0.162993
260,0.162609
260.05,0.162225
260.1,0.161842
260.15,0.161458
260.2,0.161075
260.25,0.160708
260.3,0.160366
260.35,0.160025
260.4,0.159683
260.45,0.159342
260.5,0.159
260.55,0.158659
260.6,0.158317
260.65,0.157976
260.7,0.157634
260.75,0.157293
260.8,0.156951
260.85,0.15661
260.9,0.156268
260.95,0.155927
261,0.155585
261.05,0.155244
261.1,0.154902
261.15,0.154561
261.2,0.154219
261.25,0.153878
261.3,0.153536
261.35,0.153195
261.4,0.152853
261.45,0.152512
261.5,0.152201
261.55,0.151914
261.6,0.151626
261.65,0.151339
261.7,0.151051
261.75,0.150764
261.8,0.150477
261.85,0.150189
261.9,0.149902
261.95,0.149614
262,0.149327
262.05,0.149039
262.1,0.148752
262.15,0.148464
262.2,0.148177
262.25,0.147889
262.3,0.147602
262.35,0.147314
262.4,0.147027
262.45,0.146739
262.5,0.146452
262.55,0.146164
262.6,0.145877
262.65,0.145589
262.7,0.145302
262.75,0.145023
262.8,0.144746
262.85,0.14447
262.9,0.144193
262.95,0.143917
263,0.14364
263.05,0.143363
263.1,0.143087
263.15,0.14281
263.2,0.142534
263.25,0.142257
263.3,0.141981
263.35,0.141704
263.4,0.141427
263.45,0.141151
263.5,0.140874
263.55,0.140598
263.6,0.140321
263.65,0.140044
263.7,0.139768
263.75,0.139491
263.8,0.139215
263.85,0.138938
263.9,0.138662
263.95,0.138385
264,0.13816
264.05,0.137936
264.1,0.137713
264.15,0.137489
264.2,0.137265
264.25,0.137041
264.3,0.136817
264.35,0.136593
264.4,0.13637
264.45,0.136146
264.5,0.135922
264.55,0.135698
264.6,0.135474
264.65,0.135251
264.7,0.135027
264.75,0.134803
264.8,0.134579
264.85,0.134355
264.9,0.134132
264.95,0.133908
265,0.133684
265.05,0.13346
265.1,0.133236
265.15,0.133013
265.2,0.132797
265.25,0.132624
265.3,0.132452
265.35,0.13228
265.4,0.132107
265.45,0.131935
265.5,0.131762
265.55,0.13159
265.6,0.131417
265.65,0.131245
265.7,0.131072
265.75,0.1309
265.8,0.130728
265.85,0.130555
265.9,0.130383
265.95,0.13021
266,0.130038
266.05,0.129865
266.1,0.129693
266.15,0.12952
266.2,0.129348
266.25,0.129176
266.3,0.129003
266.35,0.128831
266.4,0.128658
266.45,0.128512
266.5,0.128413
266.55,0.128314
266.6,0.128214
266.65,0.128115
266.7,0.128016
266.75,0.127917
266.8,0.127818
266.85,0.127718
266.9,0.127619
266.95,0.12752
267,0.127421
267.05,0.127321
267.1,0.127222
267.15,0.127123
267.2,0.127024
267.25,0.126925
267.3,0.126825
267.35,0.126726
267.4,0.126627
267.45,0.126528
267.5,0.126428
267.55,0.126329
267.6,0.12623
267.65,0.126131
267.7,0.126041
267.75,0.12596
267.8,0.125878
267.85,0.125797
267.9,0.125715
267.95,0.125634
268,0.125552
268.05,0.125471
268.1,0.125389
268.15,0.125308
268.2,0.125226
268.25,0.125145
268.3,0.125063
268.35,0.124982
268.4,0.1249
268.45,0.124819
268.5,0.124737
268.55,0.124656
268.6,0.124574
268.65,0.124493
268.7,0.124411
268.75,0.12433
268.8,0.124248
268.85,0.124167
268.9,0.124085
268.95,0.124054
269,0.12404
269.05,0.124026
269.1,0.124012
269.15,0.123998
269.2,0.123984
269.25,0.12397
269.3,0.123956
269.35,0.123942
269.4,0.123928
269.45,0.123914
269.5,0.1239
269.55,0.123887
269.6,0.123873
269.65,0.123859
269.7,0.123845
269.75,0.123831
269.8,0.123817
269.85,0.123803
269.9,0.123789
269.95,0.123775
270,0.123761
270.05,0.123747
270.1,0.123733
270.15,0.12372
270.2,0.123753
270.25,0.123789
270.3,0.123826
270.35,0.123862
270.4,0.123898
270.45,0.123935
270.5,0.123971
270.55,0.124008
270.6,0.124044
270.65,0.12408
270.7,0.124117
270.75,0.124153
270.8,0.124189
270.85,0.124226
270.9,0.124262
270.95,0.124299
271,0.124335
271.05,0.124371
271.1,0.124408
271.15,0.124444
271.2,0.12448
271.25,0.124517
271.3,0.124553
271.35,0.12459
271.4,0.124635
271.45,0.124747
271.5,0.124858
271.55,0.12497
271.6,0.125081
271.65,0.125193
271.7,0.125304
271.75,0.125416
271.8,0.125528
271.85,0.125639
271.9,0.125751
271.95,0.125862
272,0.125974
272.05,0.126085
272.1,0.126197
272.15,0.126309
272.2,0.12642
272.25,0.126532
272.3,0.126643
272.35,0.126755
272.4,0.126866
272.45,0.126978
272.5,0.12709
272.55,0.127201
272.6,0.127313
272.65,0.127461
272.7,0.127686
272.75,0.127911
272.8,0.128136
272.85,0.128361
272.9,0.128586
272.95,0.128811
273,0.129036
273.05,0.129261
273.1,0.129486
273.15,0.129711
273.2,0.129936
273.25,0.130161
273.3,0.130386
273.35,0.130611
273.4,0.130836
273.45,0.131061
273.5,0.131286
273.55,0.131511
273.6,0.131736
273.65,0.131961
273.7,0.132186
273.75,0.132411
273.8,0.132637
273.85,0.132862
273.9,0.133066
273.95,0.13325
274,0.133435
274.05,0.133619
274.1,0.133803
274.15,0.133987
274.2,0.134171
274.25,0.134355
274.3,0.13454
274.35,0.134724
274.4,0.134908
274.45,0.135092
274.5,0.135276
274.55,0.13546
274.6,0.135645
274.65,0.135829
274.7,0.136013
274.75,0.136197
274.8,0.136381
274.85,0.136565
274.9,0.13675
274.95,0.136934
275,0.137118
275.05,0.137302
275.1,0.137486
275.15,0.137742
275.2,0.138028
275.25,0.138313
275.3,0.138599
275.35,0.138885
275.4,0.139171
275.45,0.139457
275.5,0.139743
275.55,0.140029
275.6,0.140315
275.65,0.140601
275.7,0.140886
275.75,0.141172
275.8,0.141458
275.85,0.141744
275.9,0.14203
275.95,0.142316
276,0.142602
276.05,0.142888
276.1,0.143174
276.15,0.143459
276.2,0.143745
276.25,0.144031
276.3,0.144317
276.35,0.144603
276.4,0.14498
276.45,0.14537
276.5,0.145759
276.55,0.146149
276.6,0.146538
276.65,0.146928
276.7,0.147318
276.75,0.147707
276.8,0.148097
276.85,0.148486
276.9,0.148876
276.95,0.149266
277,0.149655
277.05,0.150045
277.1,0.150435
277.15,0.150824
277.2,0.151214
277.25,0.151603
277.3,0.151993
277.35,0.152383
277.4,0.152772
277.45,0.153162
277.5,0.153551
277.55,0.153941
277.6,0.154335
277.65,0.154786
277.7,0.155237
277.75,0.155687
277.8,0.156138
277.85,0.156588
277.9,0.157039
277.95,0.157489
278,0.15794
278.05,0.158391
278.1,0.158841
278.15,0.159292
278.2,0.159742
278.25,0.160193
278.3,0.160643
278.35,0.161094
278.4,0.161545
278.45,0.161995
278.5,0.162446
278.55,0.162896
278.6,0.163347
278.65,0.163797
278.7,0.164248
278.75,0.164699
278.8,0.165149
278.85,0.165606
278.9,0.16607
278.95,0.166533
279,0.166997
279.05,0.167461
279.1,0.167925
279.15,0.168388
279.2,0.168852
279.25,0.169316
279.3,0.16978
279.35,0.170243
279.4,0.170707
279.45,0.171171
279.5,0.171635
279.55,0.172099
279.6,0.172562
279.65,0.173026
279.7,0.17349
279.75,0.173954
279.8,0.174417
279.85,0.174881
279.9,0.175345
279.95,0.175809
280,0.176272
280.05,0.176736
280.1,0.177267
280.15,0.177805
280.2,0.178343
280.25,0.178881
280.3,0.179419
280.35,0.179957
280.4,0.180495
280.45,0.181033
280.5,0.181571
280.55,0.182109
280.6,0.182647
280.65,0.183186
280.7,0.183724
280.75,0.184262
280.8,0.1848
280.85,0.185338
280.9,0.185876
280.95,0.186414
281,0.186952
281.05,0.18749
281.1,0.188028
281.15,0.188566
281.2,0.189104
281.25,0.189642
281.3,0.190196
281.35,0.19078
281.4,0.191365
281.45,0.191949
281.5,0.192533
281.55,0.193117
281.6,0.193702
281.65,0.194286
281.7,0.19487
281.75,0.195454
281.8,0.196038
281.85,0.196623
281.9,0.197207
281.95,0.197791
282,0.198375
282.05,0.19896
282.1,0.199544
282.15,0.200128
282.2,0.200712
282.25,0.201297
282.3,0.201881
282.35,0.202465
282.4,0.203049
282.45,0.203634
282.5,0.204218
282.55,0.204885
282.6,0.205579
282.65,0.206273
282.7,0.206967
282.75,0.207661
282.8,0.208355
282.85,0.209048
282.9,0.209742
282.95,0.210436
283,0.21113
283.05,0.211824
283.1,0.212518
283.15,0.213211
283.2,0.213905
283.25,0.214599
283.3,0.215293
283.35,0.215987
283.4,0.216681
283.45,0.217374
283.5,0.218068
283.55,0.218762
283.6,0.219456
283.65,0.22015
283.7,0.220844
283.75,0.221534
283.8,0.222212
283.85,0.22289
283.9,0.223569
283.95,0.224247
284,0.224925
284.05,0.225603
284.1,0.226281
284.15,0.226959
284.2,0.227637
284.25,0.228315
284.3,0.228993
284.35,0.229671
284.4,0.230349
284.45,0.231028
284.5,0.231706
284.55,0.232384
284.6,0.233062
284.65,0.23374
284.7,0.234418
284.75,0.235096
284.8,0.235774
284.85,0.236452
284.9,0.23713
284.95,0.237808
285,0.23847
285.05,0.239122
285.1,0.239774
285.15,0.240426
285.2,0.241077
285.25,0.241729
285.3,0.242381
285.35,0.243033
285.4,0.243685
285.45,0.244337
285.5,0.244988
285.55,0.24564
285.6,0.246292
285.65,0.246944
285.7,0.247596
285.75,0.248247
285.8,0.248899
285.85,0.249551
285.9,0.250203
285.95,0.250855
286,0.251506
286.05,0.252158
286.1,0.25281
286.15,0.253462
286.2,0.254117
286.25,0.254832
286.3,0.255546
286.35,0.25626
286.4,0.256975
286.45,0.257689
286.5,0.258403
286.55,0.259118
286.6,0.259832
286.65,0.260546
286.7,0.261261
286.75,0.261975
286.8,0.262689
286.85,0.263404
286.9,0.264118
286.95,0.264832
287,0.265547
287.05,0.266261
287.1,0.266975
287.15,0.26769
287.2,0.268404
287.25,0.269118
287.3,0.269833
287.35,0.270547
287.4,0.271261
287.45,0.272039
287.5,0.272896
287.55,0.273753
287.6,0.274611
287.65,0.275468
287.7,0.276326
287.75,0.277183
287.8,0.27804
287.85,0.278898
287.9,0.279755
287.95,0.280613
288,0.28147
288.05,0.282327
288.1,0.283185
288.15,0.284042
288.2,0.2849
288.25,0.285757
288.3,0.286614
288.35,0.287472
288.4,0.288329
288.45,0.289187
288.5,0.290044
288.55,0.290901
288.6,0.291759
288.65,0.292616
288.7,0.293547
288.75,0.294506
288.8,0.295464
288.85,0.296423
288.9,0.297382
288.95,0.298341
289,0.2993
289.05,0.300259
289.1,0.301218
289.15,0.302176
289.2,0.303135
289.25,0.304094
289.3,0.305053
289.35,0.306012
289.4,0.306971
289.45,0.30793
289.5,0.308889
289.55,0.309847
289.6,0.310806
289.65,0.311765
289.7,0.312724
289.75,0.313683
289.8,0.314642
289.85,0.315601
289.9,0.316559
289.95,0.317403
290,0.318247
290.05,0.31909
290.1,0.319934
290.15,0.320777
290.2,0.321621
290.25,0.322465
290.3,0.323308
290.35,0.324152
290.4,0.324995
290.45,0.325839
290.5,0.326682
290.55,0.327526
290.6,0.32837
290.65,0.329213
290.7,0.330057
290.75,0.3309
290.8,0.331744
290.85,0.332588
290.9,0.333431
290.95,0.334275
291,0.335118
291.05,0.335962
291.1,0.336806
291.15,0.33763
291.2,0.338403
291.25,0.339176
291.3,0.33995
291.35,0.340723
291.4,0.341497
291.45,0.34227
291.5,0.343044
291.55,0.343817
291.6,0.344591
291.65,0.345364
291.7,0.346138
291.75,0.346911
291.8,0.347685
291.85,0.348458
291.9,0.349232
291.95,0.350005
292,0.350779
292.05,0.351552
292.1,0.352326
292.15,0.353099
292.2,0.353873
292.25,0.354646
292.3,0.35542
292.35,0.356193
292.4,0.356974
292.45,0.357761
292.5,0.358549
292.55,0.359336
292.6,0.360123
292.65,0.36091
292.7,0.361697
292.75,0.362484
292.8,0.363272
292.85,0.364059
292.9,0.364846
292.95,0.365633
293,0.36642
293.05,0.367207
293.1,0.367995
293.15,0.368782
293.2,0.369569
293.25,0.370356
293.3,0.371143
293.35,0.371931
293.4,0.372718
293.45,0.373505
293.5,0.374292
293.55,0.375079
293.6,0.375866
293.65,0.376719
293.7,0.377582
293.75,0.378445
293.8,0.379308
293.85,0.380171
293.9,0.381034
293.95,0.381897
294,0.38276
294.05,0.383623
294.1,0.384486
294.15,0.385349
294.2,0.386212
294.25,0.387076
294.3,0.387939
294.35,0.388802
294.4,0.389665
294.45,0.390528
294.5,0.391391
294.55,0.392254
294.6,0.393117
294.65,0.39398
294.7,0.394843
294.75,0.395706
294.8,0.396569
294.85,0.397446
294.9,0.398409
294.95,0.399372
295,0.400335
295.05,0.401298
295.1,0.402261
295.15,0.403224
295.2,0.404187
295.25,0.40515
295.3,0.406113
295.35,0.407076
295.4,0.408038
295.45,0.409001
295.5,0.409964
295.55,0.410927
295.6,0.41189
295.65,0.412853
295.7,0.413816
295.75,0.414779
295.8,0.415742
295.85,0.416705
295.9,0.417668
295.95,0.418631
296,0.419594
296.05,0.420556
296.1,0.421459
296.15,0.422278
296.2,0.423096
296.25,0.423915
296.3,0.424734
296.35,0.425553
296.4,0.426371
296.45,0.42719
296.5,0.428009
296.55,0.428828
296.6,0.429647
296.65,0.430465
296.7,0.431284
296.75,0.432103
296.8,0.432922
296.85,0.43374
296.9,0.434559
296.95,0.435378
297,0.436197
297.05,0.437015
297.1,0.437834
297.15,0.438653
297.2,0.439472
297.25,0.44029
297.3,0.441109
297.35,0.441766
297.4,0.442352
297.45,0.442939
297.5,0.443526
297.55,0.444112
297.6,0.444699
297.65,0.445286
297.7,0.445872
297.75,0.446459
297.8,0.447046
297.85,0.447632
297.9,0.448219
297.95,0.448806
298,0.449392
298.05,0.449979
298.1,0.450566
298.15,0.451152
298.2,0.451739
298.25,0.452326
298.3,0.452912
298.35,0.453499
298.4,0.454086
298.45,0.454672
298.5,0.455259
298.55,0.455846
298.6,0.456338
298.65,0.456831
298.7,0.457323
298.75,0.457816
298.8,0.458308
298.85,0.458801
298.9,0.459293
298.95,0.459786
299,0.460278
299.05,0.460771
299.1,0.461263
299.15,0.461756
299.2,0.462248
299.25,0.462741
299.3,0.463233
299.35,0.463726
299.4,0.464218
299.45,0.464711
299.5,0.465203
299.55,0.465696
299.6,0.466188
299.65,0.466681
299.7,0.467173
299.75,0.467665
299.8,0.468207
299.85,0.468875
299.9,0.469543
299.95,0.470211
300,0.470879
300.05,0.471547
300.1,0.472215
300.15,0.472883
300.2,0.473551
300.25,0.474219
300.3,0.474887
300.35,0.475555
300.4,0.476223
300.45,0.476891
300.5,0.477559
300.55,0.478227
300.6,0.478895
300.65,0.479563
300.7,0.480231
300.75,0.480899
300.8,0.481567
300.85,0.482235
300.9,0.482903
300.95,0.483571
301,0.484239
301.05,0.48499
301.1,0.485807
301.15,0.486624
301.2,0.487441
301.25,0.488258
301.3,0.489074
301.35,0.489891
301.4,0.490708
301.45,0.491525
301.5,0.492342
301.55,0.493159
301.6,0.493975
301.65,0.494792
301.7,0.495609
301.75,0.496426
301.8,0.497243
301.85,0.49806
301.9,0.498877
301.95,0.499693
302,0.50051
302.05,0.501327
302.1,0.502144
302.15,0.502961
302.2,0.503778
302.25,0.504594
302.3,0.50523
302.35,0.505831
302.4,0.506432
302.45,0.507034
302.5,0.507635
302.55,0.508236
302.6,0.508837
302.65,0.509438
302.7,0.51004
302.75,0.510641
302.8,0.511242
302.85,0.511843
302.9,0.512444
302.95,0.513045
303,0.513647
303.05,0.514248
303.1,0.514849
303.15,0.51545
303.2,0.516051
303.25,0.516652
303.3,0.517254
303.35,0.517855
303.4,0.518456
303.45,0.519057
303.5,0.519613
303.55,0.519831
303.6,0.52005
303.65,0.520269
303.7,0.520488
303.75,0.520707
303.8,0.520926
303.85,0.521145
303.9,0.521363
303.95,0.521582
304,0.521801
304.05,0.52202
304.1,0.522239
304.15,0.522458
304.2,0.522676
304.25,0.522895
304.3,0.523114
304.35,0.523333
304.4,0.523552
304.45,0.523771
304.5,0.52399
304.55,0.524208
304.6,0.524427
304.65,0.524646
304.7,0.524865
304.75,0.525009
304.8,0.52505
304.85,0.525091
304.9,0.525132
304.95,0.525173
305,0.525214
305.05,0.525255
305.1,0.525296
305.15,0.525337
305.2,0.525378
305.25,0.525419
305.3,0.52546
305.35,0.525501
305.4,0.525542
305.45,0.525583
305.5,0.525624
305.55,0.525665
305.6,0.525706
305.65,0.525747
305.7,0.525787
305.75,0.525828
305.8,0.525869
305.85,0.52591
305.9,0.525951
305.95,0.525992
306,0.526058
306.05,0.526135
306.1,0.526212
306.15,0.526289
306.2,0.526366
306.25,0.526443
306.3,0.52652
306.35,0.526597
306.4,0.526674
306.45,0.526751
306.5,0.526828
306.55,0.526904
306.6,0.526981
306.65,0.527058
306.7,0.527135
306.75,0.527212
306.8,0.527289
306.85,0.527366
306.9,0.527443
306.95,0.52752
307,0.527597
307.05,0.527674
307.1,0.527751
307.15,0.527827
307.2,0.527904
307.25,0.528293
307.3,0.528687
307.35,0.529082
307.4,0.529477
307.45,0.529872
307.5,0.530267
307.55,0.530661
307.6,0.531056
307.65,0.531451
307.7,0.531846
307.75,0.53224
307.8,0.532635
307.85,0.53303
307.9,0.533425
307.95,0.53382
308,0.534214
308.05,0.534609
308.1,0.535004
308.15,0.535399
308.2,0.535793
308.25,0.536188
308.3,0.536583
308.35,0.536978
308.4,0.537373
308.45,0.537771
308.5,0.538182
308.55,0.538593
308.6,0.539004
308.65,0.539415
308.7,0.539826
308.75,0.540237
308.8,0.540648
308.85,0.541059
308.9,0.54147
308.95,0.54188
309,0.542291
309.05,0.542702
309.1,0.543113
309.15,0.543524
309.2,0.543935
309.25,0.544346
309.3,0.544757
309.35,0.545168
309.4,0.545579
309.45,0.545989
309.5,0.5464
309.55,0.546811
309.6,0.547222
309.65,0.547633
309.7,0.547899
309.75,0.54804
309.8,0.548181
309.85,0.548323
309.9,0.548464
309.95,0.548606
310,0.548747
310.05,0.548888
310.1,0.54903
310.15,0.549171
310.2,0.549313
310.25,0.549454
310.3,0.549596
310.35,0.549737
310.4,0.549878
310.45,0.55002
310.5,0.550161
310.55,0.550303
310.6,0.550444
310.65,0.550585
310.7,0.550727
310.75,0.550868
310.8,0.55101
310.85,0.551151
310.9,0.551293
310.95,0.551073
311,0.550785
311.05,0.550497
311.1,0.550209
311.15,0.549921
311.2,0.549633
311.25,0.549345
311.3,0.549057
311.35,0.548769
311.4,0.548481
311.45,0.548193
311.5,0.547905
311.55,0.547617
311.6,0.547329
311.65,0.547041
311.7,0.546753
311.75,0.546465
311.8,0.546177
311.85,0.545889
311.9,0.545601
311.95,0.545313
312,0.545025
312.05,0.544737
312.1,0.544449
312.15,0.544138
312.2,0.543655
312.25,0.543173
312.3,0.54269
312.35,0.542208
312.4,0.541725
312.45,0.541243
312.5,0.54076
312.55,0.540277
312.6,0.539795
312.65,0.539312
312.7,0.53883
312.75,0.538347
312.8,0.537864
312.85,0.537382
312.9,0.536899
312.95,0.536417
313,0.535934
313.05,0.535452
313.1,0.534969
313.15,0.534486
313.2,0.534004
313.25,0.533521
313.3,0.533039
313.35,0.532556
313.4,0.532157
313.45,0.531885
313.5,0.531612
313.55,0.53134
313.6,0.531067
313.65,0.530794
313.7,0.530522
313.75,0.530249
313.8,0.529976
313.85,0.529704
313.9,0.529431
313.95,0.529158
314,0.528886
314.05,0.528613
314.1,0.528341
314.15,0.528068
314.2,0.527795
314.25,0.527523
314.3,0.52725
314.35,0.526977
314.4,0.526705
314.45,0.526432
314.5,0.52616
314.55,0.525887
314.6,0.525614
314.65,0.525569
314.7,0.52563
314.75,0.525691
314.8,0.525753
314.85,0.525814
314.9,0.525876
314.95,0.525937
315,0.525998
315.05,0.52606
315.1,0.526121
315.15,0.526182
315.2,0.526244
315.25,0.526305
315.3,0.526366
315.35,0.526428
315.4,0.526489
315.45,0.526551
315.5,0.526612
315.55,0.526673
315.6,0.526735
315.65,0.526796
315.7,0.526857
315.75,0.526919
315.8,0.52698
315.85,0.527042
315.9,0.527255
315.95,0.527475
316,0.527694
316.05,0.527914
316.1,0.528133
316.15,0.528353
316.2,0.528573
316.25,0.528792
316.3,0.529012
316.35,0.529232
316.4,0.529451
316.45,0.529671
316.5,0.529891
316.55,0.53011
316.6,0.53033
316.65,0.53055
316.7,0.530769
316.75,0.530989
316.8,0.531209
316.85,0.531428
316.9,0.531648
316.95,0.531868
317,0.532087
317.05,0.532307
317.1,0.532454
317.15,0.532393
317.2,0.532333
317.25,0.532272
317.3,0.532211
317.35,0.532151
317.4,0.53209
317.45,0.53203
317.5,0.531969
317.55,0.531909
317.6,0.531848
317.65,0.531787
317.7,0.531727
317.75,0.531666
317.8,0.531606
317.85,0.531545
317.9,0.531485
317.95,0.531424
318,0.531363
318.05,0.531303
318.1,0.531242
318.15,0.531182
318.2,0.531121
318.25,0.53106
318.3,0.531
318.35,0.530723
318.4,0.530262
318.45,0.529801
318.5,0.52934
318.55,0.528878
318.6,0.528417
318.65,0.527956
318.7,0.527495
318.75,0.527034
318.8,0.526572
318.85,0.526111
318.9,0.52565
318.95,0.525189
319,0.524728
319.05,0.524266
319.1,0.523805
319.15,0.523344
319.2,0.522883
319.25,0.522422
319.3,0.52196
319.35,0.521499
319.4,0.521038
319.45,0.520577
319.5,0.520116
319.55,0.519654
319.6,0.519046
319.65,0.518406
319.7,0.517766
319.75,0.517126
319.8,0.516486
319.85,0.515845
319.9,0.515205
319.95,0.514565
320,0.513925
320.05,0.513285
320.1,0.512644
320.15,0.512004
320.2,0.511364
320.25,0.510724
320.3,0.510084
320.35,0.509444
320.4,0.508803
320.45,0.508163
320.5,0.507523
320.55,0.506883
320.6,0.506243
320.65,0.505602
320.7,0.504962
320.75,0.504322
320.8,0.503695
320.85,0.503192
320.9,0.502689
320.95,0.502187
321,0.501684
321.05,0.501181
321.1,0.500678
321.15,0.500175
321.2,0.499672
321.25,0.499169
321.3,0.498666
321.35,0.498163
321.4,0.49766
321.45,0.497157
321.5,0.496654
321.55,0.496151
321.6,0.495648
321.65,0.495145
321.7,0.494642
321.75,0.494139
321.8,0.493636
321.85,0.493133
321.9,0.49263
321.95,0.492127
322,0.491624
322.05,0.491216
322.1,0.490962
322.15,0.490708
322.2,0.490455
322.25,0.490201
322.3,0.489948
322.35,0.489694
322.4,0.48944
322.45,0.489187
322.5,0.488933
322.55,0.488679
322.6,0.488426
322.65,0.488172
322.7,0.487918
322.75,0.487665
322.8,0.487411
322.85,0.487157
322.9,0.486904
322.95,0.48665
323,0.486397
323.05,0.486143
323.1,0.485889
323.15,0.485636
323.2,0.485382
323.25,0.485128
323.3,0.485045
323.35,0.485041
323.4,0.485037
323.45,0.485034
323.5,0.48503
323.55,0.485027
323.6,0.485023
323.65,0.485019
323.7,0.485016
323.75,0.485012
323.8,0.485009
323.85,0.485005
323.9,0.485002
323.95,0.484998
324,0.484994
324.05,0.484991
324.1,0.484987
324.15,0.484984
324.2,0.48498
324.25,0.484976
324.3,0.484973
324.35,0.484969
324.4,0.484966
324.45,0.484962
324.5,0.484958
324.55,0.484863
324.6,0.484763
324.65,0.484663
324.7,0.484564
324.75,0.484464
324.8,0.484365
324.85,0.484265
324.9,0.484165
324.95,0.484066
325,0.483966
325.05,0.483867
325.1,0.483767
325.15,0.483667
325.2,0.483568
325.25,0.483468
325.3,0.483369
325.35,0.483269
325.4,0.483169
325.45,0.48307
325.5,0.48297
325.55,0.482871
325.6,0.482771
325.65,0.482671
325.7,0.482572
325.75,0.482417
325.8,0.482089
325.85,0.481761
325.9,0.481433
325.95,0.481105
326,0.480777
326.05,0.480449
326.1,0.480121
326.15,0.479793
326.2,0.479465
326.25,0.479136
326.3,0.478808
326.35,0.47848
326.4,0.478152
326.45,0.477824
326.5,0.477496
326.55,0.477168
326.6,0.47684
326.65,0.476512
326.7,0.476184
326.75,0.475855
326.8,0.475527
326.85,0.475199
326.9,0.474871
326.95,0.474543
327,0.474124
327.05,0.473622
327.1,0.47312
327.15,0.472617
327.2,0.472115
327.25,0.471613
327.3,0.47111
327.35,0.470608
327.4,0.470105
327.45,0.469603
327.5,0.469101
327.55,0.468598
327.6,0.468096
327.65,0.467593
327.7,0.467091
327.75,0.466589
327.8,0.466086
327.85,0.465584
327.9,0.465082
327.95,0.464579
328,0.464077
328.05,0.463574
328.1,0.463072
328.15,0.46257
328.2,0.462067
328.25,0.461573
328.3,0.46108
328.35,0.460587
328.4,0.460095
328.45,0.459602
328.5,0.45911
328.55,0.458617
328.6,0.458124
328.65,0.457632
328.7,0.457139
328.75,0.456646
328.8,0.456154
328.85,0.455661
328.9,0.455168
328.95,0.454676
329,0.454183
329.05,0.45369
329.1,0.453198
329.15,0.452705
329.2,0.452212
329.25,0.45172
329.3,0.451227
329.35,0.450735
329.4,0.450242
329.45,0.449775
329.5,0.449536
329.55,0.449297
329.6,0.449059
329.65,0.44882
329.7,0.448582
329.75,0.448343
329.8,0.448104
329.85,0.447866
329.9,0.447627
329.95,0.447389
330,0.44715
330.05,0.446911
330.1,0.446673
330.15,0.446434
330.2,0.446196
330.25,0.445957
330.3,0.445719
330.35,0.44548
330.4,0.445241
330.45,0.445003
330.5,0.444764
330.55,0.444526
330.6,0.444287
330.65,0.444048
330.7,0.443828
330.75,0.443639
330.8,0.44345
330.85,0.44326
330.9,0.443071
330.95,0.442881
331,0.442692
331.05,0.442502
331.1,0.442313
331.15,0.442123
331.2,0.441934
331.25,0.441744
331.3,0.441555
331.35,0.441365
331.4,0.441176
331.45,0.440986
331.5,0.440797
331.55,0.440608
331.6,0.440418
331.65,0.440229
331.7,0.440039
331.75,0.43985
331.8,0.43966
331.85,0.439471
331.9,0.439281
331.95,0.439207
332,0.439192
332.05,0.439177
332.1,0.439162
332.15,0.439147
332.2,0.439132
332.25,0.439117
332.3,0.439102
332.35,0.439087
332.4,0.439072
332.45,0.439057
332.5,0.439042
332.55,0.439027
332.6,0.439012
332.65,0.438997
332.7,0.438982
332.75,0.438968
332.8,0.438953
332.85,0.438938
332.9,0.438923
332.95,0.438908
333,0.438893
333.05,0.438878
333.1,0.438863
333.15,0.438848
333.2,0.438701
333.25,0.438545
333.3,0.438389
333.35,0.438233
333.4,0.438078
333.45,0.437922
333.5,0.437766
333.55,0.43761
333.6,0.437455
333.65,0.437299
333.7,0.437143
333.75,0.436987
333.8,0.436832
333.85,0.436676
333.9,0.43652
333.95,0.436364
334,0.436209
334.05,0.436053
334.1,0.435897
334.15,0.435741
334.2,0.435586
334.25,0.43543
334.3,0.435274
334.35,0.435118
334.4,0.434964
334.45,0.434814
334.5,0.434664
334.55,0.434515
334.6,0.434365
334.65,0.434216
334.7,0.434066
334.75,0.433917
334.8,0.433767
334.85,0.433617
334.9,0.433468
334.95,0.433318
335,0.433169
335.05,0.433019
335.1,0.432869
335.15,0.43272
335.2,0.43257
335.25,0.432421
335.3,0.432271
335.35,0.432122
335.4,0.431972
335.45,0.431822
335.5,0.431673
335.55,0.431523
335.6,0.431374
335.65,0.431197
335.7,0.430974
335.75,0.43075
335.8,0.430526
335.85,0.430303
335.9,0.430079
335.95,0.429855
336,0.429632
336.05,0.429408
336.1,0.429184
336.15,0.428961
336.2,0.428737
336.25,0.428513
336.3,0.42829
336.35,0.428066
336.4,0.427842
336.45,0.427618
336.5,0.427395
336.55,0.427171
336.6,0.426947
336.65,0.426724
336.7,0.4265
336.75,0.426276
336.8,0.426053
336.85,0.425829
336.9,0.425612
336.95,0.425401
337,0.425189
337.05,0.424977
337.1,0.424765
337.15,0.424554
337.2,0.424342
337.25,0.42413
337.3,0.423919
337.35,0.423707
337.4,0.423495
337.45,0.423283
337.5,0.423072
337.55,0.42286
337.6,0.422648
337.65,0.422437
337.7,0.422225
337.75,0.422013
337.8,0.421801
337.85,0.42159
337.9,0.421378
337.95,0.421166
338,0.420955
338.05,0.420743
338.1,0.420531
338.15,0.420371
338.2,0.420225
338.25,0.420078
338.3,0.419932
338.35,0.419786
338.4,0.41964
338.45,0.419494
338.5,0.419348
338.55,0.419202
338.6,0.419056
338.65,0.418909
338.7,0.418763
338.75,0.418617
338.8,0.418471
338.85,0.418325
338.9,0.418179
338.95,0.418033
339,0.417887
339.05,0.417741
339.1,0.417594
339.15,0.417448
339.2,0.417302
339.25,0.417156
339.3,0.41701
339.35,0.416864
339.4,0.416765
339.45,0.416668
339.5,0.41657
339.55,0.416473
339.6,0.416375
339.65,0.416278
339.7,0.41618
339.75,0.416083
339.8,0.415985
339.85,0.415888
339.9,0.41579
339.95,0.415693
340,0.415595
340.05,0.415498
340.1,0.4154
340.15,0.415303
340.2,0.415205
340.25,0.415108
340.3,0.41501
340.35,0.414913
340.4,0.414815
340.45,0.414718
340.5,0.41462
340.55,0.414523
340.6,0.414421
340.65,0.414301
340.7,0.414181
340.75,0.414061
340.8,0.413941
340.85,0.413821
340.9,0.413701
340.95,0.413581
341,0.413461
341.05,0.413341
341.1,0.413221
341.15,0.413101
341.2,0.412981
341.25,0.412861
341.3,0.412741
341.35,0.412621
341.4,0.412501
341.45,0.412381
341.5,0.412261
341.55,0.412141
341.6,0.412021
341.65,0.411901
341.7,0.411781
341.75,0.411662
341.8,0.411542
341.85,0.411441
341.9,0.41137
341.95,0.411298
342,0.411227
342.05,0.411156
342.1,0.411085
342.15,0.411013
342.2,0.410942
342.25,0.410871
342.3,0.410799
342.35,0.410728
342.4,0.410657
342.45,0.410585
342.5,0.410514
342.55,0.410443
342.6,0.410372
342.65,0.4103
342.7,0.410229
342.75,0.410158
342.8,0.410086
342.85,0.410015
342.9,0.409944
342.95,0.409872
343,0.409801
343.05,0.40973
343.1,0.409665
343.15,0.409605
343.2,0.409545
343.25,0.409484
343.3,0.409424
343.35,0.409364
343.4,0.409303
343.45,0.409243
343.5,0.409183
343.55,0.409123
343.6,0.409062
343.65,0.409002
343.7,0.408942
343.75,0.408881
343.8,0.408821
343.85,0.408761
343.9,0.4087
343.95,0.40864
344,0.40858
344.05,0.408519
344.1,0.408459
344.15,0.408399
344.2,0.408338
344.25,0.408278
344.3,0.408218
344.35,0.40813
344.4,0.408037
344.45,0.407943
344.5,0.407849
344.55,0.407756
344.6,0.407662
344.65,0.407569
344.7,0.407475
344.75,0.407382
344.8,0.407288
344.85,0.407195
344.9,0.407101
344.95,0.407007
345,0.406914
345.05,0.40682
345.1,0.406727
345.15,0.406633
345.2,0.40654
345.25,0.406446
345.3,0.406352
345.35,0.406259
345.4,0.406165
345.45,0.406072
345.5,0.405978
345.55,0.405883
345.6,0.405761
345.65,0.405639
345.7,0.405517
345.75,0.405395
345.8,0.405273
345.85,0.405151
345.9,0.40503
345.95,0.404908
346,0.404786
346.05,0.404664
346.1,0.404542
346.15,0.40442
346.2,0.404298
346.25,0.404176
346.3,0.404054
346.35,0.403932
346.4,0.40381
346.45,0.403689
346.5,0.403567
346.55,0.403445
346.6,0.403323
346.65,0.403201
346.7,0.403079
346.75,0.402957
346.8,0.402823
346.85,0.402663
346.9,0.402502
346.95,0.402342
347,0.402181
347.05,0.402021
347.1,0.401861
347.15,0.4017
347.2,0.40154
347.25,0.401379
347.3,0.401219
347.35,0.401059
347.4,0.400898
347.45,0.400738
347.5,0.400578
347.55,0.400417
347.6,0.400257
347.65,0.400096
347.7,0.399936
347.75,0.399776
347.8,0.399615
347.85,0.399455
347.9,0.399294
347.95,0.399134
348,0.398974
348.05,0.398821
348.1,0.398673
348.15,0.398525
348.2,0.398377
348.25,0.39823
348.3,0.398082
348.35,0.397934
348.4,0.397787
348.45,0.397639
348.5,0.397491
348.55,0.397344
348.6,0.397196
348.65,0.397048
348.7,0.3969
348.75,0.396753
348.8,0.396605
348.85,0.396457
348.9,0.39631
348.95,0.396162
349,0.396014
349.05,0.395867
349.1,0.395719
349.15,0.395571
349.2,0.395423
349.25,0.395276
349.3,0.395123
349.35,0.394969
349.4,0.394815
349.45,0.394661
349.5,0.394507
349.55,0.394353
349.6,0.394199
349.65,0.394045
349.7,0.393891
349.75,0.393737
349.8,0.393583
349.85,0.393429
349.9,0.393275
349.95,0.393121
350,0.392967
350.05,0.392813
350.1,0.392659
350.15,0.392505
350.2,0.392351
350.25,0.392197
350.3,0.392043
350.35,0.391889
350.4,0.391735
350.45,0.391581
350.5,0.39142
350.55,0.391208
350.6,0.390997
350.65,0.390785
350.7,0.390573
350.75,0.390361
350.8,0.39015
350.85,0.389938
350.9,0.389726
350.95,0.389515
351,0.389303
351.05,0.389091
351.1,0.388879
351.15,0.388668
351.2,0.388456
351.25,0.388244
351.3,0.388033
351.35,0.387821
351.4,0.387609
351.45,0.387397
351.5,0.387186
351.55,0.386974
351.6,0.386762
351.65,0.386551
351.7,0.386339
351.75,0.38613
351.8,0.385924
351.85,0.385719
351.9,0.385514
351.95,0.385308
352,0.385103
352.05,0.384898
352.1,0.384693
352.15,0.384487
352.2,0.384282
352.25,0.384077
352.3,0.383872
352.35,0.383666
352.4,0.383461
352.45,0.383256
352.5,0.383051
352.55,0.382845
352.6,0.38264
352.65,0.382435
352.7,0.382229
352.75,0.382024
352.8,0.381819
352.85,0.381614
352.9,0.381408
352.95,0.381203
353,0.380962
353.05,0.380701
353.1,0.380441
353.15,0.380181
353.2,0.379921
353.25,0.37966
353.3,0.3794
353.35,0.37914
353.4,0.37888
353.45,0.37862
353.5,0.378359
353.55,0.378099
353.6,0.377839
353.65,0.377579
353.7,0.377318
353.75,0.377058
353.8,0.376798
353.85,0.376538
353.9,0.376278
353.95,0.376017
354,0.375757
354.05,0.375497
354.1,0.375237
354.15,0.374976
354.2,0.374716
354.25,0.374486
354.3,0.374258
354.35,0.374031
354.4,0.373803
354.45,0.373576
354.5,0.373348
354.55,0.37312
354.6,0.372893
354.65,0.372665
354.7,0.372438
354.75,0.37221
354.8,0.371983
354.85,0.371755
354.9,0.371527
354.95,0.3713
355,0.371072
355.05,0.370845
355.1,0.370617
355.15,0.370389
355.2,0.370162
355.25,0.369934
355.3,0.369707
355.35,0.369479
355.4,0.369252
355.45,0.368986
355.5,0.368569
355.55,0.368152
355.6,0.367735
355.65,0.367317
355.7,0.3669
355.75,0.366483
355.8,0.366066
355.85,0.365649
355.9,0.365232
355.95,0.364815
356,0.364397
356.05,0.36398
356.1,0.363563
356.15,0.363146
356.2,0.362729
356.25,0.362312
356.3,0.361894
356.35,0.361477
356.4,0.36106
356.45,0.360643
356.5,0.360226
356.55,0.359809
356.6,0.359391
356.65,0.358974
356.7,0.358617
356.75,0.358331
356.8,0.358045
356.85,0.357759
356.9,0.357473
356.95,0.357187
357,0.356901
357.05,0.356615
357.1,0.356329
357.15,0.356043
357.2,0.355757
357.25,0.355471
357.3,0.355185
357.35,0.354899
357.4,0.354613
357.45,0.354327
357.5,0.354041
357.55,0.353755
357.6,0.353469
357.65,0.353182
357.7,0.352896
357.75,0.35261
357.8,0.352324
357.85,0.352038
357.9,0.351752
357.95,0.35146
358,0.351166
358.05,0.350872
358.1,0.350578
358.15,0.350283
358.2,0.349989
358.25,0.349695
358.3,0.349401
358.35,0.349106
358.4,0.348812
358.45,0.348518
358.5,0.348224
358.55,0.347929
358.6,0.347635
358.65,0.347341
358.7,0.347047
358.75,0.346752
358.8,0.346458
358.85,0.346164
358.9,0.34587
358.95,0.345575
359,0.345281
359.05,0.344987
359.1,0.344693
359.15,0.344398
359.2,0.343924
359.25,0.343449
359.3,0.342974
359.35,0.342499
359.4,0.342024
359.45,0.341549
359.5,0.341075
359.55,0.3406
359.6,0.340125
359.65,0.33965
359.7,0.339175
359.75,0.3387
359.8,0.338226
359.85,0.337751
359.9,0.337276
359.95,0.336801
360,0.336326
360.05,0.335851
360.1,0.335377
360.15,0.334902
360.2,0.334427
360.25,0.333952
360.3,0.333477
360.35,0.333002
360.4,0.332543
360.45,0.332129
360.5,0.331715
360.55,0.331301
360.6,0.330887
360.65,0.330473
360.7,0.330058
360.75,0.329644
360.8,0.32923
360.85,0.328816
360.9,0.328402
360.95,0.327988
361,0.327574
361.05,0.32716
361.1,0.326745
361.15,0.326331
361.2,0.325917
361.25,0.325503
361.3,0.325089
361.35,0.324675
361.4,0.324261
361.45,0.323847
361.5,0.323432
361.55,0.323018
361.6,0.322604
361.65,0.322186
361.7,0.321766
361.75,0.321345
361.8,0.320924
361.85,0.320504
361.9,0.320083
361.95,0.319663
362,0.319242
362.05,0.318822
362.1,0.318401
362.15,0.317981
362.2,0.31756
362.25,0.317139
362.3,0.316719
362.35,0.316298
362.4,0.315878
362.45,0.315457
362.5,0.315037
362.55,0.314616
362.6,0.314195
362.65,0.313775
362.7,0.313354
362.75,0.312934
362.8,0.312513
362.85,0.312093
362.9,0.311746
362.95,0.311399
363,0.311052
363.05,0.310705
363.1,0.310358
363.15,0.310012
363.2,0.309665
363.25,0.309318
363.3,0.308971
363.35,0.308624
363.4,0.308277
363.45,0.30793
363.5,0.307584
363.55,0.307237
363.6,0.30689
363.65,0.306543
363.7,0.306196
363.75,0.305849
363.8,0.305502
363.85,0.305156
363.9,0.304809
363.95,0.304462
364,0.304115
364.05,0.303768
364.1,0.303407
364.15,0.303022
364.2,0.302637
364.25,0.302252
364.3,0.301867
364.35,0.301482
364.4,0.301097
364.45,0.300712
364.5,0.300327
364.55,0.299942
364.6,0.299558
364.65,0.299173
364.7,0.298788
364.75,0.298403
364.8,0.298018
364.85,0.297633
364.9,0.297248
364.95,0.296863
365,0.296478
365.05,0.296093
365.1,0.295708
365.15,0.295323
365.2,0.294938
365.25,0.294553
365.3,0.294168
365.35,0.293755
365.4,0.293333
365.45,0.292911
365.5,0.29249
365.55,0.292068
365.6,0.291646
365.65,0.291225
365.7,0.290803
365.75,0.290381
365.8,0.289959
365.85,0.289538
365.9,0.289116
365.95,0.288694
366,0.288272
366.05,0.287851
366.1,0.287429
366.15,0.287007
366.2,0.286586
366.25,0.286164
366.3,0.285742
366.35,0.28532
366.4,0.284899
366.45,0.284477
366.5,0.284055
366.55,0.283619
366.6,0.283119
366.65,0.282618
366.7,0.282117
366.75,0.281616
366.8,0.281116
366.85,0.280615
366.9,0.280114
366.95,0.279613
367,0.279113
367.05,0.278612
367.1,0.278111
367.15,0.27761
367.2,0.27711
367.25,0.276609
367.3,0.276108
367.35,0.275607
367.4,0.275107
367.45,0.274606
367.5,0.274105
367.55,0.273604
367.6,0.273104
367.65,0.272603
367.7,0.272102
367.75,0.271601
367.8,0.2712
367.85,0.270876
367.9,0.270553
367.95,0.270229
368,0.269906
368.05,0.269582
368.1,0.269258
368.15,0.268935
368.2,0.268611
368.25,0.268288
368.3,0.267964
368.35,0.267641
368.4,0.267317
368.45,0.266994
368.5,0.26667
368.55,0.266347
368.6,0.266023
368.65,0.2657
368.7,0.265376
368.75,0.265053
368.8,0.264729
368.85,0.264405
368.9,0.264082
368.95,0.263758
369,0.263435
369.05,0.262874
369.1,0.262304
369.15,0.261733
369.2,0.261163
369.25,0.260593
369.3,0.260022
369.35,0.259452
369.4,0.258881
369.45,0.258311
369.5,0.25774
369.55,0.25717
369.6,0.2566
369.65,0.256029
369.7,0.255459
369.75,0.254888
369.8,0.254318
369.85,0.253747
369.9,0.253177
369.95,0.252607
370,0.252036
370.05,0.251466
370.1,0.250895
370.15,0.250325
370.2,0.249754
370.25,0.249253
370.3,0.248875
370.35,0.248497
370.4,0.24812
370.45,0.247742
370.5,0.247364
370.55,0.246986
370.6,0.246608
370.65,0.24623
370.7,0.245852
370.75,0.245474
370.8,0.245097
370.85,0.244719
370.9,0.244341
370.95,0.243963
371,0.243585
371.05,0.243207
371.1,0.242829
371.15,0.242451
371.2,0.242074
371.25,0.241696
371.3,0.241318
371.35,0.24094
371.4,0.240562
371.45,0.240184
371.5,0.239802
371.55,0.239419
371.6,0.239036
371.65,0.238652
371.7,0.238269
371.75,0.237885
371.8,0.237502
371.85,0.237119
371.9,0.236735
371.95,0.236352
372,0.235969
372.05,0.235585
372.1,0.235202
372.15,0.234819
372.2,0.234435
372.25,0.234052
372.3,0.233669
372.35,0.233285
372.4,0.232902
372.45,0.232519
372.5,0.232135
372.55,0.231752
372.6,0.231369
372.65,0.230985
372.7,0.230594
372.75,0.230151
372.8,0.229709
372.85,0.229266
372.9,0.228824
372.95,0.228381
373,0.227939
373.05,0.227496
373.1,0.227054
373.15,0.226612
373.2,0.226169
373.25,0.225727
373.3,0.225284
373.35,0.224842
373.4,0.224399
373.45,0.223957
373.5,0.223514
373.55,0.223072
373.6,0.222629
373.65,0.222187
373.7,0.221745
373.75,0.221302
373.8,0.22086
373.85,0.220417
373.9,0.219975
373.95,0.219511
374,0.219029
374.05,0.218548
374.1,0.218066
374.15,0.217584
374.2,0.217103
374.25,0.216621
374.3,0.216139
374.35,0.215657
374.4,0.215176
374.45,0.214694
374.5,0.214212
374.55,0.213731
374.6,0.213249
374.65,0.212767
374.7,0.212285
374.75,0.211804
374.8,0.211322
374.85,0.21084
374.9,0.210358
374.95,0.209877
375,0.209395
375.05,0.208913
375.1,0.208432
375.15,0.20795
375.2,0.207609
375.25,0.207277
375.3,0.206945
375.35,0.206612
375.4,0.20628
375.45,0.205948
375.5,0.205616
375.55,0.205284
375.6,0.204952
375.65,0.20462
375.7,0.204288
375.75,0.203956
375.8,0.203623
375.85,0.203291
375.9,0.202959
375.95,0.202627
376,0.202295
376.05,0.201963
376.1,0.201631
376.15,0.201299
376.2,0.200967
376.25,0.200634
376.3,0.200302
376.35,0.19997
376.4,0.199594
376.45,0.199126
376.5,0.198658
376.55,0.198189
376.6,0.197721
376.65,0.197253
376.7,0.196784
376.75,0.196316
376.8,0.195848
376.85,0.195379
376.9,0.194911
376.95,0.194443
377,0.193974
377.05,0.193506
377.1,0.193038
377.15,0.192569
377.2,0.192101
377.25,0.191633
377.3,0.191164
377.35,0.190696
377.4,0.190228
377.45,0.189759
377.5,0.189291
377.55,0.188823
377.6,0.188354
377.65,0.187939
377.7,0.187545
377.75,0.18715
377.8,0.186756
377.85,0.186361
377.9,0.185966
377.95,0.185572
378,0.185177
378.05,0.184783
378.1,0.184388
378.15,0.183994
378.2,0.183599
378.25,0.183205
378.3,0.18281
378.35,0.182416
378.4,0.182021
378.45,0.181627
378.5,0.181232
378.55,0.180837
378.6,0.180443
378.65,0.180048
378.7,0.179654
378.75,0.179259
378.8,0.178865
378.85,0.178474
378.9,0.178108
378.95,0.177743
379,0.177377
379.05,0.177011
379.1,0.176646
379.15,0.17628
379.2,0.175915
379.25,0.175549
379.3,0.175183
379.35,0.174818
379.4,0.174452
379.45,0.174087
379.5,0.173721
379.55,0.173355
379.6,0.17299
379.65,0.172624
379.7,0.172259
379.75,0.171893
379.8,0.171527
379.85,0.171162
379.9,0.170796
379.95,0.170431
380,0.170065
380.05,0.169699
380.1,0.169301
380.15,0.16887
380.2,0.168438
380.25,0.168007
380.3,0.167576
380.35,0.167144
380.4,0.166713
380.45,0.166281
380.5,0.16585
380.55,0.165419
380.6,0.164987
380.65,0.164556
380.7,0.164125
380.75,0.163693
380.8,0.163262
380.85,0.16283
380.9,0.162399
380.95,0.161968
381,0.161536
381.05,0.161105
381.1,0.160674
381.15,0.160242
381.2,0.159811
381.25,0.15938
381.3,0.158948
381.35,0.158549
381.4,0.158154
381.45,0.157759
381.5,0.157364
381.55,0.156968
381.6,0.156573
381.65,0.156178
381.7,0.155783
381.75,0.155388
381.8,0.154992
381.85,0.154597
381.9,0.154202
381.95,0.153807
382,0.153411
382.05,0.153016
382.1,0.152621
382.15,0.152226
382.2,0.151831
382.25,0.151435
382.3,0.15104
382.35,0.150645
382.4,0.15025
382.45,0.149855
382.5,0.149459
382.55,0.149079
382.6,0.148734
382.65,0.148389
382.7,0.148043
382.75,0.147698
382.8,0.147353
382.85,0.147007
382.9,0.146662
382.95,0.146317
383,0.145971
383.05,0.145626
383.1,0.145281
383.15,0.144936
383.2,0.14459
383.25,0.144245
383.3,0.1439
383.35,0.143554
383.4,0.143209
383.45,0.142864
383.5,0.142519
383.55,0.142173
383.6,0.141828
383.65,0.141483
383.7,0.141137
383.75,0.140792
383.8,0.140509
383.85,0.140256
383.9,0.140002
383.95,0.139748
384,0.139495
384.05,0.139241
384.1,0.138988
384.15,0.138734
384.2,0.13848
384.25,0.138227
384.3,0.137973
384.35,0.13772
384.4,0.137466
384.45,0.137212
384.5,0.136959
384.55,0.136705
384.6,0.136452
384.65,0.136198
384.7,0.135945
384.75,0.135691
384.8,0.135437
384.85,0.135184
384.9,0.13493
384.95,0.134677
385,0.134417
385.05,0.134093
385.1,0.133769
385.15,0.133445
385.2,0.13312
385.25,0.132796
385.3,0.132472
385.35,0.132148
385.4,0.131823
385.45,0.131499
385.5,0.131175
385.55,0.130851
385.6,0.130527
385.65,0.130202
385.7,0.129878
385.75,0.129554
385.8,0.12923
385.85,0.128905
385.9,0.128581
385.95,0.128257
386,0.127933
386.05,0.127608
386.1,0.127284
386.15,0.12696
386.2,0.126636
386.25,0.126306
386.3,0.12595
386.35,0.125595
386.4,0.125239
386.45,0.124884
386.5,0.124528
386.55,0.124172
386.6,0.123817
386.65,0.123461
386.7,0.123106
386.75,0.12275
386.8,0.122394
386.85,0.122039
386.9,0.121683
386.95,0.121328
387,0.120972
387.05,0.120617
387.1,0.120261
387.15,0.119905
387.2,0.11955
387.25,0.119194
387.3,0.118839
387.35,0.118483
387.4,0.118128
387.45,0.117772
387.5,0.117429
387.55,0.117156
387.6,0.116883
387.65,0.116609
387.7,0.116336
387.75,0.116063
387.8,0.115789
387.85,0.115516
387.9,0.115243
387.95,0.114969
388,0.114696
388.05,0.114422
388.1,0.114149
388.15,0.113876
388.2,0.113602
388.25,0.113329
388.3,0.113056
388.35,0.112782
388.4,0.112509
388.45,0.112236
388.5,0.111962
388.55,0.111689
388.6,0.111415
388.65,0.111142
388.7,0.110869
388.75,0.110571
388.8,0.110145
388.85,0.109719
388.9,0.109292
388.95,0.108866
389,0.10844
389.05,0.108014
389.1,0.107588
389.15,0.107162
389.2,0.106736
389.25,0.106309
389.3,0.105883
389.35,0.105457
389.4,0.105031
389.45,0.104605
389.5,0.104179
389.55,0.103752
389.6,0.103326
389.65,0.1029
389.7,0.102474
389.75,0.102048
389.8,0.101622
389.85,0.101195
389.9,0.100769
389.95,0.100343
390,0.099944
390.05,0.099712
390.1,0.099479
390.15,0.099247
390.2,0.099015
390.25,0.098782
390.3,0.09855
390.35,0.098317
390.4,0.098085
390.45,0.097853
390.5,0.09762
390.55,0.097388
390.6,0.097156
390.65,0.096923
390.7,0.096691
390.75,0.096458
390.8,0.096226
390.85,0.095994
390.9,0.095761
390.95,0.095529
391,0.095297
391.05,0.095064
391.1,0.094832
391.15,0.0946
391.2,0.094367
391.25,0.094132
391.3,0.093879
391.35,0.093625
391.4,0.093372
391.45,0.093118
391.5,0.092865
391.55,0.092611
391.6,0.092358
391.65,0.092104
391.7,0.091851
391.75,0.091597
391.8,0.091344
391.85,0.09109
391.9,0.090837
391.95,0.090583
392,0.09033
392.05,0.090076
392.1,0.089823
392.15,0.089569
392.2,0.089316
392.25,0.089062
392.3,0.088809
392.35,0.088555
392.4,0.088302
392.45,0.088048
392.5,0.087789
392.55,0.087487
392.6,0.087185
392.65,0.086882
392.7,0.08658
392.75,0.086278
392.8,0.085976
392.85,0.085674
392.9,0.085372
392.95,0.085069
393,0.084767
393.05,0.084465
393.1,0.084163
393.15,0.083861
393.2,0.083559
393.25,0.083257
393.3,0.082954
393.35,0.082652
393.4,0.08235
393.45,0.082048
393.5,0.081746
393.55,0.081444
393.6,0.081141
393.65,0.080839
393.7,0.080537
393.75,0.080248
393.8,0.080077
393.85,0.079905
393.9,0.079734
393.95,0.079562
394,0.079391
394.05,0.07922
394.1,0.079048
394.15,0.078877
394.2,0.078705
394.25,0.078534
394.3,0.078363
394.35,0.078191
394.4,0.07802
394.45,0.077848
394.5,0.077677
394.55,0.077506
394.6,0.077334
394.65,0.077163
394.7,0.076991
394.75,0.07682
394.8,0.076649
394.85,0.076477
394.9,0.076306
394.95,0.076134
395,0.075959
395.05,0.075751
395.1,0.075543
395.15,0.075335
395.2,0.075127
395.25,0.074919
395.3,0.074711
395.35,0.074503
395.4,0.074295
395.45,0.074087
395.5,0.073879
395.55,0.073671
395.6,0.073463
395.65,0.073255
395.7,0.073047
395.75,0.072839
395.8,0.072631
395.85,0.072423
395.9,0.072215
395.95,0.072007
396,0.071799
396.05,0.071591
396.1,0.071383
396.15,0.071175
396.2,0.070967
396.25,0.070761
396.3,0.070581
396.35,0.0704
396.4,0.07022
396.45,0.07004
396.5,0.06986
396.55,0.069679
396.6,0.069499
396.65,0.069319
396.7,0.069139
396.75,0.068958
396.8,0.068778
396.85,0.068598
396.9,0.068418
396.95,0.068237
397,0.068057
397.05,0.067877
397.1,0.067697
397.15,0.067517
397.2,0.067336
397.25,0.067156
397.3,0.066976
397.35,0.066796
397.4,0.066615
397.45,0.066435
397.5,0.066256
397.55,0.066093
397.6,0.065931
397.65,0.065768
397.7,0.065605
397.75,0.065443
397.8,0.06528
397.85,0.065117
397.9,0.064955
397.95,0.064792
398,0.06463
398.05,0.064467
398.1,0.064304
398.15,0.064142
398.2,0.063979
398.25,0.063816
398.3,0.063654
398.35,0.063491
398.4,0.063329
398.45,0.063166
398.5,0.063003
398.55,0.062841
398.6,0.062678
398.65,0.062515
398.7,0.062353
398.75,0.062191
398.8,0.062036
398.85,0.061882
398.9,0.061728
398.95,0.061573
399,0.061419
399.05,0.061265
399.1,0.06111
399.15,0.060956
399.2,0.060802
399.25,0.060647
399.3,0.060493
399.35,0.060339
399.4,0.060184
399.45,0.06003
399.5,0.059876
399.55,0.059721
399.6,0.059567
399.65,0.059413
399.7,0.059258
399.75,0.059104
399.8,0.05895
399.85,0.058795
399.9,0.058641
399.95,0.058487
400,0.058333
400.05,0.058182
400.1,0.058031
400.15,0.057881
400.2,0.05773
400.25,0.057579
400.3,0.057429
400.35,0.057278
400.4,0.057128
400.45,0.056977
400.5,0.056826
400.55,0.056676
400.6,0.056525
400.65,0.056375
400.7,0.056224
400.75,0.056073
400.8,0.055923
400.85,0.055772
400.9,0.055621
400.95,0.055471
401,0.05532
401.05,0.05517
401.1,0.055019
401.15,0.054868
401.2,0.054718
401.25,0.054568
401.3,0.054432
401.35,0.054296
401.4,0.054161
401.45,0.054025
401.5,0.053889
401.55,0.053754
401.6,0.053618
401.65,0.053482
401.7,0.053347
401.75,0.053211
401.8,0.053075
401.85,0.05294
401.9,0.052804
401.95,0.052668
402,0.052533
402.05,0.052397
402.1,0.052261
402.15,0.052126
402.2,0.05199
402.25,0.051854
402.3,0.051719
402.35,0.051583
402.4,0.051447
402.45,0.051312
402.5,0.051176
402.55,0.051052
402.6,0.050928
402.65,0.050804
402.7,0.050679
402.75,0.050555
402.8,0.050431
402.85,0.050307
402.9,0.050183
402.95,0.050058
403,0.049934
403.05,0.04981
403.1,0.049686
403.15,0.049562
403.2,0.049437
403.25,0.049313
403.3,0.049189
403.35,0.049065
403.4,0.048941
403.45,0.048816
403.5,0.048692
403.55,0.048568
403.6,0.048444
403.65,0.04832
403.7,0.048195
403.75,0.048071
403.8,0.047966
403.85,0.04786
403.9,0.047755
403.95,0.047649
404,0.047544
404.05,0.047438
404.1,0.047333
404.15,0.047227
404.2,0.047122
404.25,0.047016
404.3,0.046911
404.35,0.046805
404.4,0.0467
404.45,0.046594
404.5,0.046489
404.55,0.046384
404.6,0.046278
404.65,0.046173
404.7,0.046067
404.75,0.045962
404.8,0.045856
404.85,0.045751
404.9,0.045645
404.95,0.04554
405,0.045434
405.05,0.04533
405.1,0.045225
405.15,0.04512
405.2,0.045016
405.25,0.044911
405.3,0.044806
405.35,0.044702
405.4,0.044597
405.45,0.044492
405.5,0.044388
405.55,0.044283
405.6,0.044178
405.65,0.044074
405.7,0.043969
405.75,0.043864
405.8,0.04376
405.85,0.043655
405.9,0.04355
405.95,0.043446
406,0.043341
406.05,0.043236
406.1,0.043132
406.15,0.043027
406.2,0.042922
406.25,0.042817
406.3,0.042715
406.35,0.042613
406.4,0.04251
406.45,0.042408
406.5,0.042306
406.55,0.042203
406.6,0.042101
406.65,0.041999
406.7,0.041896
406.75,0.041794
406.8,0.041692
406.85,0.041589
406.9,0.041487
406.95,0.041385
407,0.041282
407.05,0.04118
407.1,0.041078
407.15,0.040975
407.2,0.040873
407.25,0.04077
407.3,0.040668
407.35,0.040566
407.4,0.040463
407.45,0.040361
407.5,0.040259
407.55,0.040191
407.6,0.040124
407.65,0.040057
407.7,0.039991
407.75,0.039924
407.8,0.039857
407.85,0.039791
407.9,0.039724
407.95,0.039657
408,0.039591
408.05,0.039524
408.1,0.039457
408.15,0.039391
408.2,0.039324
408.25,0.039257
408.3,0.039191
408.35,0.039124
408.4,0.039057
408.45,0.038991
408.5,0.038924
408.55,0.038857
408.6,0.038791
408.65,0.038724
408.7,0.038657
408.75,0.038591
408.8,0.038521
408.85,0.038452
408.9,0.038383
408.95,0.038314
409,0.038244
409.05,0.038175
409.1,0.038106
409.15,0.038037
409.2,0.037967
409.25,0.037898
409.3,0.037829
409.35,0.03776
409.4,0.03769
409.45,0.037621
409.5,0.037552
409.55,0.037483
409.6,0.037413
409.65,0.037344
409.7,0.037275
409.75,0.037206
409.8,0.037136
409.85,0.037067
409.9,0.036998
409.95,0.036929
410,0.036859
410.05,0.036788
410.1,0.036716
410.15,0.036644
410.2,0.036572
410.25,0.036501
410.3,0.036429
410.35,0.036357
410.4,0.036285
410.45,0.036214
410.5,0.036142
410.55,0.03607
410.6,0.035998
410.65,0.035926
410.7,0.035855
410.75,0.035783
410.8,0.035711
410.85,0.035639
410.9,0.035568
410.95,0.035496
411,0.035424
411.05,0.035352
411.1,0.03528
411.15,0.035209
411.2,0.035137
411.25,0.035065
411.3,0.035024
411.35,0.034984
411.4,0.034944
411.45,0.034905
411.5,0.034865
411.55,0.034826
411.6,0.034786
411.65,0.034746
411.7,0.034707
411.75,0.034667
411.8,0.034628
411.85,0.034588
411.9,0.034549
411.95,0.034509
412,0.034469
412.05,0.03443
412.1,0.03439
412.15,0.034351
412.2,0.034311
412.25,0.034271
412.3,0.034232
412.35,0.034192
412.4,0.034153
412.45,0.034113
412.5,0.034073
412.55,0.034029
412.6,0.033985
412.65,0.03394
412.7,0.033896
412.75,0.033851
412.8,0.033807
412.85,0.033762
412.9,0.033718
412.95,0.033673
413,0.033629
413.05,0.033584
413.1,0.03354
413.15,0.033495
413.2,0.033451
413.25,0.033406
413.3,0.033362
413.35,0.033317
413.4,0.033273
413.45,0.033228
413.5,0.033184
413.55,0.033139
413.6,0.033094
413.65,0.03305
413.7,0.033005
413.75,0.032961
413.8,0.032923
413.85,0.032887
413.9,0.03285
413.95,0.032813
414,0.032776
414.05,0.03274
414.1,0.032703
414.15,0.032666
414.2,0.032629
414.25,0.032593
414.3,0.032556
414.35,0.032519
414.4,0.032482
414.45,0.032446
414.5,0.032409
414.55,0.032372
414.6,0.032335
414.65,0.032298
414.7,0.032262
414.75,0.032225
414.8,0.032188
414.85,0.032151
414.9,0.032115
414.95,0.032078
415,0.032041
415.05,0.032018
415.1,0.031996
415.15,0.031975
415.2,0.031953
415.25,0.031931
415.3,0.03191
415.35,0.031888
415.4,0.031866
415.45,0.031845
415.5,0.031823
415.55,0.031801
415.6,0.03178
415.65,0.031758
415.7,0.031736
415.75,0.031715
415.8,0.031693
415.85,0.031671
415.9,0.03165
415.95,0.031628
416,0.031606
416.05,0.031585
416.1,0.031563
416.15,0.031541
416.2,0.03152
416.25,0.031498
416.3,0.031475
416.35,0.031452
416.4,0.031428
416.45,0.031405
416.5,0.031382
416.55,0.031359
416.6,0.031336
416.65,0.031313
416.7,0.03129
416.75,0.031266
416.8,0.031243
416.85,0.03122
416.9,0.031197
416.95,0.031174
417,0.031151
417.05,0.031128
417.1,0.031105
417.15,0.031081
417.2,0.031058
417.25,0.031035
417.3,0.031012
417.35,0.030989
417.4,0.030966
417.45,0.030943
417.5,0.030919
417.55,0.030896
417.6,0.030873
417.65,0.03085
417.7,0.030826
417.75,0.030803
417.8,0.03078
417.85,0.030756
417.9,0.030733
417.95,0.03071
418,0.030687
418.05,0.030663
418.1,0.03064
418.15,0.030617
418.2,0.030593
418.25,0.03057
418.3,0.030547
418.35,0.030524
418.4,0.0305
418.45,0.030477
418.5,0.030454
418.55,0.030431
418.6,0.030407
418.65,0.030384
418.7,0.03037
418.75,0.030369
418.8,0.030367
418.85,0.030366
418.9,0.030365
418.95,0.030363
419,0.030362
419.05,0.03036
419.1,0.030359
419.15,0.030358
419.2,0.030356
419.25,0.030355
419.3,0.030353
419.35,0.030352
419.4,0.030351
419.45,0.030349
419.5,0.030348
419.55,0.030346
419.6,0.030345
419.65,0.030344
419.7,0.030342
419.75,0.030341
419.8,0.030339
419.85,0.030338
419.9,0.030336
419.95,0.030332
420,0.030328
420.05,0.030324
420.1,0.03032
420.15,0.030316
420.2,0.030312
420.25,0.030308
420.3,0.030304
420.35,0.0303
420.4,0.030296
420.45,0.030292
420.5,0.030288
420.55,0.030284
420.6,0.03028
420.65,0.030276
420.7,0.030272
420.75,0.030268
420.8,0.030264
420.85,0.03026
420.9,0.030256
420.95,0.030252
421,0.030248
421.05,0.030244
421.1,0.03024
421.15,0.03024
421.2,0.030242
421.25,0.030244
421.3,0.030245
421.35,0.030247
421.4,0.030249
421.45,0.030251
421.5,0.030252
421.55,0.030254
421.6,0.030256
421.65,0.030257
421.7,0.030259
421.75,0.030261
421.8,0.030263
421.85,0.030264
421.9,0.030266
421.95,0.030268
422,0.030269
422.05,0.030271
422.1,0.030273
422.15,0.030275
422.2,0.030276
422.25,0.030278
422.3,0.03028
422.35,0.030288
422.4,0.030303
422.45,0.030318
422.5,0.030333
422.55,0.030347
422.6,0.030362
422.65,0.030377
422.7,0.030391
422.75,0.030406
422.8,0.030421
422.85,0.030435
422.9,0.03045
422.95,0.030465
423,0.03048
423.05,0.030494
423.1,0.030509
423.15,0.030524
423.2,0.030538
423.25,0.030553
423.3,0.030568
423.35,0.030582
423.4,0.030597
423.45,0.030612
423.5,0.030627
423.55,0.03064
423.6,0.030649
423.65,0.030659
423.7,0.030668
423.75,0.030677
423.8,0.030687
423.85,0.030696
423.9,0.030705
423.95,0.030715
424,0.030724
424.05,0.030733
424.1,0.030743
424.15,0.030752
424.2,0.030761
424.25,0.030771
424.3,0.03078
424.35,0.030789
424.4,0.030799
424.45,0.030808
424.5,0.030817
424.55,0.030827
424.6,0.030836
424.65,0.030845
424.7,0.030854
424.75,0.030864
424.8,0.030889
424.85,0.030916
424.9,0.030942
424.95,0.030969
425,0.030996
425.05,0.031023
425.1,0.031049
425.15,0.031076
425.2,0.031103
425.25,0.031129
425.3,0.031156
425.35,0.031183
425.4,0.031209
425.45,0.031236
425.5,0.031263
425.55,0.031289
425.6,0.031316
425.65,0.031343
425.7,0.03137
425.75,0.031396
425.8,0.031423
425.85,0.03145
425.9,0.031476
425.95,0.031503
426,0.031526
426.05,0.031546
426.1,0.031566
426.15,0.031586
426.2,0.031607
426.25,0.031627
426.3,0.031647
426.35,0.031667
426.4,0.031688
426.45,0.031708
426.5,0.031728
426.55,0.031748
426.6,0.031769
426.65,0.031789
426.7,0.031809
426.75,0.031829
426.8,0.03185
426.85,0.03187
426.9,0.03189
426.95,0.03191
427,0.031931
427.05,0.031951
427.1,0.031971
427.15,0.031991
427.2,0.03201
427.25,0.032028
427.3,0.032045
427.35,0.032062
427.4,0.032079
427.45,0.032096
427.5,0.032114
427.55,0.032131
427.6,0.032148
427.65,0.032165
427.7,0.032182
427.75,0.032199
427.8,0.032217
427.85,0.032234
427.9,0.032251
427.95,0.032268
428,0.032285
428.05,0.032302
428.1,0.03232
428.15,0.032337
428.2,0.032354
428.25,0.032371
428.3,0.032388
428.35,0.032405
428.4,0.032423
428.45,0.032448
428.5,0.032473
428.55,0.032498
428.6,0.032524
428.65,0.032549
428.7,0.032574
428.75,0.0326
428.8,0.032625
428.85,0.03265
428.9,0.032675
428.95,0.032701
429,0.032726
429.05,0.032751
429.1,0.032776
429.15,0.032802
429.2,0.032827
429.25,0.032852
429.3,0.032877
429.35,0.032903
429.4,0.032928
429.45,0.032953
429.5,0.032978
429.55,0.033004
429.6,0.033029
429.65,0.033058
429.7,0.033089
429.75,0.033119
429.8,0.03315
429.85,0.033181
429.9,0.033211
429.95,0.033242
430,0.033272
430.05,0.033303
430.1,0.033334
430.15,0.033364
430.2,0.033395
430.25,0.033426
430.3,0.033456
430.35,0.033487
430.4,0.033518
430.45,0.033548
430.5,0.033579
430.55,0.033609
430.6,0.03364
430.65,0.033671
430.7,0.033701
430.75,0.033732
430.8,0.033763
430.85,0.033798
430.9,0.03384
430.95,0.033882
431,0.033924
431.05,0.033966
431.1,0.034008
431.15,0.03405
431.2,0.034091
431.25,0.034133
431.3,0.034175
431.35,0.034217
431.4,0.034259
431.45,0.034301
431.5,0.034343
431.55,0.034385
431.6,0.034427
431.65,0.034469
431.7,0.034511
431.75,0.034553
431.8,0.034595
431.85,0.034637
431.9,0.034679
431.95,0.034721
432,0.034763
432.05,0.034805
432.1,0.034851
432.15,0.034896
432.2,0.034941
432.25,0.034987
432.3,0.035032
432.35,0.035078
432.4,0.035123
432.45,0.035169
432.5,0.035214
432.55,0.03526
432.6,0.035305
432.65,0.03535
432.7,0.035396
432.75,0.035441
432.8,0.035487
432.85,0.035532
432.9,0.035578
432.95,0.035623
433,0.035668
433.05,0.035714
433.1,0.035759
433.15,0.035805
433.2,0.03585
433.25,0.035896
433.3,0.035956
433.35,0.03602
433.4,0.036084
433.45,0.036148
433.5,0.036212
433.55,0.036276
433.6,0.03634
433.65,0.036404
433.7,0.036468
433.75,0.036532
433.8,0.036596
433.85,0.03666
433.9,0.036724
433.95,0.036788
434,0.036852
434.05,0.036916
434.1,0.03698
434.15,0.037044
434.2,0.037108
434.25,0.037172
434.3,0.037236
434.35,0.0373
434.4,0.037364
434.45,0.037428
434.5,0.037488
434.55,0.037545
434.6,0.037602
434.65,0.037659
434.7,0.037716
434.75,0.037773
434.8,0.037829
434.85,0.037886
434.9,0.037943
434.95,0.038
435,0.038057
435.05,0.038114
435.1,0.038171
435.15,0.038227
435.2,0.038284
435.25,0.038341
435.3,0.038398
435.35,0.038455
435.4,0.038512
435.45,0.038569
435.5,0.038625
435.55,0.038682
435.6,0.038739
435.65,0.038796
435.7,0.038856
435.75,0.03893
435.8,0.039003
435.85,0.039077
435.9,0.039151
435.95,0.039225
436,0.039299
436.05,0.039373
436.1,0.039446
436.15,0.03952
436.2,0.039594
436.25,0.039668
436.3,0.039742
436.35,0.039815
436.4,0.039889
436.45,0.039963
436.5,0.040037
436.55,0.040111
436.6,0.040184
436.65,0.040258
436.7,0.040332
436.75,0.040406
436.8,0.04048
436.85,0.040553
436.9,0.040627
436.95,0.040701
437,0.040775
437.05,0.040849
437.1,0.040923
437.15,0.040996
437.2,0.04107
437.25,0.041144
437.3,0.041218
437.35,0.041292
437.4,0.041366
437.45,0.041439
437.5,0.041513
437.55,0.041587
437.6,0.041661
437.65,0.041735
437.7,0.041809
437.75,0.041882
437.8,0.041956
437.85,0.04203
437.9,0.042104
437.95,0.042178
438,0.042252
438.05,0.042325
438.1,0.042399
438.15,0.042477
438.2,0.042557
438.25,0.042636
438.3,0.042716
438.35,0.042796
438.4,0.042876
438.45,0.042956
438.5,0.043036
438.55,0.043116
438.6,0.043196
438.65,0.043276
438.7,0.043356
438.75,0.043436
438.8,0.043516
438.85,0.043596
438.9,0.043676
438.95,0.043756
439,0.043836
439.05,0.043916
439.1,0.043996
439.15,0.044076
439.2,0.044156
439.25,0.044236
439.3,0.044316
439.35,0.044391
439.4,0.044453
439.45,0.044516
439.5,0.044578
439.55,0.044641
439.6,0.044703
439.65,0.044766
439.7,0.044828
439.75,0.044891
439.8,0.044953
439.85,0.045016
439.9,0.045078
439.95,0.04514
440,0.045203
440.05,0.045265
440.1,0.045328
440.15,0.04539
440.2,0.045453
440.25,0.045515
440.3,0.045578
440.35,0.04564
440.4,0.045703
440.45,0.045765
440.5,0.045828
440.55,0.04589
440.6,0.045978
440.65,0.046066
440.7,0.046154
440.75,0.046243
440.8,0.046331
440.85,0.046419
440.9,0.046507
440.95,0.046596
441,0.046684
441.05,0.046772
441.1,0.04686
441.15,0.046949
441.2,0.047037
441.25,0.047125
441.3,0.047214
441.35,0.047302
441.4,0.04739
441.45,0.047478
441.5,0.047567
441.55,0.047655
441.6,0.047743
441.65,0.047831
441.7,0.04792
441.75,0.048008
441.8,0.04808
441.85,0.048144
441.9,0.048207
441.95,0.048271
442,0.048335
442.05,0.048398
442.1,0.048462
442.15,0.048526
442.2,0.048589
442.25,0.048653
442.3,0.048717
442.35,0.04878
442.4,0.048844
442.45,0.048908
442.5,0.048971
442.55,0.049035
442.6,0.049099
442.65,0.049162
442.7,0.049226
442.75,0.04929
442.8,0.049353
442.85,0.049417
442.9,0.049481
442.95,0.049545
443,0.049617
443.05,0.049707
443.1,0.049796
443.15,0.049885
443.2,0.049974
443.25,0.050063
443.3,0.050153
443.35,0.050242
443.4,0.050331
443.45,0.05042
443.5,0.05051
443.55,0.050599
443.6,0.050688
443.65,0.050777
443.7,0.050866
443.75,0.050956
443.8,0.051045
443.85,0.051134
443.9,0.051223
443.95,0.051312
444,0.051402
444.05,0.051491
444.1,0.05158
444.15,0.051669
444.2,0.051759
444.25,0.051859
444.3,0.051958
444.35,0.052057
444.4,0.052157
444.45,0.052256
444.5,0.052356
444.55,0.052455
444.6,0.052555
444.65,0.052654
444.7,0.052753
444.75,0.052853
444.8,0.052952
444.85,0.053052
444.9,0.053151
444.95,0.053251
445,0.05335
445.05,0.05345
445.1,0.053549
445.15,0.053648
445.2,0.053748
445.25,0.053847
445.3,0.053947
445.35,0.054046
445.4,0.054146
445.45,0.054268
445.5,0.054398
445.55,0.054528
445.6,0.054659
445.65,0.054789
445.7,0.054919
445.75,0.055049
445.8,0.055179
445.85,0.055309
445.9,0.055439
445.95,0.055569
446,0.055699
446.05,0.055829
446.1,0.055959
446.15,0.056089
446.2,0.05622
446.25,0.05635
446.3,0.05648
446.35,0.05661
446.4,0.05674
446.45,0.05687
446.5,0.057
446.55,0.05713
446.6,0.05726
446.65,0.057395
446.7,0.057537
446.75,0.057678
446.8,0.057819
446.85,0.05796
446.9,0.058101
446.95,0.058242
447,0.058383
447.05,0.058524
447.1,0.058666
447.15,0.058807
447.2,0.058948
447.25,0.059089
447.3,0.05923
447.35,0.059371
447.4,0.059512
447.45,0.059653
447.5,0.059795
447.55,0.059936
447.6,0.060077
447.65,0.060218
447.7,0.060359
447.75,0.0605
447.8,0.060641
447.85,0.060786
447.9,0.060952
447.95,0.061117
448,0.061282
448.05,0.061448
448.1,0.061613
448.15,0.061778
448.2,0.061944
448.25,0.062109
448.3,0.062274
448.35,0.062439
448.4,0.062605
448.45,0.06277
448.5,0.062935
448.55,0.063101
448.6,0.063266
448.65,0.063431
448.7,0.063597
448.75,0.063762
448.8,0.063927
448.85,0.064092
448.9,0.064258
448.95,0.064423
449,0.064588
449.05,0.064754
449.1,0.064928
449.15,0.065104
449.2,0.06528
449.25,0.065456
449.3,0.065632
449.35,0.065808
449.4,0.065985
449.45,0.066161
449.5,0.066337
449.55,0.066513
449.6,0.066689
449.65,0.066865
449.7,0.067041
449.75,0.067217
449.8,0.067393
449.85,0.067569
449.9,0.067745
449.95,0.067921
450,0.068098
450.05,0.068274
450.1,0.06845
450.15,0.068626
450.2,0.068802
450.25,0.068978
450.3,0.069153
450.35,0.069327
450.4,0.069501
450.45,0.069675
450.5,0.069849
450.55,0.070023
450.6,0.070197
450.65,0.070371
450.7,0.070545
450.75,0.070719
450.8,0.070893
450.85,0.071067
450.9,0.071241
450.95,0.071415
451,0.071589
451.05,0.071763
451.1,0.071937
451.15,0.072111
451.2,0.072285
451.25,0.072459
451.3,0.072633
451.35,0.072807
451.4,0.072981
451.45,0.073155
451.5,0.073329
451.55,0.073502
451.6,0.073674
451.65,0.073847
451.7,0.07402
451.75,0.074192
451.8,0.074365
451.85,0.074537
451.9,0.07471
451.95,0.074882
452,0.075055
452.05,0.075227
452.1,0.0754
452.15,0.075572
452.2,0.075745
452.25,0.075918
452.3,0.07609
452.35,0.076263
452.4,0.076435
452.45,0.076608
452.5,0.07678
452.55,0.076953
452.6,0.077125
452.65,0.077298
452.7,0.07747
452.75,0.077643
452.8,0.077816
452.85,0.077981
452.9,0.078147
452.95,0.078313
453,0.078478
453.05,0.078644
453.1,0.078809
453.15,0.078975
453.2,0.079141
453.25,0.079306
453.3,0.079472
453.35,0.079637
453.4,0.079803
453.45,0.079969
453.5,0.080134
453.55,0.0803
453.6,0.080465
453.65,0.080631
453.7,0.080797
453.75,0.080962
453.8,0.081128
453.85,0.081293
453.9,0.081459
453.95,0.081625
454,0.08179
454.05,0.081956
454.1,0.08212
454.15,0.082273
454.2,0.082426
454.25,0.08258
454.3,0.082733
454.35,0.082887
454.4,0.08304
454.45,0.083193
454.5,0.083347
454.55,0.0835
454.6,0.083653
454.65,0.083807
454.7,0.08396
454.75,0.084113
454.8,0.084267
454.85,0.08442
454.9,0.084574
454.95,0.084727
455,0.08488
455.05,0.085034
455.1,0.085187
455.15,0.08534
455.2,0.085494
455.25,0.085647
455.3,0.085801
455.35,0.085954
455.4,0.086105
455.45,0.086249
455.5,0.086393
455.55,0.086537
455.6,0.086681
455.65,0.086825
455.7,0.086969
455.75,0.087114
455.8,0.087258
455.85,0.087402
455.9,0.087546
455.95,0.08769
456,0.087834
456.05,0.087978
456.1,0.088122
456.15,0.088266
456.2,0.088411
456.25,0.088555
456.3,0.088699
456.35,0.088843
456.4,0.088987
456.45,0.089131
456.5,0.089275
456.55,0.089419
456.6,0.089564
456.65,0.089708
456.7,0.089855
456.75,0.090006
456.8,0.090157
456.85,0.090308
456.9,0.090459
456.95,0.09061
457,0.090761
457.05,0.090913
457.1,0.091064
457.15,0.091215
457.2,0.091366
457.25,0.091517
457.3,0.091668
457.35,0.091819
457.4,0.09197
457.45,0.092121
457.5,0.092273
457.55,0.092424
457.6,0.092575
457.65,0.092726
457.7,0.092877
457.75,0.093028
457.8,0.093179
457.85,0.09333
457.9,0.093481
457.95,0.093633
458,0.093789
458.05,0.09395
458.1,0.094111
458.15,0.094271
458.2,0.094432
458.25,0.094593
458.3,0.094753
458.35,0.094914
458.4,0.095075
458.45,0.095235
458.5,0.095396
458.55,0.095556
458.6,0.095717
458.65,0.095878
458.7,0.096038
458.75,0.096199
458.8,0.09636
458.85,0.09652
458.9,0.096681
458.95,0.096842
459,0.097002
459.05,0.097163
459.1,0.097324
459.15,0.097484
459.2,0.097645
459.25,0.097806
459.3,0.097991
459.35,0.098186
459.4,0.09838
459.45,0.098575
459.5,0.09877
459.55,0.098964
459.6,0.099159
459.65,0.099353
459.7,0.099548
459.75,0.099743
459.8,0.099937
459.85,0.100132
459.9,0.100326
459.95,0.100521
460,0.100716
460.05,0.10091
460.1,0.101105
460.15,0.101299
460.2,0.101494
460.25,0.101688
460.3,0.101883
460.35,0.102078
460.4,0.102272
460.45,0.102467
460.5,0.102661
460.55,0.102856
460.6,0.103093
460.65,0.103334
460.7,0.103575
460.75,0.103816
460.8,0.104057
460.85,0.104299
460.9,0.10454
460.95,0.104781
461,0.105022
461.05,0.105263
461.1,0.105505
461.15,0.105746
461.2,0.105987
461.25,0.106228
461.3,0.10647
461.35,0.106711
461.4,0.106952
461.45,0.107193
461.5,0.107434
461.55,0.107676
461.6,0.107917
461.65,0.108158
461.7,0.108399
461.75,0.108641
461.8,0.108882
461.85,0.109125
461.9,0.109427
461.95,0.109728
462,0.110029
462.05,0.110331
462.1,0.110632
462.15,0.110933
462.2,0.111235
462.25,0.111536
462.3,0.111837
462.35,0.112139
462.4,0.11244
462.45,0.112741
462.5,0.113043
462.55,0.113344
462.6,0.113645
462.65,0.113947
462.7,0.114248
462.75,0.114549
462.8,0.114851
462.85,0.115152
462.9,0.115453
462.95,0.115755
463,0.116056
463.05,0.116357
463.1,0.116659
463.15,0.116964
463.2,0.117289
463.25,0.117613
463.3,0.117937
463.35,0.118261
463.4,0.118585
463.45,0.118909
463.5,0.119233
463.55,0.119557
463.6,0.119881
463.65,0.120205
463.7,0.120529
463.75,0.120854
463.8,0.121178
463.85,0.121502
463.9,0.121826
463.95,0.12215
464,0.122474
464.05,0.122798
464.1,0.123122
464.15,0.123446
464.2,0.12377
464.25,0.124094
464.3,0.124418
464.35,0.124743
464.4,0.125067
464.45,0.12541
464.5,0.125788
464.55,0.126167
464.6,0.126545
464.65,0.126923
464.7,0.127301
464.75,0.127679
464.8,0.128058
464.85,0.128436
464.9,0.128814
464.95,0.129192
465,0.129571
465.05,0.129949
465.1,0.130327
465.15,0.130705
465.2,0.131083
465.25,0.131462
465.3,0.13184
465.35,0.132218
465.4,0.132596
465.45,0.132974
465.5,0.133353
465.55,0.133731
465.6,0.134109
465.65,0.134487
465.7,0.134865
465.75,0.135244
465.8,0.135621
465.85,0.135999
465.9,0.136377
465.95,0.136755
466,0.137133
466.05,0.137511
466.1,0.137889
466.15,0.138267
466.2,0.138645
466.25,0.139023
466.3,0.139401
466.35,0.139779
466.4,0.140157
466.45,0.140535
466.5,0.140913
466.55,0.141291
466.6,0.141669
466.65,0.142047
466.7,0.142424
466.75,0.142802
466.8,0.14318
466.85,0.143558
466.9,0.143936
466.95,0.144314
467,0.144692
467.05,0.145077
467.1,0.145466
467.15,0.145855
467.2,0.146244
467.25,0.146633
467.3,0.147022
467.35,0.147411
467.4,0.1478
467.45,0.148189
467.5,0.148578
467.55,0.148967
467.6,0.149356
467.65,0.149745
467.7,0.150134
467.75,0.150523
467.8,0.150912
467.85,0.151301
467.9,0.15169
467.95,0.152079
468,0.152468
468.05,0.152857
468.1,0.153246
468.15,0.153635
468.2,0.154024
468.25,0.154413
468.3,0.154776
468.35,0.155135
468.4,0.155494
468.45,0.155853
468.5,0.156213
468.55,0.156572
468.6,0.156931
468.65,0.15729
468.7,0.157649
468.75,0.158008
468.8,0.158367
468.85,0.158726
468.9,0.159086
468.95,0.159445
469,0.159804
469.05,0.160163
469.1,0.160522
469.15,0.160881
469.2,0.16124
469.25,0.1616
469.3,0.161959
469.35,0.162318
469.4,0.162677
469.45,0.163036
469.5,0.163362
469.55,0.163679
469.6,0.163996
469.65,0.164313
469.7,0.16463
469.75,0.164948
469.8,0.165265
469.85,0.165582
469.9,0.165899
469.95,0.166216
470,0.166533
470.05,0.166851
470.1,0.167168
470.15,0.167485
470.2,0.167802
470.25,0.168119
470.3,0.168437
470.35,0.168754
470.4,0.169071
470.45,0.169388
470.5,0.169705
470.55,0.170023
470.6,0.17034
470.65,0.170657
470.7,0.170934
470.75,0.171198
470.8,0.171462
470.85,0.171725
470.9,0.171989
470.95,0.172252
471,0.172516
471.05,0.172779
471.1,0.173043
471.15,0.173306
471.2,0.17357
471.25,0.173834
471.3,0.174097
471.35,0.174361
471.4,0.174624
471.45,0.174888
471.5,0.175151
471.55,0.175415
471.6,0.175678
471.65,0.175942
471.7,0.176206
471.75,0.176469
471.8,0.176733
471.85,0.176996
471.9,0.177242
471.95,0.17748
472,0.177718
472.05,0.177956
472.1,0.178194
472.15,0.178432
472.2,0.178669
472.25,0.178907
472.3,0.179145
472.35,0.179383
472.4,0.179621
472.45,0.179859
472.5,0.180097
472.55,0.180334
472.6,0.180572
472.65,0.18081
472.7,0.181048
472.75,0.181286
472.8,0.181524
472.85,0.181762
472.9,0.181999
472.95,0.182237
473,0.182475
473.05,0.182713
473.1,0.182943
473.15,0.183168
473.2,0.183393
473.25,0.183618
473.3,0.183843
473.35,0.184068
473.4,0.184293
473.45,0.184518
473.5,0.184743
473.55,0.184968
473.6,0.185193
473.65,0.185418
473.7,0.185643
473.75,0.185868
473.8,0.186093
473.85,0.186318
473.9,0.186543
473.95,0.186768
474,0.186993
474.05,0.187218
474.1,0.187443
474.15,0.187668
474.2,0.187893
474.25,0.188118
474.3,0.188367
474.35,0.188637
474.4,0.188908
474.45,0.189178
474.5,0.189448
474.55,0.189719
474.6,0.189989
474.65,0.190259
474.7,0.19053
474.75,0.1908
474.8,0.19107
474.85,0.191341
474.9,0.191611
474.95,0.191881
475,0.192152
475.05,0.192422
475.1,0.192692
475.15,0.192962
475.2,0.193233
475.25,0.193503
475.3,0.193773
475.35,0.194044
475.4,0.194314
475.45,0.194584
475.5,0.194881
475.55,0.195209
475.6,0.195537
475.65,0.195865
475.7,0.196193
475.75,0.196521
475.8,0.196849
475.85,0.197177
475.9,0.197505
475.95,0.197832
476,0.19816
476.05,0.198488
476.1,0.198816
476.15,0.199144
476.2,0.199472
476.25,0.1998
476.3,0.200128
476.35,0.200456
476.4,0.200784
476.45,0.201112
476.5,0.20144
476.55,0.201768
476.6,0.202095
476.65,0.202423
476.7,0.202793
476.75,0.203226
476.8,0.203659
476.85,0.204092
476.9,0.204524
476.95,0.204957
477,0.20539
477.05,0.205823
477.1,0.206255
477.15,0.206688
477.2,0.207121
477.25,0.207554
477.3,0.207987
477.35,0.208419
477.4,0.208852
477.45,0.209285
477.5,0.209718
477.55,0.21015
477.6,0.210583
477.65,0.211016
477.7,0.211449
477.75,0.211882
477.8,0.212314
477.85,0.212747
477.9,0.21321
477.95,0.213736
478,0.214262
478.05,0.214788
478.1,0.215314
478.15,0.21584
478.2,0.216366
478.25,0.216893
478.3,0.217419
478.35,0.217945
478.4,0.218471
478.45,0.218997
478.5,0.219523
478.55,0.220049
478.6,0.220575
478.65,0.221101
478.7,0.221627
478.75,0.222154
478.8,0.22268
478.85,0.223206
478.9,0.223732
478.95,0.224258
479,0.224784
479.05,0.22531
479.1,0.225863
479.15,0.226489
479.2,0.227116
479.25,0.227743
479.3,0.22837
479.35,0.228997
479.4,0.229624
479.45,0.230251
479.5,0.230878
479.55,0.231505
479.6,0.232132
479.65,0.232759
479.7,0.233386
479.75,0.234013
479.8,0.23464
479.85,0.235267
479.9,0.235894
479.95,0.236521
480,0.237148
480.05,0.237774
480.1,0.238401
480.15,0.239028
480.2,0.239655
480.25,0.240282
480.3,0.240922
480.35,0.241617
480.4,0.242313
480.45,0.243009
480.5,0.243705
480.55,0.244401
480.6,0.245097
480.65,0.245793
480.7,0.246488
480.75,0.247184
480.8,0.24788
480.85,0.248576
480.9,0.249272
480.95,0.249968
481,0.250664
481.05,0.25136
481.1,0.252055
481.15,0.252751
481.2,0.253447
481.25,0.254143
481.3,0.254839
481.35,0.255535
481.4,0.256231
481.45,0.256926
481.5,0.257627
481.55,0.258363
481.6,0.259099
481.65,0.259836
481.7,0.260572
481.75,0.261308
481.8,0.262044
481.85,0.26278
481.9,0.263516
481.95,0.264252
482,0.264989
482.05,0.265725
482.1,0.266461
482.15,0.267197
482.2,0.267933
482.25,0.268669
482.3,0.269406
482.35,0.270142
482.4,0.270878
482.45,0.271614
482.5,0.27235
482.55,0.273086
482.6,0.273822
482.65,0.274559
482.7,0.275293
482.75,0.275992
482.8,0.27669
482.85,0.277389
482.9,0.278088
482.95,0.278786
483,0.279485
483.05,0.280183
483.1,0.280882
483.15,0.281581
483.2,0.282279
483.25,0.282978
483.3,0.283676
483.35,0.284375
483.4,0.285073
483.45,0.285772
483.5,0.286471
483.55,0.287169
483.6,0.287868
483.65,0.288566
483.7,0.289265
483.75,0.289964
483.8,0.290662
483.85,0.291361
483.9,0.292059
483.95,0.292747
484,0.293434
484.05,0.294122
484.1,0.294809
484.15,0.295496
484.2,0.296184
484.25,0.296871
484.3,0.297558
484.35,0.298246
484.4,0.298933
484.45,0.299621
484.5,0.300308
484.55,0.300995
484.6,0.301683
484.65,0.30237
484.7,0.303057
484.75,0.303745
484.8,0.304432
484.85,0.305119
484.9,0.305807
484.95,0.306494
485,0.307181
485.05,0.307869
485.1,0.308556
485.15,0.309146
485.2,0.309711
485.25,0.310277
485.3,0.310842
485.35,0.311408
485.4,0.311973
485.45,0.312539
485.5,0.313104
485.55,0.31367
485.6,0.314235
485.65,0.314801
485.7,0.315366
485.75,0.315932
485.8,0.316497
485.85,0.317063
485.9,0.317628
485.95,0.318194
486,0.318759
486.05,0.319324
486.1,0.31989
486.15,0.320455
486.2,0.321021
486.25,0.321586
486.3,0.322152
486.35,0.322717
486.4,0.323174
486.45,0.323613
486.5,0.324052
486.55,0.324491
486.6,0.32493
486.65,0.325369
486.7,0.325807
486.75,0.326246
486.8,0.326685
486.85,0.327124
486.9,0.327563
486.95,0.328002
487,0.328441
487.05,0.32888
487.1,0.329319
487.15,0.329758
487.2,0.330197
487.25,0.330635
487.3,0.331074
487.35,0.331513
487.4,0.331952
487.45,0.332391
487.5,0.33283
487.55,0.333269
487.6,0.333708
487.65,0.334029
487.7,0.33434
487.75,0.334651
487.8,0.334963
487.85,0.335274
487.9,0.335585
487.95,0.335896
488,0.336207
488.05,0.336518
488.1,0.336829
488.15,0.337141
488.2,0.337452
488.25,0.337763
488.3,0.338074
488.35,0.338385
488.4,0.338696
488.45,0.339007
488.5,0.339319
488.55,0.33963
488.6,0.339941
488.65,0.340252
488.7,0.340563
488.75,0.340874
488.8,0.341185
488.85,0.341496
488.9,0.341714
488.95,0.34193
489,0.342145
489.05,0.342361
489.1,0.342577
489.15,0.342792
489.2,0.343008
489.25,0.343224
489.3,0.343439
489.35,0.343655
489.4,0.343871
489.45,0.344086
489.5,0.344302
489.55,0.344518
489.6,0.344733
489.65,0.344949
489.7,0.345165
489.75,0.34538
489.8,0.345596
489.85,0.345812
489.9,0.346027
489.95,0.346243
490,0.346459
490.05,0.346674
490.1,0.346889
490.15,0.347066
490.2,0.347243
490.25,0.34742
490.3,0.347598
490.35,0.347775
490.4,0.347952
490.45,0.34813
490.5,0.348307
490.55,0.348484
490.6,0.348661
490.65,0.348839
490.7,0.349016
490.75,0.349193
490.8,0.34937
490.85,0.349548
490.9,0.349725
490.95,0.349902
491,0.35008
491.05,0.350257
491.1,0.350434
491.15,0.350611
491.2,0.350789
491.25,0.350966
491.3,0.351143
491.35,0.351325
491.4,0.351548
491.45,0.35177
491.5,0.351993
491.55,0.352215
491.6,0.352438
491.65,0.35266
491.7,0.352883
491.75,0.353105
491.8,0.353328
491.85,0.353551
491.9,0.353773
491.95,0.353996
492,0.354218
492.05,0.354441
492.1,0.354663
492.15,0.354886
492.2,0.355109
492.25,0.355331
492.3,0.355554
492.35,0.355776
492.4,0.355999
492.45,0.356221
492.5,0.356444
492.55,0.356667
492.6,0.356906
492.65,0.357236
492.7,0.357565
492.75,0.357894
492.8,0.358224
492.85,0.358553
492.9,0.358883
492.95,0.359212
493,0.359541
493.05,0.359871
493.1,0.3602
493.15,0.36053
493.2,0.360859
493.25,0.361188
493.3,0.361518
493.35,0.361847
493.4,0.362176
493.45,0.362506
493.5,0.362835
493.55,0.363165
493.6,0.363494
493.65,0.363823
493.7,0.364153
493.75,0.364482
493.8,0.364812
493.85,0.365184
493.9,0.365693
493.95,0.366202
494,0.366711
494.05,0.36722
494.1,0.367729
494.15,0.368238
494.2,0.368747
494.25,0.369257
494.3,0.369766
494.35,0.370275
494.4,0.370784
494.45,0.371293
494.5,0.371802
494.55,0.372311
494.6,0.37282
494.65,0.373329
494.7,0.373838
494.75,0.374347
494.8,0.374856
494.85,0.375365
494.9,0.375874
494.95,0.376383
495,0.376892
495.05,0.377401
495.1,0.377955
495.15,0.378613
495.2,0.379271
495.25,0.379929
495.3,0.380587
495.35,0.381245
495.4,0.381903
495.45,0.38256
495.5,0.383218
495.55,0.383876
495.6,0.384534
495.65,0.385192
495.7,0.38585
495.75,0.386508
495.8,0.387166
495.85,0.387824
495.9,0.388482
495.95,0.38914
496,0.389798
496.05,0.390455
496.1,0.391113
496.15,0.391771
496.2,0.392429
496.25,0.393087
496.3,0.393745
496.35,0.394472
496.4,0.395322
496.45,0.396172
496.5,0.397022
496.55,0.397872
496.6,0.398721
496.65,0.399571
496.7,0.400421
496.75,0.401271
496.8,0.402121
496.85,0.402971
496.9,0.403821
496.95,0.404671
497,0.40552
497.05,0.40637
497.1,0.40722
497.15,0.40807
497.2,0.40892
497.25,0.40977
497.3,0.41062
497.35,0.41147
497.4,0.41232
497.45,0.413169
497.5,0.414019
497.55,0.414869
497.6,0.415776
497.65,0.416761
497.7,0.417745
497.75,0.41873
497.8,0.419715
497.85,0.4207
497.9,0.421685
497.95,0.422669
498,0.423654
498.05,0.424639
498.1,0.425624
498.15,0.426609
498.2,0.427593
498.25,0.428578
498.3,0.429563
498.35,0.430548
498.4,0.431533
498.45,0.432517
498.5,0.433502
498.55,0.434487
498.6,0.435472
498.65,0.436457
498.7,0.437441
498.75,0.438426
498.8,0.439411
498.85,0.440441
498.9,0.441521
498.95,0.442601
499,0.443681
499.05,0.444761
499.1,0.445841
499.15,0.446921
499.2,0.448001
499.25,0.449081
499.3,0.450161
499.35,0.451241
499.4,0.452321
499.45,0.453401
499.5,0.454481
499.55,0.455561
499.6,0.456641
499.65,0.457721
499.7,0.458801
499.75,0.459881
499.8,0.460961
499.85,0.462041
499.9,0.463121
499.95,0.464201
500,0.465281
500.05,0.466361
500.1,0.467432
500.15,0.468496
500.2,0.46956
500.25,0.470624
500.3,0.471688
500.35,0.472752
500.4,0.473816
500.45,0.47488
500.5,0.475944
500.55,0.477008
500.6,0.478072
500.65,0.479137
500.7,0.480201
500.75,0.481265
500.8,0.482329
500.85,0.483393
500.9,0.484457
500.95,0.485521
501,0.486585
501.05,0.487649
501.1,0.488713
501.15,0.489777
501.2,0.490841
501.25,0.491905
501.3,0.492969
501.35,0.493998
501.4,0.495003
501.45,0.496009
501.5,0.497014
501.55,0.498019
501.6,0.499025
501.65,0.50003
501.7,0.501035
501.75,0.502041
501.8,0.503046
501.85,0.504051
501.9,0.505057
501.95,0.506062
502,0.507067
502.05,0.508073
502.1,0.509078
502.15,0.510083
502.2,0.511089
502.25,0.512094
502.3,0.513099
502.35,0.514105
502.4,0.51511
502.45,0.516115
502.5,0.517121
502.55,0.518126
502.6,0.519015
502.65,0.519843
502.7,0.520672
502.75,0.521501
502.8,0.522329
502.85,0.523158
502.9,0.523986
502.95,0.524815
503,0.525643
503.05,0.526472
503.1,0.527301
503.15,0.528129
503.2,0.528958
503.25,0.529786
503.3,0.530615
503.35,0.531444
503.4,0.532272
503.45,0.533101
503.5,0.533929
503.55,0.534758
503.6,0.535587
503.65,0.536415
503.7,0.537244
503.75,0.538072
503.8,0.538901
503.85,0.539572
503.9,0.540189
503.95,0.540805
504,0.541421
504.05,0.542038
504.1,0.542654
504.15,0.54327
504.2,0.543887
504.25,0.544503
504.3,0.545119
504.35,0.545736
504.4,0.546352
504.45,0.546969
504.5,0.547585
504.55,0.548201
504.6,0.548818
504.65,0.549434
504.7,0.55005
504.75,0.550667
504.8,0.551283
504.85,0.551899
504.9,0.552516
504.95,0.553132
505,0.553748
505.05,0.554365
505.1,0.554767
505.15,0.555116
505.2,0.555465
505.25,0.555814
505.3,0.556163
505.35,0.556512
505.4,0.556861
505.45,0.55721
505.5,0.557559
505.55,0.557908
505.6,0.558257
505.65,0.558606
505.7,0.558955
505.75,0.559304
505.8,0.559652
505.85,0.560001
505.9,0.56035
505.95,0.560699
506,0.561048
506.05,0.561397
506.1,0.561746
506.15,0.562095
506.2,0.562444
506.25,0.562793
506.3,0.563142
506.35,0.563273
506.4,0.563368
506.45,0.563463
506.5,0.563558
506.55,0.563653
506.6,0.563748
506.65,0.563843
506.7,0.563938
506.75,0.564034
506.8,0.564129
506.85,0.564224
506.9,0.564319
506.95,0.564414
507,0.564509
507.05,0.564604
507.1,0.564699
507.15,0.564794
507.2,0.564889
507.25,0.564984
507.3,0.56508
507.35,0.565175
507.4,0.56527
507.45,0.565365
507.5,0.56546
507.55,0.565555
507.6,0.565466
507.65,0.56536
507.7,0.565254
507.75,0.565149
507.8,0.565043
507.85,0.564938
507.9,0.564832
507.95,0.564727
508,0.564621
508.05,0.564516
508.1,0.56441
508.15,0.564304
508.2,0.564199
508.25,0.564093
508.3,0.563988
508.35,0.563882
508.4,0.563777
508.45,0.563671
508.5,0.563566
508.55,0.56346
508.6,0.563354
508.65,0.563249
508.7,0.563143
508.75,0.563038
508.8,0.562932
508.85,0.562745
508.9,0.562557
508.95,0.562368
509,0.56218
509.05,0.561991
509.1,0.561803
509.15,0.561614
509.2,0.561426
509.25,0.561237
509.3,0.561049
509.35,0.56086
509.4,0.560672
509.45,0.560483
509.5,0.560295
509.55,0.560106
509.6,0.559918
509.65,0.559729
509.7,0.55954
509.75,0.559352
509.8,0.559163
509.85,0.558975
509.9,0.558786
509.95,0.558598
510,0.558409
510.05,0.558222
510.1,0.558054
510.15,0.557887
510.2,0.55772
510.25,0.557553
510.3,0.557385
510.35,0.557218
510.4,0.557051
510.45,0.556884
510.5,0.556717
510.55,0.556549
510.6,0.556382
510.65,0.556215
510.7,0.556048
510.75,0.55588
510.8,0.555713
510.85,0.555546
510.9,0.555379
510.95,0.555211
511,0.555044
511.05,0.554877
511.1,0.55471
511.15,0.554542
511.2,0.554375
511.25,0.554208
511.3,0.554054
511.35,0.55402
511.4,0.553987
511.45,0.553953
511.5,0.553919
511.55,0.553885
511.6,0.553852
511.65,0.553818
511.7,0.553784
511.75,0.55375
511.8,0.553717
511.85,0.553683
511.9,0.553649
511.95,0.553615
512,0.553582
512.05,0.553548
512.1,0.553514
512.15,0.55348
512.2,0.553447
512.25,0.553413
512.3,0.553379
512.35,0.553345
512.4,0.553312
512.45,0.553278
512.5,0.553244
512.55,0.553244
512.6,0.553423
512.65,0.553602
512.7,0.553781
512.75,0.553961
512.8,0.55414
512.85,0.554319
512.9,0.554498
512.95,0.554677
513,0.554856
513.05,0.555035
513.1,0.555214
513.15,0.555393
513.2,0.555572
513.25,0.555751
513.3,0.55593
513.35,0.556109
513.4,0.556288
513.45,0.556467
513.5,0.556646
513.55,0.556825
513.6,0.557004
513.65,0.557183
513.7,0.557362
513.75,0.557541
513.8,0.557779
513.85,0.558223
513.9,0.558668
513.95,0.559113
514,0.559558
514.05,0.560003
514.1,0.560448
514.15,0.560893
514.2,0.561338
514.25,0.561783
514.3,0.562227
514.35,0.562672
514.4,0.563117
514.45,0.563562
514.5,0.564007
514.55,0.564452
514.6,0.564897
514.65,0.565342
514.7,0.565787
514.75,0.566231
514.8,0.566676
514.85,0.567121
514.9,0.567566
514.95,0.568011
515,0.568456
515.05,0.568967
515.1,0.569631
515.15,0.570296
515.2,0.57096
515.25,0.571625
515.3,0.572289
515.35,0.572954
515.4,0.573619
515.45,0.574283
515.5,0.574948
515.55,0.575612
515.6,0.576277
515.65,0.576942
515.7,0.577606
515.75,0.578271
515.8,0.578935
515.85,0.5796
515.9,0.580265
515.95,0.580929
516,0.581594
516.05,0.582258
516.1,0.582923
516.15,0.583587
516.2,0.584252
516.25,0.584917
516.3,0.585662
516.35,0.586553
516.4,0.587444
516.45,0.588334
516.5,0.589225
516.55,0.590115
516.6,0.591006
516.65,0.591896
516.7,0.592787
516.75,0.593677
516.8,0.594568
516.85,0.595458
516.9,0.596349
516.95,0.59724
517,0.59813
517.05,0.599021
517.1,0.599911
517.15,0.600802
517.2,0.601692
517.25,0.602583
517.3,0.603473
517.35,0.604364
517.4,0.605255
517.45,0.606145
517.5,0.607036
517.55,0.608011
517.6,0.609104
517.65,0.610197
517.7,0.61129
517.75,0.612382
517.8,0.613475
517.85,0.614568
517.9,0.615661
517.95,0.616754
518,0.617847
518.05,0.61894
518.1,0.620032
518.15,0.621125
518.2,0.622218
518.25,0.623311
518.3,0.624404
518.35,0.625497
518.4,0.626589
518.45,0.627682
518.5,0.628775
518.55,0.629868
518.6,0.630961
518.65,0.632054
518.7,0.633147
518.75,0.634239
518.8,0.635384
518.85,0.636585
518.9,0.637786
518.95,0.638987
519,0.640188
519.05,0.64139
519.1,0.642591
519.15,0.643792
519.2,0.644993
519.25,0.646194
519.3,0.647395
519.35,0.648596
519.4,0.649797
519.45,0.650998
519.5,0.652199
519.55,0.6534
519.6,0.654602
519.65,0.655803
519.7,0.657004
519.75,0.658205
519.8,0.659406
519.85,0.660607
519.9,0.661808
519.95,0.663009
520,0.66421
520.05,0.66539
520.1,0.66655
520.15,0.667711
520.2,0.668872
520.25,0.670033
520.3,0.671193
520.35,0.672354
520.4,0.673515
520.45,0.674675
520.5,0.675836
520.55,0.676997
520.6,0.678158
520.65,0.679318
520.7,0.680479
520.75,0.68164
520.8,0.682801
520.85,0.683961
520.9,0.685122
520.95,0.686283
521,0.687444
521.05,0.688604
521.1,0.689765
521.15,0.690926
521.2,0.692087
521.25,0.693247
521.3,0.694348
521.35,0.695408
521.4,0.696468
521.45,0.697528
521.5,0.698588
521.55,0.699649
521.6,0.700709
521.65,0.701769
521.7,0.702829
521.75,0.703889
521.8,0.70495
521.85,0.70601
521.9,0.70707
521.95,0.70813
522,0.70919
522.05,0.71025
522.1,0.711311
522.15,0.712371
522.2,0.713431
522.25,0.714491
522.3,0.715551
522.35,0.716611
522.4,0.717672
522.45,0.718732
522.5,0.719792
522.55,0.720674
522.6,0.721465
522.65,0.722255
522.7,0.723046
522.75,0.723837
522.8,0.724627
522.85,0.725418
522.9,0.726209
522.95,0.726999
523,0.72779
523.05,0.728581
523.1,0.729371
523.15,0.730162
523.2,0.730952
523.25,0.731743
523.3,0.732534
523.35,0.733324
523.4,0.734115
523.45,0.734906
523.5,0.735696
523.55,0.736487
523.6,0.737278
523.65,0.738068
523.7,0.738859
523.75,0.739649
523.8,0.74018
523.85,0.74061
523.9,0.741039
523.95,0.741469
524,0.741899
524.05,0.742328
524.1,0.742758
524.15,0.743187
524.2,0.743617
524.25,0.744047
524.3,0.744476
524.35,0.744906
524.4,0.745335
524.45,0.745765
524.5,0.746195
524.55,0.746624
524.6,0.747054
524.65,0.747483
524.7,0.747913
524.75,0.748342
524.8,0.748772
524.85,0.749202
524.9,0.749631
524.95,0.750061
525,0.75049
525.05,0.750592
525.1,0.75061
525.15,0.750629
525.2,0.750648
525.25,0.750667
525.3,0.750686
525.35,0.750705
525.4,0.750724
525.45,0.750743
525.5,0.750761
525.55,0.75078
525.6,0.750799
525.65,0.750818
525.7,0.750837
525.75,0.750856
525.8,0.750875
525.85,0.750893
525.9,0.750912
525.95,0.750931
526,0.75095
526.05,0.750969
526.1,0.750988
526.15,0.751007
526.2,0.751026
526.25,0.751044
526.3,0.750714
526.35,0.750326
526.4,0.749938
526.45,0.74955
526.5,0.749163
526.55,0.748775
526.6,0.748387
526.65,0.747999
526.7,0.747611
526.75,0.747224
526.8,0.746836
526.85,0.746448
526.9,0.74606
526.95,0.745672
527,0.745285
527.05,0.744897
527.1,0.744509
527.15,0.744121
527.2,0.743733
527.25,0.743346
527.3,0.742958
527.35,0.74257
527.4,0.742182
527.45,0.741794
527.5,0.741407
527.55,0.740712
527.6,0.739991
527.65,0.73927
527.7,0.738549
527.75,0.737828
527.8,0.737107
527.85,0.736386
527.9,0.735665
527.95,0.734944
528,0.734223
528.05,0.733502
528.1,0.732781
528.15,0.73206
528.2,0.731339
528.25,0.730618
528.3,0.729897
528.35,0.729176
528.4,0.728455
528.45,0.727734
528.5,0.727013
528.55,0.726291
528.6,0.72557
528.65,0.724849
528.7,0.724128
528.75,0.723407
528.8,0.722489
528.85,0.721566
528.9,0.720643
528.95,0.719721
529,0.718798
529.05,0.717875
529.1,0.716953
529.15,0.71603
529.2,0.715107
529.25,0.714185
529.3,0.713262
529.35,0.712339
529.4,0.711417
529.45,0.710494
529.5,0.709571
529.55,0.708648
529.6,0.707726
529.65,0.706803
529.7,0.70588
529.75,0.704958
529.8,0.704035
529.85,0.703112
529.9,0.70219
529.95,0.701267
530,0.700343
530.05,0.699389
530.1,0.698435
530.15,0.697481
530.2,0.696527
530.25,0.695573
530.3,0.694619
530.35,0.693665
530.4,0.692711
530.45,0.691757
530.5,0.690803
530.55,0.689849
530.6,0.688895
530.65,0.687941
530.7,0.686987
530.75,0.686033
530.8,0.685079
530.85,0.684125
530.9,0.683171
530.95,0.682217
531,0.681263
531.05,0.680309
531.1,0.679355
531.15,0.678401
531.2,0.677447
531.25,0.676501
531.3,0.675632
531.35,0.674763
531.4,0.673894
531.45,0.673025
531.5,0.672156
531.55,0.671286
531.6,0.670417
531.65,0.669548
531.7,0.668679
531.75,0.66781
531.8,0.666941
531.85,0.666071
531.9,0.665202
531.95,0.664333
532,0.663464
532.05,0.662595
532.1,0.661726
532.15,0.660856
532.2,0.659987
532.25,0.659118
532.3,0.658249
532.35,0.65738
532.4,0.656511
532.45,0.655641
532.5,0.654809
532.55,0.65417
532.6,0.653531
532.65,0.652891
532.7,0.652252
532.75,0.651613
532.8,0.650974
532.85,0.650334
532.9,0.649695
532.95,0.649056
533,0.648417
533.05,0.647777
533.1,0.647138
533.15,0.646499
533.2,0.64586
533.25,0.64522
533.3,0.644581
533.35,0.643942
533.4,0.643303
533.45,0.642664
533.5,0.642024
533.55,0.641385
533.6,0.640746
533.65,0.640107
533.7,0.639467
533.75,0.638887
533.8,0.638517
533.85,0.638147
533.9,0.637777
533.95,0.637406
534,0.637036
534.05,0.636666
534.1,0.636296
534.15,0.635925
534.2,0.635555
534.25,0.635185
534.3,0.634815
534.35,0.634445
534.4,0.634074
534.45,0.633704
534.5,0.633334
534.55,0.632964
534.6,0.632593
534.65,0.632223
534.7,0.631853
534.75,0.631483
534.8,0.631113
534.85,0.630742
534.9,0.630372
534.95,0.630002
535,0.629718
535.05,0.629655
535.1,0.629593
535.15,0.629531
535.2,0.629468
535.25,0.629406
535.3,0.629344
535.35,0.629281
535.4,0.629219
535.45,0.629156
535.5,0.629094
535.55,0.629032
535.6,0.628969
535.65,0.628907
535.7,0.628844
535.75,0.628782
535.8,0.62872
535.85,0.628657
535.9,0.628595
535.95,0.628533
536,0.62847
536.05,0.628408
536.1,0.628345
536.15,0.628283
536.2,0.628221
536.25,0.628268
536.3,0.628509
536.35,0.628751
536.4,0.628992
536.45,0.629233
536.5,0.629475
536.55,0.629716
536.6,0.629958
536.65,0.630199
536.7,0.630441
536.75,0.630682
536.8,0.630924
536.85,0.631165
536.9,0.631407
536.95,0.631648
537,0.63189
537.05,0.632131
537.1,0.632373
537.15,0.632614
537.2,0.632856
537.25,0.633097
537.3,0.633338
537.35,0.63358
537.4,0.633821
537.45,0.634063
537.5,0.63445
537.55,0.634927
537.6,0.635404
537.65,0.63588
537.7,0.636357
537.75,0.636834
537.8,0.637311
537.85,0.637787
537.9,0.638264
537.95,0.638741
538,0.639218
538.05,0.639694
538.1,0.640171
538.15,0.640648
538.2,0.641125
538.25,0.641601
538.3,0.642078
538.35,0.642555
538.4,0.643032
538.45,0.643508
538.5,0.643985
538.55,0.644462
538.6,0.644938
538.65,0.645415
538.7,0.645892
538.75,0.646533
538.8,0.647193
538.85,0.647852
538.9,0.648512
538.95,0.649171
539,0.649831
539.05,0.65049
539.1,0.651149
539.15,0.651809
539.2,0.652468
539.25,0.653128
539.3,0.653787
539.35,0.654447
539.4,0.655106
539.45,0.655766
539.5,0.656425
539.55,0.657085
539.6,0.657744
539.65,0.658404
539.7,0.659063
539.75,0.659723
539.8,0.660382
539.85,0.661042
539.9,0.661701
539.95,0.662374
540,0.663109
540.05,0.663844
540.1,0.664579
540.15,0.665314
540.2,0.666049
540.25,0.666784
540.3,0.667518
540.35,0.668253
540.4,0.668988
540.45,0.669723
540.5,0.670458
540.55,0.671193
540.6,0.671928
540.65,0.672663
540.7,0.673398
540.75,0.674132
540.8,0.674867
540.85,0.675602
540.9,0.676337
540.95,0.677072
541,0.677807
541.05,0.678542
541.1,0.679277
541.15,0.680012
541.2,0.680745
541.25,0.681475
541.3,0.682206
541.35,0.682937
541.4,0.683668
541.45,0.684399
541.5,0.685129
541.55,0.68586
541.6,0.686591
541.65,0.687322
541.7,0.688053
541.75,0.688784
541.8,0.689514
541.85,0.690245
541.9,0.690976
541.95,0.691707
542,0.692438
542.05,0.693169
542.1,0.693899
542.15,0.69463
542.2,0.695361
542.25,0.696092
542.3,0.696823
542.35,0.697553
542.4,0.698284
542.45,0.698922
542.5,0.699529
542.55,0.700137
542.6,0.700745
542.65,0.701352
542.7,0.70196
542.75,0.702568
542.8,0.703175
542.85,0.703783
542.9,0.704391
542.95,0.704998
543,0.705606
543.05,0.706214
543.1,0.706821
543.15,0.707429
543.2,0.708037
543.25,0.708644
543.3,0.709252
543.35,0.70986
543.4,0.710467
543.45,0.711075
543.5,0.711683
543.55,0.71229
543.6,0.712898
543.65,0.713497
543.7,0.713888
543.75,0.714279
543.8,0.71467
543.85,0.715061
543.9,0.715452
543.95,0.715843
544,0.716234
544.05,0.716625
544.1,0.717016
544.15,0.717407
544.2,0.717798
544.25,0.718189
544.3,0.71858
544.35,0.71897
544.4,0.719361
544.45,0.719752
544.5,0.720143
544.55,0.720534
544.6,0.720925
544.65,0.721316
544.7,0.721707
544.75,0.722098
544.8,0.722489
544.85,0.72288
544.9,0.723175
544.95,0.723266
545,0.723356
545.05,0.723447
545.1,0.723538
545.15,0.723628
545.2,0.723719
545.25,0.72381
545.3,0.7239
545.35,0.723991
545.4,0.724082
545.45,0.724172
545.5,0.724263
545.55,0.724354
545.6,0.724444
545.65,0.724535
545.7,0.724626
545.75,0.724716
545.8,0.724807
545.85,0.724898
545.9,0.724988
545.95,0.725079
546,0.72517
546.05,0.72526
546.1,0.725351
546.15,0.725222
546.2,0.724947
546.25,0.724672
546.3,0.724397
546.35,0.724122
546.4,0.723846
546.45,0.723571
546.5,0.723296
546.55,0.723021
546.6,0.722746
546.65,0.722471
546.7,0.722196
546.75,0.72192
546.8,0.721645
546.85,0.72137
546.9,0.721095
546.95,0.72082
547,0.720545
547.05,0.72027
547.1,0.719994
547.15,0.719719
547.2,0.719444
547.25,0.719169
547.3,0.718894
547.35,0.718619
547.4,0.718051
547.45,0.717444
547.5,0.716836
547.55,0.716229
547.6,0.715621
547.65,0.715014
547.7,0.714406
547.75,0.713799
547.8,0.713191
547.85,0.712584
547.9,0.711976
547.95,0.711369
548,0.710761
548.05,0.710154
548.1,0.709546
548.15,0.708939
548.2,0.708331
548.25,0.707724
548.3,0.707116
548.35,0.706509
548.4,0.705901
548.45,0.705294
548.5,0.704686
548.55,0.704079
548.6,0.703405
548.65,0.702381
548.7,0.701356
548.75,0.700332
548.8,0.699308
548.85,0.698283
548.9,0.697259
548.95,0.696234
549,0.69521
549.05,0.694186
549.1,0.693161
549.15,0.692137
549.2,0.691113
549.25,0.690088
549.3,0.689064
549.35,0.68804
549.4,0.687015
549.45,0.685991
549.5,0.684967
549.55,0.683942
549.6,0.682918
549.65,0.681894
549.7,0.680869
549.75,0.679845
549.8,0.678821
549.85,0.677698
549.9,0.676449
549.95,0.675201
550,0.673952
550.05,0.672704
550.1,0.671456
550.15,0.670207
550.2,0.668959
550.25,0.66771
550.3,0.666462
550.35,0.665213
550.4,0.663965
550.45,0.662716
550.5,0.661468
550.55,0.660219
550.6,0.658971
550.65,0.657723
550.7,0.656474
550.75,0.655226
550.8,0.653977
550.85,0.652729
550.9,0.65148
550.95,0.650232
551,0.648983
551.05,0.647735
551.1,0.64628
551.15,0.644744
551.2,0.643208
551.25,0.641672
551.3,0.640136
551.35,0.6386
551.4,0.637064
551.45,0.635529
551.5,0.633993
551.55,0.632457
551.6,0.630921
551.65,0.629385
551.7,0.627849
551.75,0.626313
551.8,0.624778
551.85,0.623242
551.9,0.621706
551.95,0.62017
552,0.618634
552.05,0.617098
552.1,0.615562
552.15,0.614026
552.2,0.612491
552.25,0.610955
552.3,0.609419
552.35,0.607821
552.4,0.606223
552.45,0.604625
552.5,0.603028
552.55,0.60143
552.6,0.599832
552.65,0.598234
552.7,0.596636
552.75,0.595039
552.8,0.593441
552.85,0.591843
552.9,0.590245
552.95,0.588647
553,0.58705
553.05,0.585452
553.1,0.583854
553.15,0.582256
553.2,0.580659
553.25,0.579061
553.3,0.577463
553.35,0.575865
553.4,0.574267
553.45,0.57267
553.5,0.571072
553.55,0.569476
553.6,0.567885
553.65,0.566294
553.7,0.564703
553.75,0.563112
553.8,0.561521
553.85,0.55993
553.9,0.558339
553.95,0.556748
554,0.555157
554.05,0.553566
554.1,0.551975
554.15,0.550384
554.2,0.548793
554.25,0.547202
554.3,0.545611
554.35,0.54402
554.4,0.542429
554.45,0.540838
554.5,0.539247
554.55,0.537656
554.6,0.536065
554.65,0.534474
554.7,0.532883
554.75,0.531292
554.8,0.529818
554.85,0.52843
554.9,0.527042
554.95,0.525653
555,0.524265
555.05,0.522877
555.1,0.521489
555.15,0.520101
555.2,0.518712
555.25,0.517324
555.3,0.515936
555.35,0.514548
555.4,0.513159
555.45,0.511771
555.5,0.510383
555.55,0.508995
555.6,0.507607
555.65,0.506218
555.7,0.50483
555.75,0.503442
555.8,0.502054
555.85,0.500665
555.9,0.499277
555.95,0.497889
556,0.496501
556.05,0.4953
556.1,0.49413
556.15,0.49296
556.2,0.49179
556.25,0.49062
556.3,0.48945
556.35,0.488279
556.4,0.487109
556.45,0.485939
556.5,0.484769
556.55,0.483599
556.6,0.482429
556.65,0.481259
556.7,0.480089
556.75,0.478918
556.8,0.477748
556.85,0.476578
556.9,0.475408
556.95,0.474238
557,0.473068
557.05,0.471898
557.1,0.470728
557.15,0.469558
557.2,0.468387
557.25,0.467256
557.3,0.466366
557.35,0.465475
557.4,0.464585
557.45,0.463694
557.5,0.462803
557.55,0.461913
557.6,0.461022
557.65,0.460132
557.7,0.459241
557.75,0.45835
557.8,0.45746
557.85,0.456569
557.9,0.455678
557.95,0.454788
558,0.453897
558.05,0.453007
558.1,0.452116
558.15,0.451225
558.2,0.450335
558.25,0.449444
558.3,0.448554
558.35,0.447663
558.4,0.446772
558.45,0.445882
558.5,0.445095
558.55,0.444451
558.6,0.443808
558.65,0.443165
558.7,0.442521
558.75,0.441878
558.8,0.441234
558.85,0.440591
558.9,0.439947
558.95,0.439304
559,0.43866
559.05,0.438017
559.1,0.437373
559.15,0.43673
559.2,0.436086
559.25,0.435443
559.3,0.4348
559.35,0.434156
559.4,0.433513
559.45,0.432869
559.5,0.432226
559.55,0.431582
559.6,0.430939
559.65,0.430295
559.7,0.429652
559.75,0.429183
559.8,0.428789
559.85,0.428395
559.9,0.428001
559.95,0.427607
560,0.427213
560.05,0.426819
560.1,0.426425
560.15,0.426031
560.2,0.425637
560.25,0.425243
560.3,0.424849
560.35,0.424455
560.4,0.424061
560.45,0.423667
560.5,0.423273
560.55,0.422879
560.6,0.422485
560.65,0.422091
560.7,0.421697
560.75,0.421303
560.8,0.420909
560.85,0.420515
560.9,0.420121
560.95,0.419727
561,0.419516
561.05,0.419309
561.1,0.419102
561.15,0.418895
561.2,0.418688
561.25,0.418481
561.3,0.418274
561.35,0.418067
561.4,0.41786
561.45,0.417653
561.5,0.417446
561.55,0.417239
561.6,0.417032
561.65,0.416825
561.7,0.416618
561.75,0.416411
561.8,0.416204
561.85,0.415997
561.9,0.41579
561.95,0.415583
562,0.415377
562.05,0.41517
562.1,0.414963
562.15,0.414756
562.2,0.414583
562.25,0.414509
562.3,0.414435
562.35,0.414361
562.4,0.414287
562.45,0.414213
562.5,0.414139
562.55,0.414065
562.6,0.413991
562.65,0.413917
562.7,0.413843
562.75,0.413769
562.8,0.413695
562.85,0.413621
562.9,0.413547
562.95,0.413473
563,0.413399
563.05,0.413325
563.1,0.413251
563.15,0.413177
563.2,0.413103
563.25,0.413029
563.3,0.412955
563.35,0.412881
563.4,0.412807
563.45,0.41277
563.5,0.412765
563.55,0.41276
563.6,0.412755
563.65,0.41275
563.7,0.412745
563.75,0.41274
563.8,0.412735
563.85,0.41273
563.9,0.412724
563.95,0.412719
564,0.412714
564.05,0.412709
564.1,0.412704
564.15,0.412699
564.2,0.412694
564.25,0.412689
564.3,0.412684
564.35,0.412679
564.4,0.412674
564.45,0.412668
564.5,0.412663
564.55,0.412658
564.6,0.412653
564.65,0.412648
564.7,0.412649
564.75,0.412652
564.8,0.412655
564.85,0.412658
564.9,0.412661
564.95,0.412664
565,0.412667
565.05,0.412669
565.1,0.412672
565.15,0.412675
565.2,0.412678
565.25,0.412681
565.3,0.412684
565.35,0.412687
565.4,0.412689
565.45,0.412692
565.5,0.412695
565.55,0.412698
565.6,0.412701
565.65,0.412704
565.7,0.412707
565.75,0.412709
565.8,0.412712
565.85,0.412715
565.9,0.412714
565.95,0.412679
566,0.412644
566.05,0.412609
566.1,0.412574
566.15,0.412539
566.2,0.412504
566.25,0.412469
566.3,0.412434
566.35,0.412399
566.4,0.412363
566.45,0.412328
566.5,0.412293
566.55,0.412258
566.6,0.412223
566.65,0.412188
566.7,0.412153
566.75,0.412118
566.8,0.412083
566.85,0.412048
566.9,0.412013
566.95,0.411978
567,0.411942
567.05,0.411907
567.1,0.411872
567.15,0.4118
567.2,0.411669
567.25,0.411537
567.3,0.411405
567.35,0.411274
567.4,0.411142
567.45,0.41101
567.5,0.410878
567.55,0.410747
567.6,0.410615
567.65,0.410483
567.7,0.410352
567.75,0.41022
567.8,0.410088
567.85,0.409956
567.9,0.409825
567.95,0.409693
568,0.409561
568.05,0.409429
568.1,0.409298
568.15,0.409166
568.2,0.409034
568.25,0.408903
568.3,0.408771
568.35,0.408639
568.4,0.408416
568.45,0.408149
568.5,0.407883
568.55,0.407616
568.6,0.40735
568.65,0.407083
568.7,0.406816
568.75,0.40655
568.8,0.406283
568.85,0.406017
568.9,0.40575
568.95,0.405484
569,0.405217
569.05,0.404951
569.1,0.404684
569.15,0.404418
569.2,0.404151
569.25,0.403884
569.3,0.403618
569.35,0.403351
569.4,0.403085
569.45,0.402818
569.5,0.402552
569.55,0.402285
569.6,0.402019
569.65,0.401591
569.7,0.401156
569.75,0.400721
569.8,0.400286
569.85,0.399852
569.9,0.399417
569.95,0.398982
570,0.398547
570.05,0.398112
570.1,0.397678
570.15,0.397243
570.2,0.396808
570.25,0.396373
570.3,0.395939
570.35,0.395504
570.4,0.395069
570.45,0.394634
570.5,0.394199
570.55,0.393765
570.6,0.39333
570.65,0.392895
570.7,0.39246
570.75,0.392026
570.8,0.391591
570.85,0.391109
570.9,0.390477
570.95,0.389845
571,0.389213
571.05,0.388581
571.1,0.387949
571.15,0.387318
571.2,0.386686
571.25,0.386054
571.3,0.385422
571.35,0.38479
571.4,0.384158
571.45,0.383526
571.5,0.382895
571.55,0.382263
571.6,0.381631
571.65,0.380999
571.7,0.380367
571.75,0.379735
571.8,0.379103
571.85,0.378472
571.9,0.37784
571.95,0.377208
572,0.376576
572.05,0.375944
572.1,0.375226
572.15,0.374429
572.2,0.373632
572.25,0.372835
572.3,0.372038
572.35,0.371241
572.4,0.370443
572.45,0.369646
572.5,0.368849
572.55,0.368052
572.6,0.367255
572.65,0.366458
572.7,0.36566
572.75,0.364863
572.8,0.364066
572.85,0.363269
572.9,0.362472
572.95,0.361675
573,0.360877
573.05,0.36008
573.1,0.359283
573.15,0.358486
573.2,0.357689
573.25,0.356892
573.3,0.356094
573.35,0.355152
573.4,0.354172
573.45,0.353193
573.5,0.352214
573.55,0.351234
573.6,0.350255
573.65,0.349275
573.7,0.348296
573.75,0.347317
573.8,0.346337
573.85,0.345358
573.9,0.344379
573.95,0.343399
574,0.34242
574.05,0.341441
574.1,0.340461
574.15,0.339482
574.2,0.338503
574.25,0.337523
574.3,0.336544
574.35,0.335564
574.4,0.334585
574.45,0.333606
574.5,0.332626
574.55,0.33164
574.6,0.330577
574.65,0.329513
574.7,0.328449
574.75,0.327386
574.8,0.326322
574.85,0.325258
574.9,0.324194
574.95,0.323131
575,0.322067
575.05,0.321003
575.1,0.31994
575.15,0.318876
575.2,0.317812
575.25,0.316749
575.3,0.315685
575.35,0.314621
575.4,0.313558
575.45,0.312494
575.5,0.31143
575.55,0.310366
575.6,0.309303
575.65,0.308239
575.7,0.307175
575.75,0.306112
575.8,0.30502
575.85,0.303879
575.9,0.302738
575.95,0.301596
576,0.300455
576.05,0.299314
576.1,0.298173
576.15,0.297031
576.2,0.29589
576.25,0.294749
576.3,0.293608
576.35,0.292467
576.4,0.291325
576.45,0.290184
576.5,0.289043
576.55,0.287902
576.6,0.28676
576.65,0.285619
576.7,0.284478
576.75,0.283337
576.8,0.282195
576.85,0.281054
576.9,0.279913
576.95,0.278772
577,0.277631
577.05,0.276504
577.1,0.275386
577.15,0.274269
577.2,0.273151
577.25,0.272033
577.3,0.270915
577.35,0.269797
577.4,0.268679
577.45,0.267562
577.5,0.266444
577.55,0.265326
577.6,0.264208
577.65,0.26309
577.7,0.261973
577.75,0.260855
577.8,0.259737
577.85,0.258619
577.9,0.257501
577.95,0.256383
578,0.255266
578.05,0.254148
578.1,0.25303
578.15,0.251912
578.2,0.250794
578.25,0.249676
578.3,0.248578
578.35,0.247481
578.4,0.246384
578.45,0.245288
578.5,0.244191
578.55,0.243094
578.6,0.241997
578.65,0.240901
578.7,0.239804
578.75,0.238707
578.8,0.23761
578.85,0.236514
578.9,0.235417
578.95,0.23432
579,0.233223
579.05,0.232127
579.1,0.23103
579.15,0.229933
579.2,0.228836
579.25,0.22774
579.3,0.226643
579.35,0.225546
579.4,0.224449
579.45,0.223353
579.5,0.22228
579.55,0.221305
579.6,0.220329
579.65,0.219354
579.7,0.218379
579.75,0.217403
579.8,0.216428
579.85,0.215452
579.9,0.214477
579.95,0.213502
580,0.212526
580.05,0.211551
580.1,0.210575
580.15,0.2096
580.2,0.208625
580.25,0.207649
580.3,0.206674
580.35,0.205698
580.4,0.204723
580.45,0.203748
580.5,0.202772
580.55,0.201797
580.6,0.200821
580.65,0.199846
580.7,0.198871
580.75,0.197947
580.8,0.197079
580.85,0.196211
580.9,0.195343
580.95,0.194475
581,0.193607
581.05,0.19274
581.1,0.191872
581.15,0.191004
581.2,0.190136
581.25,0.189268
581.3,0.1884
581.35,0.187532
581.4,0.186664
581.45,0.185797
581.5,0.184929
581.55,0.184061
581.6,0.183193
581.65,0.182325
581.7,0.181457
581.75,0.180589
581.8,0.179721
581.85,0.178854
581.9,0.177986
581.95,0.177118
582,0.176337
582.05,0.175581
582.1,0.174824
582.15,0.174068
582.2,0.173312
582.25,0.172555
582.3,0.171799
582.35,0.171043
582.4,0.170286
582.45,0.16953
582.5,0.168774
582.55,0.168017
582.6,0.167261
582.65,0.166505
582.7,0.165748
582.75,0.164992
582.8,0.164236
582.85,0.163479
582.9,0.162723
582.95,0.161967
583,0.16121
583.05,0.160454
583.1,0.159698
583.15,0.158942
583.2,0.15819
583.25,0.157507
583.3,0.156824
583.35,0.156141
583.4,0.155458
583.45,0.154775
583.5,0.154092
583.55,0.153409
583.6,0.152726
583.65,0.152043
583.7,0.15136
583.75,0.150677
583.8,0.149994
583.85,0.149311
583.9,0.148628
583.95,0.147945
584,0.147262
584.05,0.146579
584.1,0.145896
584.15,0.145213
584.2,0.14453
584.25,0.143847
584.3,0.143164
584.35,0.142481
584.4,0.141798
584.45,0.141157
584.5,0.140599
584.55,0.140041
584.6,0.139482
584.65,0.138924
584.7,0.138366
584.75,0.137807
584.8,0.137249
584.85,0.136691
584.9,0.136132
584.95,0.135574
585,0.135016
585.05,0.134458
585.1,0.133899
585.15,0.133341
585.2,0.132783
585.25,0.132224
585.3,0.131666
585.35,0.131108
585.4,0.130549
585.45,0.129991
585.5,0.129433
585.55,0.128875
585.6,0.128316
585.65,0.127758
585.7,0.12725
585.75,0.126773
585.8,0.126295
585.85,0.125818
585.9,0.125341
585.95,0.124863
586,0.124386
586.05,0.123909
586.1,0.123431
586.15,0.122954
586.2,0.122477
586.25,0.121999
586.3,0.121522
586.35,0.121045
586.4,0.120567
586.45,0.12009
586.5,0.119613
586.55,0.119136
586.6,0.118658
586.65,0.118181
586.7,0.117704
586.75,0.117226
586.8,0.116749
586.85,0.116272
586.9,0.115794
586.95,0.115409
587,0.115033
587.05,0.114658
587.1,0.114282
587.15,0.113907
587.2,0.113531
587.25,0.113156
587.3,0.11278
587.35,0.112405
587.4,0.112029
587.45,0.111654
587.5,0.111278
587.55,0.110903
587.6,0.110528
587.65,0.110152
587.7,0.109777
587.75,0.109401
587.8,0.109026
587.85,0.10865
587.9,0.108275
587.95,0.107899
588,0.107524
588.05,0.107148
588.1,0.106773
588.15,0.106408
588.2,0.106094
588.25,0.10578
588.3,0.105466
588.35,0.105152
588.4,0.104838
588.45,0.104524
588.5,0.10421
588.55,0.103896
588.6,0.103582
588.65,0.103268
588.7,0.102954
588.75,0.10264
588.8,0.102326
588.85,0.102012
588.9,0.101697
588.95,0.101383
589,0.101069
589.05,0.100755
589.1,0.100441
589.15,0.100127
589.2,0.099813
589.25,0.099499
589.3,0.099185
589.35,0.098871
589.4,0.098588
589.45,0.098341
589.5,0.098095
589.55,0.097848
589.6,0.097601
589.65,0.097355
589.7,0.097108
589.75,0.096862
589.8,0.096615
589.85,0.096368
589.9,0.096122
589.95,0.095875
590,0.095629
590.05,0.095382
590.1,0.095135
590.15,0.094889
590.2,0.094642
590.25,0.094396
590.3,0.094149
590.35,0.093902
590.4,0.093656
590.45,0.093409
590.5,0.093163
590.55,0.092916
590.6,0.092669
590.65,0.092457
590.7,0.092258
590.75,0.092058
590.8,0.091858
590.85,0.091658
590.9,0.091458
590.95,0.091259
591,0.091059
591.05,0.090859
591.1,0.090659
591.15,0.090459
591.2,0.09026
591.25,0.09006
591.3,0.08986
591.35,0.08966
591.4,0.08946
591.45,0.089261
591.5,0.089061
591.55,0.088861
591.6,0.088661
591.65,0.088462
591.7,0.088262
591.75,0.088062
591.8,0.087862
591.85,0.087663
591.9,0.087507
591.95,0.087352
592,0.087196
592.05,0.08704
592.1,0.086884
592.15,0.086728
592.2,0.086572
592.25,0.086417
592.3,0.086261
592.35,0.086105
592.4,0.085949
592.45,0.085793
592.5,0.085637
592.55,0.085482
592.6,0.085326
592.65,0.08517
592.7,0.085014
592.75,0.084858
592.8,0.084702
592.85,0.084547
592.9,0.084391
592.95,0.084235
593,0.084079
593.05,0.083923
593.1,0.083776
593.15,0.08365
593.2,0.083523
593.25,0.083397
593.3,0.08327
593.35,0.083144
593.4,0.083017
593.45,0.082891
593.5,0.082764
593.55,0.082638
593.6,0.082511
593.65,0.082385
593.7,0.082258
593.75,0.082132
593.8,0.082005
593.85,0.081879
593.9,0.081752
593.95,0.081626
594,0.081499
594.05,0.081373
594.1,0.081246
594.15,0.08112
594.2,0.080993
594.25,0.080867
594.3,0.08074
594.35,0.080627
594.4,0.080523
594.45,0.08042
594.5,0.080316
594.55,0.080212
594.6,0.080109
594.65,0.080005
594.7,0.079902
594.75,0.079798
594.8,0.079694
594.85,0.079591
594.9,0.079487
594.95,0.079383
595,0.07928
595.05,0.079176
595.1,0.079073
595.15,0.078969
595.2,0.078865
595.25,0.078762
595.3,0.078658
595.35,0.078554
595.4,0.078451
595.45,0.078347
595.5,0.078244
595.55,0.07814
595.6,0.078052
595.65,0.077966
595.7,0.077881
595.75,0.077795
595.8,0.077709
595.85,0.077623
595.9,0.077538
595.95,0.077452
596,0.077366
596.05,0.077281
596.1,0.077195
596.15,0.077109
596.2,0.077023
596.25,0.076938
596.3,0.076852
596.35,0.076766
596.4,0.07668
596.45,0.076595
596.5,0.076509
596.55,0.076423
596.6,0.076338
596.65,0.076252
596.7,0.076166
596.75,0.07608
596.8,0.075997
596.85,0.075928
596.9,0.075858
596.95,0.075789
597,0.07572
597.05,0.07565
597.1,0.075581
597.15,0.075511
597.2,0.075442
597.25,0.075372
597.3,0.075303
597.35,0.075234
597.4,0.075164
597.45,0.075095
597.5,0.075025
597.55,0.074956
597.6,0.074886
597.65,0.074817
597.7,0.074748
597.75,0.074678
597.8,0.074609
597.85,0.074539
597.9,0.07447
597.95,0.074401
598,0.074331
598.05,0.074264
598.1,0.074198
598.15,0.074133
598.2,0.074068
598.25,0.074002
598.3,0.073937
598.35,0.073872
598.4,0.073807
598.45,0.073741
598.5,0.073676
598.55,0.073611
598.6,0.073546
598.65,0.07348
598.7,0.073415
598.75,0.07335
598.8,0.073285
598.85,0.073219
598.9,0.073154
598.95,0.073089
599,0.073023
599.05,0.072958
599.1,0.072893
599.15,0.072828
599.2,0.072762
599.25,0.072697
599.3,0.072637
599.35,0.072578
599.4,0.07252
599.45,0.072461
599.5,0.072402
599.55,0.072344
599.6,0.072285
599.65,0.072227
599.7,0.072168
599.75,0.072109
599.8,0.072051
599.85,0.071992
599.9,0.071934
599.95,0.071875
600,0.071817
600.05,0.071758
600.1,0.071699
600.15,0.071641
600.2,0.071582
600.25,0.071524
600.3,0.071465
600.35,0.071406
600.4,0.071348
600.45,0.071289
600.5,0.071231
600.55,0.071172
600.6,0.071114
600.65,0.071056
600.7,0.070998
600.75,0.070939
600.8,0.070881
600.85,0.070823
600.9,0.070764
600.95,0.070706
601,0.070648
601.05,0.070589
601.1,0.070531
601.15,0.070473
601.2,0.070415
601.25,0.070356
601.3,0.070298
601.35,0.07024
601.4,0.070181
601.45,0.070123
601.5,0.070065
601.55,0.070006
601.6,0.069948
601.65,0.06989
601.7,0.069832
601.75,0.069774
601.8,0.069718
601.85,0.069662
601.9,0.069606
601.95,0.069551
602,0.069495
602.05,0.069439
602.1,0.069383
602.15,0.069327
602.2,0.069271
602.25,0.069215
602.3,0.069159
602.35,0.069104
602.4,0.069048
602.45,0.068992
602.5,0.068936
602.55,0.06888
602.6,0.068824
602.65,0.068768
602.7,0.068713
602.75,0.068657
602.8,0.068601
602.85,0.068545
602.9,0.068489
602.95,0.068433
603,0.068377
603.05,0.06832
603.1,0.068264
603.15,0.068207
603.2,0.06815
603.25,0.068094
603.3,0.068037
603.35,0.06798
603.4,0.067924
603.45,0.067867
603.5,0.06781
603.55,0.067754
603.6,0.067697
603.65,0.067641
603.7,0.067584
603.75,0.067527
603.8,0.067471
603.85,0.067414
603.9,0.067357
603.95,0.067301
604,0.067244
604.05,0.067187
604.1,0.067131
604.15,0.067074
604.2,0.067017
604.25,0.066964
604.3,0.066912
604.35,0.066859
604.4,0.066806
604.45,0.066754
604.5,0.066701
604.55,0.066649
604.6,0.066596
604.65,0.066543
604.7,0.066491
604.75,0.066438
604.8,0.066386
604.85,0.066333
604.9,0.06628
604.95,0.066228
605,0.066175
605.05,0.066123
605.1,0.06607
605.15,0.066018
605.2,0.065965
605.25,0.065912
605.3,0.06586
605.35,0.065807
605.4,0.065755
605.45,0.065702
605.5,0.065651
605.55,0.065599
605.6,0.065548
605.65,0.065496
605.7,0.065445
605.75,0.065393
605.8,0.065342
605.85,0.065291
605.9,0.065239
605.95,0.065188
606,0.065136
606.05,0.065085
606.1,0.065033
606.15,0.064982
606.2,0.06493
606.25,0.064879
606.3,0.064828
606.35,0.064776
606.4,0.064725
606.45,0.064673
606.5,0.064622
606.55,0.06457
606.6,0.064519
606.65,0.064467
606.7,0.064416
606.75,0.064363
606.8,0.06431
606.85,0.064258
606.9,0.064205
606.95,0.064153
607,0.0641
607.05,0.064047
607.1,0.063995
607.15,0.063942
607.2,0.06389
607.25,0.063837
607.3,0.063785
607.35,0.063732
607.4,0.063679
607.45,0.063627
607.5,0.063574
607.55,0.063522
607.6,0.063469
607.65,0.063416
607.7,0.063364
607.75,0.063311
607.8,0.063259
607.85,0.063206
607.9,0.063154
607.95,0.063107
608,0.063064
608.05,0.063021
608.1,0.062978
608.15,0.062934
608.2,0.062891
608.25,0.062848
608.3,0.062805
608.35,0.062762
608.4,0.062718
608.45,0.062675
608.5,0.062632
608.55,0.062589
608.6,0.062546
608.65,0.062502
608.7,0.062459
608.75,0.062416
608.8,0.062373
608.85,0.062329
608.9,0.062286
608.95,0.062243
609,0.0622
609.05,0.062157
609.1,0.062113
609.15,0.06207
609.2,0.062027
609.25,0.061983
609.3,0.061939
609.35,0.061896
609.4,0.061852
609.45,0.061809
609.5,0.061765
609.55,0.061721
609.6,0.061678
609.65,0.061634
609.7,0.061591
609.75,0.061547
609.8,0.061504
609.85,0.06146
609.9,0.061416
609.95,0.061373
610,0.061329
610.05,0.061286
610.1,0.061242
610.15,0.061198
610.2,0.061155
610.25,0.061111
610.3,0.061068
610.35,0.061024
610.4,0.060981
610.45,0.06094
610.5,0.060899
610.55,0.060859
610.6,0.060818
610.65,0.060777
610.7,0.060736
610.75,0.060695
610.8,0.060654
610.85,0.060613
610.9,0.060573
610.95,0.060532
611,0.060491
611.05,0.06045
611.1,0.060409
611.15,0.060368
611.2,0.060327
611.25,0.060287
611.3,0.060246
611.35,0.060205
611.4,0.060164
611.45,0.060123
611.5,0.060082
611.55,0.060041
611.6,0.060001
611.65,0.059964
611.7,0.05993
611.75,0.059897
611.8,0.059864
611.85,0.059831
611.9,0.059797
611.95,0.059764
612,0.059731
612.05,0.059697
612.1,0.059664
612.15,0.059631
612.2,0.059597
612.25,0.059564
612.3,0.059531
612.35,0.059497
612.4,0.059464
612.45,0.059431
612.5,0.059398
612.55,0.059364
612.6,0.059331
612.65,0.059298
612.7,0.059264
612.75,0.059231
612.8,0.059198
612.85,0.059164
612.9,0.059131
612.95,0.059097
613,0.059063
613.05,0.059029
613.1,0.058996
613.15,0.058962
613.2,0.058928
613.25,0.058894
613.3,0.05886
613.35,0.058827
613.4,0.058793
613.45,0.058759
613.5,0.058725
613.55,0.058691
613.6,0.058658
613.65,0.058624
613.7,0.05859
613.75,0.058556
613.8,0.058522
613.85,0.058489
613.9,0.058455
613.95,0.058421
614,0.058387
614.05,0.058353
614.1,0.05832
614.15,0.058287
614.2,0.058255
614.25,0.058223
614.3,0.05819
614.35,0.058158
614.4,0.058126
614.45,0.058093
614.5,0.058061
614.55,0.058028
614.6,0.057996
614.65,0.057964
614.7,0.057931
614.75,0.057899
614.8,0.057867
614.85,0.057834
614.9,0.057802
614.95,0.05777
615,0.057737
615.05,0.057705
615.1,0.057672
615.15,0.05764
615.2,0.057608
615.25,0.057575
615.3,0.057543
615.35,0.057513
615.4,0.057487
615.45,0.057461
615.5,0.057435
615.55,0.057409
615.6,0.057384
615.65,0.057358
615.7,0.057332
615.75,0.057306
615.8,0.05728
615.85,0.057254
615.9,0.057228
615.95,0.057202
616,0.057176
616.05,0.05715
616.1,0.057124
616.15,0.057098
616.2,0.057073
616.25,0.057047
616.3,0.057021
616.35,0.056995
616.4,0.056969
616.45,0.056943
616.5,0.056917
616.55,0.056891
616.6,0.056864
616.65,0.056837
616.7,0.056809
616.75,0.056781
616.8,0.056754
616.85,0.056726
616.9,0.056699
616.95,0.056671
617,0.056644
617.05,0.056616
617.1,0.056588
617.15,0.056561
617.2,0.056533
617.25,0.056506
617.3,0.056478
617.35,0.05645
617.4,0.056423
617.45,0.056395
617.5,0.056368
617.55,0.05634
617.6,0.056313
617.65,0.056285
617.7,0.056257
617.75,0.05623
617.8,0.056202
617.85,0.056176
617.9,0.05615
617.95,0.056124
618,0.056098
618.05,0.056072
618.1,0.056046
618.15,0.05602
618.2,0.055994
618.25,0.055968
618.3,0.055941
618.35,0.055915
618.4,0.055889
618.45,0.055863
618.5,0.055837
618.55,0.055811
618.6,0.055785
618.65,0.055759
618.7,0.055733
618.75,0.055707
618.8,0.055681
618.85,0.055655
618.9,0.055629
618.95,0.055602
619,0.055576
619.05,0.055551
619.1,0.05553
619.15,0.055508
619.2,0.055487
619.25,0.055465
619.3,0.055443
619.35,0.055422
619.4,0.0554
619.45,0.055379
619.5,0.055357
619.55,0.055336
619.6,0.055314
619.65,0.055292
619.7,0.055271
619.75,0.055249
619.8,0.055228
619.85,0.055206
619.9,0.055185
619.95,0.055163
620,0.055141
620.05,0.05512
620.1,0.055098
620.15,0.055077
620.2,0.055055
620.25,0.055034
620.3,0.05501
620.35,0.054985
620.4,0.054959
620.45,0.054934
620.5,0.054908
620.55,0.054883
620.6,0.054857
620.65,0.054832
620.7,0.054806
620.75,0.054781
620.8,0.054755
620.85,0.05473
620.9,0.054704
620.95,0.054679
621,0.054653
621.05,0.054628
621.1,0.054603
621.15,0.054577
621.2,0.054552
621.25,0.054526
621.3,0.054501
621.35,0.054475
621.4,0.05445
621.45,0.054424
621.5,0.054399
621.55,0.054378
621.6,0.054359
621.65,0.05434
621.7,0.05432
621.75,0.054301
621.8,0.054282
621.85,0.054263
621.9,0.054243
621.95,0.054224
622,0.054205
622.05,0.054185
622.1,0.054166
622.15,0.054147
622.2,0.054128
622.25,0.054108
622.3,0.054089
622.35,0.05407
622.4,0.054051
622.45,0.054031
622.5,0.054012
622.55,0.053993
622.6,0.053973
622.65,0.053954
622.7,0.053935
622.75,0.053915
622.8,0.053889
622.85,0.053864
622.9,0.053838
622.95,0.053812
623,0.053786
623.05,0.053761
623.1,0.053735
623.15,0.053709
623.2,0.053683
623.25,0.053658
623.3,0.053632
623.35,0.053606
623.4,0.05358
623.45,0.053555
623.5,0.053529
623.55,0.053503
623.6,0.053477
623.65,0.053452
623.7,0.053426
623.75,0.0534
623.8,0.053374
623.85,0.053349
623.9,0.053323
623.95,0.053297
624,0.053274
624.05,0.053256
624.1,0.053238
624.15,0.053221
624.2,0.053203
624.25,0.053185
624.3,0.053167
624.35,0.053149
624.4,0.053131
624.45,0.053113
624.5,0.053095
624.55,0.053078
624.6,0.05306
624.65,0.053042
624.7,0.053024
624.75,0.053006
624.8,0.052988
624.85,0.05297
624.9,0.052952
624.95,0.052935
625,0.052917
625.05,0.052899
625.1,0.052881
625.15,0.052863
625.2,0.052845
625.25,0.052824
625.3,0.0528
625.35,0.052777
625.4,0.052754
625.45,0.05273
625.5,0.052707
625.55,0.052683
625.6,0.05266
625.65,0.052636
625.7,0.052613
625.75,0.05259
625.8,0.052566
625.85,0.052543
625.9,0.052519
625.95,0.052496
626,0.052473
626.05,0.052449
626.1,0.052426
626.15,0.052402
626.2,0.052379
626.25,0.052356
626.3,0.052332
626.35,0.052309
626.4,0.052285
626.45,0.052262
626.5,0.052243
626.55,0.052224
626.6,0.052206
626.65,0.052187
626.7,0.052168
626.75,0.052149
626.8,0.052131
626.85,0.052112
626.9,0.052093
626.95,0.052075
627,0.052056
627.05,0.052037
627.1,0.052019
627.15,0.052
627.2,0.051981
627.25,0.051962
627.3,0.051944
627.35,0.051925
627.4,0.051906
627.45,0.051888
627.5,0.051869
627.55,0.05185
627.6,0.051831
627.65,0.051813
627.7,0.051793
627.75,0.051771
627.8,0.051748
627.85,0.051725
627.9,0.051703
627.95,0.05168
628,0.051657
628.05,0.051634
628.1,0.051612
628.15,0.051589
628.2,0.051566
628.25,0.051544
628.3,0.051521
628.35,0.051498
628.4,0.051476
628.45,0.051453
628.5,0.05143
628.55,0.051408
628.6,0.051385
628.65,0.051362
628.7,0.051339
628.75,0.051317
628.8,0.051294
628.85,0.051271
628.9,0.051249
628.95,0.051227
629,0.051207
629.05,0.051187
629.1,0.051166
629.15,0.051146
629.2,0.051126
629.25,0.051106
629.3,0.051085
629.35,0.051065
629.4,0.051045
629.45,0.051025
629.5,0.051004
629.55,0.050984
629.6,0.050964
629.65,0.050944
629.7,0.050923
629.75,0.050903
629.8,0.050883
629.85,0.050862
629.9,0.050842
629.95,0.050822
630,0.050802
630.05,0.050781
630.1,0.050761
630.15,0.050741
630.2,0.05072
630.25,0.050698
630.3,0.050677
630.35,0.050655
630.4,0.050634
630.45,0.050612
630.5,0.050591
630.55,0.050569
630.6,0.050548
630.65,0.050527
630.7,0.050505
630.75,0.050484
630.8,0.050462
630.85,0.050441
630.9,0.050419
630.95,0.050398
631,0.050376
631.05,0.050355
631.1,0.050333
631.15,0.050312
631.2,0.05029
631.25,0.050269
631.3,0.050247
631.35,0.050226
631.4,0.050204
631.45,0.050182
631.5,0.050159
631.55,0.050136
631.6,0.050113
631.65,0.050091
631.7,0.050068
631.75,0.050045
631.8,0.050022
631.85,0.049999
631.9,0.049977
631.95,0.049954
632,0.049931
632.05,0.049908
632.1,0.049885
632.15,0.049863
632.2,0.04984
632.25,0.049817
632.3,0.049794
632.35,0.049772
632.4,0.049749
632.45,0.049726
632.5,0.049703
632.55,0.04968
632.6,0.049658
632.65,0.049635
632.7,0.049611
632.75,0.049588
632.8,0.049565
632.85,0.049541
632.9,0.049518
632.95,0.049494
633,0.049471
633.05,0.049448
633.1,0.049424
633.15,0.049401
633.2,0.049378
633.25,0.049354
633.3,0.049331
633.35,0.049307
633.4,0.049284
633.45,0.049261
633.5,0.049237
633.55,0.049214
633.6,0.049191
633.65,0.049167
633.7,0.049144
633.75,0.04912
633.8,0.049097
633.85,0.049074
633.9,0.04905
633.95,0.049027
634,0.049003
634.05,0.048979
634.1,0.048956
634.15,0.048932
634.2,0.048909
634.25,0.048885
634.3,0.048861
634.35,0.048838
634.4,0.048814
634.45,0.048791
634.5,0.048767
634.55,0.048743
634.6,0.04872
634.65,0.048696
634.7,0.048673
634.75,0.048649
634.8,0.048625
634.85,0.048602
634.9,0.048578
634.95,0.048554
635,0.048531
635.05,0.048507
635.1,0.048484
635.15,0.048465
635.2,0.048447
635.25,0.048429
635.3,0.04841
635.35,0.048392
635.4,0.048374
635.45,0.048356
635.5,0.048338
635.55,0.04832
635.6,0.048302
635.65,0.048283
635.7,0.048265
635.75,0.048247
635.8,0.048229
635.85,0.048211
635.9,0.048193
635.95,0.048174
636,0.048156
636.05,0.048138
636.1,0.04812
636.15,0.048102
636.2,0.048084
636.25,0.048066
636.3,0.048047
636.35,0.048028
636.4,0.048001
636.45,0.047974
636.5,0.047947
636.55,0.04792
636.6,0.047893
636.65,0.047866
636.7,0.047839
636.75,0.047812
636.8,0.047785
636.85,0.047758
636.9,0.047731
636.95,0.047704
637,0.047677
637.05,0.04765
637.1,0.047623
637.15,0.047596
637.2,0.047569
637.25,0.047542
637.3,0.047515
637.35,0.047488
637.4,0.047461
637.45,0.047434
637.5,0.047407
637.55,0.04738
637.6,0.047354
637.65,0.047329
637.7,0.047304
637.75,0.047279
637.8,0.047254
637.85,0.047229
637.9,0.047205
637.95,0.04718
638,0.047155
638.05,0.04713
638.1,0.047105
638.15,0.04708
638.2,0.047056
638.25,0.047031
638.3,0.047006
638.35,0.046981
638.4,0.046956
638.45,0.046931
638.5,0.046907
638.55,0.046882
638.6,0.046857
638.65,0.046832
638.7,0.046807
638.75,0.046782
638.8,0.046758
638.85,0.046733
638.9,0.046708
638.95,0.046684
639,0.046659
639.05,0.046635
639.1,0.04661
639.15,0.046585
639.2,0.046561
639.25,0.046536
639.3,0.046512
639.35,0.046487
639.4,0.046463
639.45,0.046438
639.5,0.046413
639.55,0.046389
639.6,0.046364
639.65,0.04634
639.7,0.046315
639.75,0.046291
639.8,0.046266
639.85,0.046242
639.9,0.046217
639.95,0.046192
640,0.046168
640.05,0.046143
640.1,0.046118
640.15,0.046092
640.2,0.046067
640.25,0.046041
640.3,0.046016
640.35,0.04599
640.4,0.045965
640.45,0.045939
640.5,0.045914
640.55,0.045888
640.6,0.045863
640.65,0.045837
640.7,0.045812
640.75,0.045786
640.8,0.045761
640.85,0.045735
640.9,0.04571
640.95,0.045684
641,0.045659
641.05,0.045633
641.1,0.045608
641.15,0.045582
641.2,0.045557
641.25,0.045531
641.3,0.045504
641.35,0.045477
641.4,0.04545
641.45,0.045422
641.5,0.045395
641.55,0.045367
641.6,0.04534
641.65,0.045312
641.7,0.045285
641.75,0.045257
641.8,0.04523
641.85,0.045203
641.9,0.045175
641.95,0.045148
642,0.04512
642.05,0.045093
642.1,0.045065
642.15,0.045038
642.2,0.04501
642.25,0.044983
642.3,0.044956
642.35,0.044928
642.4,0.044901
642.45,0.044873
642.5,0.044846
642.55,0.04482
642.6,0.044794
642.65,0.044768
642.7,0.044742
642.75,0.044715
642.8,0.044689
642.85,0.044663
642.9,0.044637
642.95,0.044611
643,0.044585
643.05,0.044559
643.1,0.044533
643.15,0.044507
643.2,0.044481
643.25,0.044455
643.3,0.044428
643.35,0.044402
643.4,0.044376
643.45,0.04435
643.5,0.044324
643.55,0.044298
643.6,0.044272
643.65,0.044246
643.7,0.04422
643.75,0.044191
643.8,0.044162
643.85,0.044132
643.9,0.044103
643.95,0.044073
644,0.044044
644.05,0.044014
644.1,0.043984
644.15,0.043955
644.2,0.043925
644.25,0.043896
644.3,0.043866
644.35,0.043837
644.4,0.043807
644.45,0.043777
644.5,0.043748
644.55,0.043718
644.6,0.043689
644.65,0.043659
644.7,0.04363
644.75,0.0436
644.8,0.04357
644.85,0.043541
644.9,0.043511
644.95,0.043482
645,0.043452
645.05,0.043422
645.1,0.043393
645.15,0.043363
645.2,0.043333
645.25,0.043304
645.3,0.043274
645.35,0.043244
645.4,0.043215
645.45,0.043185
645.5,0.043155
645.55,0.043126
645.6,0.043096
645.65,0.043067
645.7,0.043037
645.75,0.043007
645.8,0.042978
645.85,0.042948
645.9,0.042918
645.95,0.042889
646,0.042859
646.05,0.042829
646.1,0.0428
646.15,0.04277
646.2,0.042742
646.25,0.042715
646.3,0.042687
646.35,0.04266
646.4,0.042632
646.45,0.042605
646.5,0.042577
646.55,0.04255
646.6,0.042523
646.65,0.042495
646.7,0.042468
646.75,0.04244
646.8,0.042413
646.85,0.042385
646.9,0.042358
646.95,0.042331
647,0.042303
647.05,0.042276
647.1,0.042248
647.15,0.042221
647.2,0.042193
647.25,0.042166
647.3,0.042138
647.35,0.042111
647.4,0.042083
647.45,0.042055
647.5,0.042027
647.55,0.041999
647.6,0.041971
647.65,0.041943
647.7,0.041915
647.75,0.041887
647.8,0.041859
647.85,0.041831
647.9,0.041803
647.95,0.041775
648,0.041747
648.05,0.041719
648.1,0.041691
648.15,0.041663
648.2,0.041635
648.25,0.041607
648.3,0.041579
648.35,0.041551
648.4,0.041523
648.45,0.041495
648.5,0.041467
648.55,0.041439
648.6,0.041411
648.65,0.04138
648.7,0.041348
648.75,0.041316
648.8,0.041285
648.85,0.041253
648.9,0.041221
648.95,0.041189
649,0.041158
649.05,0.041126
649.1,0.041094
649.15,0.041063
649.2,0.041031
649.25,0.040999
649.3,0.040968
649.35,0.040936
649.4,0.040904
649.45,0.040872
649.5,0.040841
649.55,0.040809
649.6,0.040777
649.65,0.040746
649.7,0.040714
649.75,0.040682
649.8,0.040651
649.85,0.04062
649.9,0.04059
649.95,0.04056
650,0.04053
650.05,0.0405
650.1,0.04047
650.15,0.04044
650.2,0.04041
650.25,0.04038
650.3,0.04035
650.35,0.04032
650.4,0.04029
650.45,0.04026
650.5,0.04023
650.55,0.0402
650.6,0.04017
650.65,0.04014
650.7,0.04011
650.75,0.04008
650.8,0.04005
650.85,0.04002
650.9,0.03999
650.95,0.03996
651,0.03993
651.05,0.0399
651.1,0.039868
651.15,0.039837
651.2,0.039805
651.25,0.039774
651.3,0.039742
651.35,0.039711
651.4,0.039679
651.45,0.039648
651.5,0.039616
651.55,0.039585
651.6,0.039553
651.65,0.039522
651.7,0.03949
651.75,0.039459
651.8,0.039427
651.85,0.039396
651.9,0.039364
651.95,0.039333
652,0.039301
652.05,0.03927
652.1,0.039238
652.15,0.039207
652.2,0.039175
652.25,0.039144
652.3,0.039111
652.35,0.039077
652.4,0.039043
652.45,0.039009
652.5,0.038975
652.55,0.038942
652.6,0.038908
652.65,0.038874
652.7,0.03884
652.75,0.038806
652.8,0.038772
652.85,0.038739
652.9,0.038705
652.95,0.038671
653,0.038637
653.05,0.038603
653.1,0.038569
653.15,0.038535
653.2,0.038502
653.25,0.038468
653.3,0.038434
653.35,0.0384
653.4,0.038366
653.45,0.038332
653.5,0.038299
653.55,0.038265
653.6,0.038231
653.65,0.038197
653.7,0.038163
653.75,0.038129
653.8,0.038095
653.85,0.038062
653.9,0.038028
653.95,0.037994
654,0.03796
654.05,0.037926
654.1,0.037892
654.15,0.037858
654.2,0.037825
654.25,0.037791
654.3,0.037757
654.35,0.037723
654.4,0.037689
654.45,0.037655
654.5,0.037622
654.55,0.037588
654.6,0.037554
654.65,0.03752
654.7,0.037486
654.75,0.037453
654.8,0.037421
654.85,0.037388
654.9,0.037356
654.95,0.037323
655,0.037291
655.05,0.037258
655.1,0.037226
655.15,0.037193
655.2,0.037161
655.25,0.037129
655.3,0.037096
655.35,0.037064
655.4,0.037031
655.45,0.036999
655.5,0.036966
655.55,0.036934
655.6,0.036901
655.65,0.036869
655.7,0.036836
655.75,0.036804
655.8,0.036771
655.85,0.036739
655.9,0.036706
655.95,0.036674
656,0.036644
656.05,0.036613
656.1,0.036583
656.15,0.036552
656.2,0.036522
656.25,0.036491
656.3,0.036461
656.35,0.03643
656.4,0.0364
656.45,0.036369
656.5,0.036338
656.55,0.036308
656.6,0.036277
656.65,0.036247
656.7,0.036216
656.75,0.036186
656.8,0.036155
656.85,0.036125
656.9,0.036094
656.95,0.036064
657,0.036033
657.05,0.036003
657.1,0.035972
657.15,0.035941
657.2,0.03591
657.25,0.035878
657.3,0.035846
657.35,0.035814
657.4,0.035782
657.45,0.03575
657.5,0.035718
657.55,0.035686
657.6,0.035654
657.65,0.035622
657.7,0.03559
657.75,0.035557
657.8,0.035525
657.85,0.035493
657.9,0.035461
657.95,0.035429
658,0.035397
658.05,0.035365
658.1,0.035333
658.15,0.035301
658.2,0.035269
658.25,0.035237
658.3,0.035205
658.35,0.035173
658.4,0.035141
658.45,0.035111
658.5,0.03508
658.55,0.035049
658.6,0.035018
658.65,0.034988
658.7,0.034957
658.75,0.034926
658.8,0.034895
658.85,0.034865
658.9,0.034834
658.95,0.034803
659,0.034772
659.05,0.034741
659.1,0.034711
659.15,0.03468
659.2,0.034649
659.25,0.034618
659.3,0.034588
659.35,0.034557
659.4,0.034526
659.45,0.034495
659.5,0.034465
659.55,0.034434
659.6,0.034403
659.65,0.03437
659.7,0.034336
659.75,0.034301
659.8,0.034267
659.85,0.034233
659.9,0.034198
659.95,0.034164
660,0.03413
660.05,0.034096
660.1,0.034061
660.15,0.034027
660.2,0.033993
660.25,0.033959
660.3,0.033924
660.35,0.03389
660.4,0.033856
660.45,0.033822
660.5,0.033787
660.55,0.033753
660.6,0.033719
660.65,0.033685
660.7,0.03365
660.75,0.033616
660.8,0.033582
660.85,0.033548
660.9,0.033518
660.95,0.033487
661,0.033457
661.05,0.033427
661.1,0.033396
661.15,0.033366
661.2,0.033335
661.25,0.033305
661.3,0.033275
661.35,0.033244
661.4,0.033214
661.45,0.033183
661.5,0.033153
661.55,0.033122
661.6,0.033092
661.65,0.033062
661.7,0.033031
661.75,0.033001
661.8,0.03297
661.85,0.03294
661.9,0.032909
661.95,0.032879
662,0.032849
662.05,0.032818
662.1,0.032787
662.15,0.032756
662.2,0.032725
662.25,0.032693
662.3,0.032662
662.35,0.032631
662.4,0.032599
662.45,0.032568
662.5,0.032537
662.55,0.032505
662.6,0.032474
662.65,0.032443
662.7,0.032411
662.75,0.03238
662.8,0.032349
662.85,0.032318
662.9,0.032286
662.95,0.032255
663,0.032224
663.05,0.032192
663.1,0.032161
663.15,0.03213
663.2,0.032098
663.25,0.032067
663.3,0.032036
663.35,0.032007
663.4,0.031979
663.45,0.03195
663.5,0.031921
663.55,0.031892
663.6,0.031864
663.65,0.031835
663.7,0.031806
663.75,0.031777
663.8,0.031749
663.85,0.03172
663.9,0.031691
663.95,0.031662
664,0.031634
664.05,0.031605
664.1,0.031576
664.15,0.031547
664.2,0.031519
664.25,0.03149
664.3,0.031461
664.35,0.031432
664.4,0.031404
664.45,0.031375
664.5,0.031346
664.55,0.031316
664.6,0.031285
664.65,0.031254
664.7,0.031223
664.75,0.031191
664.8,0.03116
664.85,0.031129
664.9,0.031098
664.95,0.031067
665,0.031036
665.05,0.031005
665.1,0.030974
665.15,0.030942
665.2,0.030911
665.25,0.03088
665.3,0.030849
665.35,0.030818
665.4,0.030787
665.45,0.030756
665.5,0.030725
665.55,0.030693
665.6,0.030662
665.65,0.030631
665.7,0.0306
665.75,0.030569
665.8,0.030539
665.85,0.030509
665.9,0.030479
665.95,0.030449
666,0.030419
666.05,0.03039
666.1,0.03036
666.15,0.03033
666.2,0.0303
666.25,0.03027
666.3,0.03024
666.35,0.03021
666.4,0.03018
666.45,0.03015
666.5,0.03012
666.55,0.03009
666.6,0.03006
666.65,0.03003
666.7,0.03
666.75,0.02997
666.8,0.029941
666.85,0.029911
666.9,0.029881
666.95,0.029851
667,0.029819
667.05,0.029787
667.1,0.029754
667.15,0.029722
667.2,0.029689
667.25,0.029656
667.3,0.029624
667.35,0.029591
667.4,0.029559
667.45,0.029526
667.5,0.029494
667.55,0.029461
667.6,0.029429
667.65,0.029396
667.7,0.029363
667.75,0.029331
667.8,0.029298
667.85,0.029266
667.9,0.029233
667.95,0.029201
668,0.029168
668.05,0.029136
668.1,0.029103
668.15,0.02907
668.2,0.029038
668.25,0.029009
668.3,0.02898
668.35,0.028951
668.4,0.028922
668.45,0.028893
668.5,0.028864
668.55,0.028835
668.6,0.028806
668.65,0.028777
668.7,0.028748
668.75,0.028719
668.8,0.02869
668.85,0.028661
668.9,0.028631
668.95,0.028602
669,0.028573
669.05,0.028544
669.1,0.028515
669.15,0.028486
669.2,0.028457
669.25,0.028428
669.3,0.028399
669.35,0.02837
669.4,0.028341
669.45,0.028312
669.5,0.028282
669.55,0.028253
669.6,0.028223
669.65,0.028194
669.7,0.028164
669.75,0.028135
669.8,0.028106
669.85,0.028076
669.9,0.028047
669.95,0.028017
670,0.027988
670.05,0.027958
670.1,0.027929
670.15,0.027899
670.2,0.02787
670.25,0.02784
670.3,0.027811
670.35,0.027782
670.4,0.027752
670.45,0.027723
670.5,0.027693
670.55,0.027664
670.6,0.027634
670.65,0.027605
670.7,0.027574
670.75,0.027542
670.8,0.027511
670.85,0.02748
670.9,0.027449
670.95,0.027418
671,0.027387
671.05,0.027355
671.1,0.027324
671.15,0.027293
671.2,0.027262
671.25,0.027231
671.3,0.0272
671.35,0.027169
671.4,0.027137
671.45,0.027106
671.5,0.027075
671.55,0.027044
671.6,0.027013
671.65,0.026982
671.7,0.026951
671.75,0.026919
671.8,0.026888
671.85,0.026857
671.9,0.026826
671.95,0.026796
672,0.026766
672.05,0.026736
672.1,0.026706
672.15,0.026676
672.2,0.026646
672.25,0.026616
672.3,0.026586
672.35,0.026556
672.4,0.026526
672.45,0.026496
672.5,0.026466
672.55,0.026436
672.6,0.026406
672.65,0.026376
672.7,0.026346
672.75,0.026315
672.8,0.026285
672.85,0.026255
672.9,0.026225
672.95,0.026195
673,0.026165
673.05,0.026135
673.1,0.026105
673.15,0.026075
673.2,0.026046
673.25,0.026016
673.3,0.025986
673.35,0.025956
673.4,0.025927
673.45,0.025897
673.5,0.025867
673.55,0.025838
673.6,0.025808
673.65,0.025778
673.7,0.025748
673.75,0.025719
673.8,0.025689
673.85,0.025659
673.9,0.02563
673.95,0.0256
674,0.02557
674.05,0.02554
674.1,0.025511
674.15,0.025481
674.2,0.025451
674.25,0.025422
674.3,0.025392
674.35,0.025363
674.4,0.025334
674.45,0.025305
674.5,0.025276
674.55,0.025247
674.6,0.025218
674.65,0.025189
674.7,0.025161
674.75,0.025132
674.8,0.025103
674.85,0.025074
674.9,0.025045
674.95,0.025016
675,0.024987
675.05,0.024959
675.1,0.02493
675.15,0.024901
675.2,0.024872
675.25,0.024843
675.3,0.024814
675.35,0.024785
675.4,0.024757
675.45,0.024728
675.5,0.024699
675.55,0.02467
675.6,0.024643
675.65,0.024617
675.7,0.024591
675.75,0.024564
675.8,0.024538
675.85,0.024511
675.9,0.024485
675.95,0.024458
676,0.024432
676.05,0.024405
676.1,0.024379
676.15,0.024352
676.2,0.024326
676.25,0.024299
676.3,0.024273
676.35,0.024247
676.4,0.02422
676.45,0.024194
676.5,0.024167
676.55,0.024141
676.6,0.024114
676.65,0.024088
676.7,0.024061
676.75,0.024035
676.8,0.024007
676.85,0.023977
676.9,0.023948
676.95,0.023918
677,0.023888
677.05,0.023859
677.1,0.023829
677.15,0.023799
677.2,0.023769
677.25,0.02374
677.3,0.02371
677.35,0.02368
677.4,0.023651
677.45,0.023621
677.5,0.023591
677.55,0.023562
677.6,0.023532
677.65,0.023502
677.7,0.023473
677.75,0.023443
677.8,0.023413
677.85,0.023384
677.9,0.023354
677.95,0.023324
678,0.023295
678.05,0.023267
678.1,0.023239
678.15,0.023212
678.2,0.023184
678.25,0.023157
678.3,0.023129
678.35,0.023102
678.4,0.023074
678.45,0.023047
678.5,0.023019
678.55,0.022992
678.6,0.022964
678.65,0.022937
678.7,0.022909
678.75,0.022882
678.8,0.022854
678.85,0.022827
678.9,0.022799
678.95,0.022772
679,0.022744
679.05,0.022717
679.1,0.022689
679.15,0.022661
679.2,0.022634
679.25,0.022607
679.3,0.022581
679.35,0.022554
679.4,0.022528
679.45,0.022502
679.5,0.022476
679.55,0.022449
679.6,0.022423
679.65,0.022397
679.7,0.022371
679.75,0.022344
679.8,0.022318
679.85,0.022292
679.9,0.022266
679.95,0.022239
680,0.022213
680.05,0.022187
680.1,0.022161
680.15,0.022134
680.2,0.022108
680.25,0.022082
680.3,0.022056
680.35,0.022029
680.4,0.022003
680.45,0.021977
680.5,0.021947
680.55,0.021917
680.6,0.021887
680.65,0.021856
680.7,0.021826
680.75,0.021796
680.8,0.021766
680.85,0.021735
680.9,0.021705
680.95,0.021675
681,0.021645
681.05,0.021615
681.1,0.021584
681.15,0.021554
681.2,0.021524
681.25,0.021494
681.3,0.021463
681.35,0.021433
681.4,0.021403
681.45,0.021373
681.5,0.021343
681.55,0.021312
681.6,0.021282
681.65,0.021252
681.7,0.021222
681.75,0.021192
681.8,0.021163
681.85,0.021133
681.9,0.021103
681.95,0.021074
682,0.021044
682.05,0.021014
682.1,0.020985
682.15,0.020955
682.2,0.020925
682.25,0.020895
682.3,0.020866
682.35,0.020836
682.4,0.020806
682.45,0.020777
682.5,0.020747
682.55,0.020717
682.6,0.020688
682.65,0.020658
682.7,0.020628
682.75,0.020599
682.8,0.020569
682.85,0.020539
682.9,0.02051
682.95,0.020482
683,0.020455
683.05,0.020428
683.1,0.0204
683.15,0.020373
683.2,0.020346
683.25,0.020318
683.3,0.020291
683.35,0.020264
683.4,0.020236
683.45,0.020209
683.5,0.020182
683.55,0.020155
683.6,0.020127
683.65,0.0201
683.7,0.020073
683.75,0.020045
683.8,0.020018
683.85,0.019991
683.9,0.019964
683.95,0.019936
684,0.019909
684.05,0.019882
684.1,0.019854
684.15,0.019826
684.2,0.019795
684.25,0.019765
684.3,0.019734
684.35,0.019704
684.4,0.019673
684.45,0.019643
684.5,0.019612
684.55,0.019582
684.6,0.019551
684.65,0.019521
684.7,0.01949
684.75,0.01946
684.8,0.019429
684.85,0.019399
684.9,0.019368
684.95,0.019338
685,0.019307
685.05,0.019277
685.1,0.019246
685.15,0.019216
685.2,0.019185
685.25,0.019155
685.3,0.019124
685.35,0.019094
685.4,0.019064
685.45,0.019034
685.5,0.019005
685.55,0.018975
685.6,0.018945
685.65,0.018916
685.7,0.018886
685.75,0.018857
685.8,0.018827
685.85,0.018797
685.9,0.018768
685.95,0.018738
686,0.018709
686.05,0.018679
686.1,0.018649
686.15,0.01862
686.2,0.01859
686.25,0.01856
686.3,0.018531
686.35,0.018501
686.4,0.018472
686.45,0.018442
686.5,0.018412
686.55,0.018383
686.6,0.018353
686.65,0.018326
686.7,0.0183
686.75,0.018274
686.8,0.018248
686.85,0.018222
686.9,0.018196
686.95,0.01817
687,0.018144
687.05,0.018118
687.1,0.018092
687.15,0.018066
687.2,0.01804
687.25,0.018014
687.3,0.017988
687.35,0.017962
687.4,0.017936
687.45,0.01791
687.5,0.017884
687.55,0.017858
687.6,0.017832
687.65,0.017806
687.7,0.017781
687.75,0.017755
687.8,0.017729
687.85,0.017703
687.9,0.017673
687.95,0.017644
688,0.017614
688.05,0.017584
688.1,0.017554
688.15,0.017525
688.2,0.017495
688.25,0.017465
688.3,0.017435
688.35,0.017406
688.4,0.017376
688.45,0.017346
688.5,0.017316
688.55,0.017287
688.6,0.017257
688.65,0.017227
688.7,0.017197
688.75,0.017168
688.8,0.017138
688.85,0.017108
688.9,0.017078
688.95,0.017048
689,0.017019
689.05,0.016989
689.1,0.016959
689.15,0.016933
689.2,0.016907
689.25,0.016881
689.3,0.016855
689.35,0.016829
689.4,0.016802
689.45,0.016776
689.5,0.01675
689.55,0.016724
689.6,0.016698
689.65,0.016672
689.7,0.016646
689.75,0.01662
689.8,0.016594
689.85,0.016567
689.9,0.016541
689.95,0.016515
690,0.016489
690.05,0.016463
690.1,0.016437
690.15,0.016411
690.2,0.016385
690.25,0.016358
690.3,0.016332
690.35,0.016306
690.4,0.016281
690.45,0.016255
690.5,0.01623
690.55,0.016205
690.6,0.016179
690.65,0.016154
690.7,0.016128
690.75,0.016103
690.8,0.016077
690.85,0.016052
690.9,0.016027
690.95,0.016001
691,0.015976
691.05,0.01595
691.1,0.015925
691.15,0.015899
691.2,0.015874
691.25,0.015848
691.3,0.015823
691.35,0.015798
691.4,0.015772
691.45,0.015747
691.5,0.015721
691.55,0.015696
691.6,0.01567
691.65,0.015645
691.7,0.015619
691.75,0.015594
691.8,0.015568
691.85,0.015543
691.9,0.015517
691.95,0.015492
692,0.015466
692.05,0.015441
692.1,0.015415
692.15,0.01539
692.2,0.015364
692.25,0.015339
692.3,0.015313
692.35,0.015288
692.4,0.015262
692.45,0.015237
692.5,0.015211
692.55,0.015186
692.6,0.01516
692.65,0.015135
692.7,0.015109
692.75,0.015084
692.8,0.015058
692.85,0.015032
692.9,0.015006
692.95,0.014981
693,0.014955
693.05,0.014929
693.1,0.014903
693.15,0.014877
693.2,0.014851
693.25,0.014825
693.3,0.014799
693.35,0.014773
693.4,0.014747
693.45,0.014722
693.5,0.014696
693.55,0.01467
693.6,0.014644
693.65,0.014618
693.7,0.014592
693.75,0.014566
693.8,0.01454
693.85,0.014514
693.9,0.014489
693.95,0.014463
694,0.014437
694.05,0.014411
694.1,0.014387
694.15,0.014364
694.2,0.014341
694.25,0.014318
694.3,0.014295
694.35,0.014272
694.4,0.014249
694.45,0.014226
694.5,0.014203
694.55,0.01418
694.6,0.014157
694.65,0.014134
694.7,0.014111
694.75,0.014089
694.8,0.014066
694.85,0.014043
694.9,0.01402
694.95,0.013997
695,0.013974
695.05,0.013951
695.1,0.013928
695.15,0.013905
695.2,0.013882
695.25,0.013859
695.3,0.013836
695.35,0.013814
695.4,0.013792
695.45,0.013771
695.5,0.013749
695.55,0.013727
695.6,0.013705
695.65,0.013684
695.7,0.013662
695.75,0.01364
695.8,0.013618
695.85,0.013597
695.9,0.013575
695.95,0.013553
696,0.013532
696.05,0.01351
696.1,0.013488
696.15,0.013466
696.2,0.013445
696.25,0.013423
696.3,0.013401
696.35,0.013379
696.4,0.013358
696.45,0.013336
696.5,0.013314
696.55,0.013292
696.6,0.013268
696.65,0.013243
696.7,0.013219
696.75,0.013194
696.8,0.013169
696.85,0.013145
696.9,0.01312
696.95,0.013095
697,0.013071
697.05,0.013046
697.1,0.013021
697.15,0.012997
697.2,0.012972
697.25,0.012947
697.3,0.012923
697.35,0.012898
697.4,0.012873
697.45,0.012849
697.5,0.012824
697.55,0.012799
697.6,0.012775
697.65,0.01275
697.7,0.012725
697.75,0.012701
697.8,0.012676
697.85,0.012657
697.9,0.012637
697.95,0.012617
698,0.012598
698.05,0.012578
698.1,0.012558
698.15,0.012538
698.2,0.012519
698.25,0.012499
698.3,0.012479
698.35,0.01246
698.4,0.01244
698.45,0.01242
698.5,0.012401
698.55,0.012381
698.6,0.012361
698.65,0.012341
698.7,0.012322
698.75,0.012302
698.8,0.012282
698.85,0.012263
698.9,0.012243
698.95,0.012223
699,0.012203
699.05,0.012182
699.1,0.012153
699.15,0.012124
699.2,0.012096
699.25,0.012067
699.3,0.012038
699.35,0.01201
699.4,0.011981
699.45,0.011952
699.5,0.011924
699.55,0.011895
699.6,0.011866
699.65,0.011838
699.7,0.011809
699.75,0.01178
699.8,0.011752
699.85,0.011723
699.9,0.011694
699.95,0.011666
700,0.011637
