θ/2θ,Intensity
10,57.64978409
10.01000023,70.97779083
10.02000046,106.250679
10.02999973,107.8497849
10.03999996,123.1092758
10.05000019,88.31938934
10.06000042,90.95098114
10.06999969,71.44216156
10.07999992,61.19657516
10.09000015,70.93476868
10.10000038,100.6566772
10.10999966,95.74276733
10.11999989,82.41488647
10.13000011,96.36948395
10.14000034,83.63872528
10.14999962,80
10.15999985,58.20691681
10.17000008,58.77885056
10.18000031,81.77104187
10.18999958,81.22666931
10.19999981,80
10.21000004,58.26218033
10.22000027,58.76500702
10.22999954,70.85778046
10.23999977,62.48113251
10.25,60
10.26000023,60
10.27000046,81.670784
10.27999973,97.49642944
10.28999996,89.1758728
10.30000019,70.43894196
10.31000042,61.26025391
10.31999969,81.61431885
10.32999992,108.2696228
10.34000015,97.13964844
10.35000038,71.75315857
10.35999966,72.05885315
10.36999989,73.33333588
10.38000011,67.94687653
10.39000034,72.05025482
10.39999962,73.33333588
10.40999985,67.95550537
10.42000008,66.66666412
10.43000031,72.03871155
10.43999958,62.59504318
10.44999981,81.46495819
10.46000004,97.39332581
10.47000027,78.55834198
10.47999954,62.61834717
10.48999977,70.70913696
10.5,89.38824463
10.51000023,98.68202972
10.52000046,89.30848694
10.52999973,59.95262527
10.53999996,42.65362167
10.55000019,56.01068878
10.56000042,81.33573151
10.56999969,97.32859039
10.57999992,100
10.59000015,84.02497101
10.60000038,74.67797852
10.60999966,78.65236664
10.61999989,64.05188751
10.63000011,81.25214386
10.64000034,54.80649567
10.64999962,46.66666794
10.65999985,89.0986557
10.67000008,68.1941452
10.68000031,49.40410614
10.68999958,67.84632111
10.69999981,94.5008316
10.71000004,73.55584717
10.72000027,66.66666412
10.72999954,50.81848526
10.73999977,78.34466553
10.75,86.66666412
10.76000023,81.39313507
10.77000046,58.91818237
10.77999973,74.4028244
10.78999996,74.73571014
10.80000019,83.85572052
10.81000042,86.66666412
10.81999969,102.4316483
10.82999992,90.91100311
10.84000015,91.91544342
10.85000038,93.33333588
10.85999966,67.12067413
10.86999989,70.47880554
10.88000011,68.09706116
10.89000034,87.59918213
10.89999962,77.64337921
10.90999985,89.01383972
10.92000008,114.2280502
10.93000031,125.22052
10.93999958,90.14519501
10.94999981,85.21417999
10.96000004,71.03365326
10.97000027,66.66666412
10.97999954,66.66666412
10.98999977,92.67388916
11,110.396492
11.01000023,102.9432449
11.02000046,89.61632538
11.02999973,86.66666412
11.03999996,71.11045074
11.05000019,66.66666412
11.06000042,66.66666412
11.06999969,77.01810455
11.07999992,74.82752228
11.09000015,57.82562256
11.10000038,58.49932098
11.10999966,90.97639465
11.11999989,79.36210632
11.13000011,52.70850372
11.14000034,51.81960297
11.14999962,68.78231812
11.15999985,93.91886139
11.17000008,89.71380615
11.18000031,66.10745239
11.18999958,90.81904602
11.19999981,120.5328293
11.21000004,106.1470642
11.22000027,94.87341309
11.22999954,98.456604
11.23999977,89.76010132
11.25,76.4334259
11.26000023,78.44662476
11.27000046,64.67014313
11.27999973,54.89339066
11.28999996,68.64311981
11.30000019,73.33333588
11.31000042,88.62298584
11.31999969,62.77421188
11.32999992,68.60279083
11.34000015,93.6791153
11.35000038,115.2491989
11.35999966,79.3625412
11.36999989,56.51408005
11.38000011,68.55203247
11.39000034,93.61133575
11.39999962,100
11.40999985,110.1253738
11.42000008,108.2740631
11.43000031,96.55496216
11.43999958,93.33333588
11.44999981,98.38233185
11.46000004,84.86331177
11.47000027,100.1684875
11.47999954,86.51196289
11.48999977,74.96477509
11.5,83.39687347
11.51000023,81.63835907
11.52000046,85.02484894
11.52999973,96.70941925
11.53999996,115.0536957
11.55000019,104.956749
11.56000042,89.97813416
11.56999969,86.66666412
11.57999992,86.66666412
11.59000015,61.66444397
11.60000038,58.33027267
11.60999966,99.94741821
11.61999989,103.353508
11.63000011,90.02722168
11.64000034,76.70094299
11.64999962,83.29199982
11.65999985,91.64246368
11.67000008,93.33333588
11.68000031,83.3959198
11.68999958,94.89546967
11.69999981,104.9616013
11.71000004,57.08627701
11.72000027,59.81789017
11.72999954,91.4211731
11.73999977,129.6839447
11.75,110.3375473
11.76000023,109.8803101
11.77000046,123.206459
11.77999973,121.733696
11.78999996,105.2118988
11.80000019,109.8515167
11.81000042,98.5668869
11.81999969,98.25186157
11.82999992,95.08509064
11.84000015,93.33333588
11.85000038,83.51802826
11.85999966,80
11.86999989,94.7011261
11.88000011,95.10327148
11.89000034,88.44025421
11.89999962,96.44550323
11.90999985,109.7715149
11.92000008,113.3333359
11.93000031,79.18438721
11.93999958,52.04243088
11.94999981,51.53773117
11.96000004,53.33333206
11.97000027,58.19702148
11.97999954,64.85999298
11.98999977,61.81037521
12,55.14741516
12.01000023,63.03107834
12.02000046,66.66666412
12.02999973,86.0324173
12.03999996,88.49562073
12.05000019,72.16472626
12.06000042,85.98764801
12.06999969,102.9863434
12.07999992,87.37562561
12.09000015,65.54296875
12.10000038,74.44576263
12.10999966,104.0574722
12.11999989,79.67922974
12.13000011,71.47062683
12.14000034,68.53314972
12.14999962,66.66666412
12.15999985,61.87404633
12.17000008,88.73299408
12.18000031,95.21496582
12.18999958,88.55209351
12.19999981,81.88922882
12.21000004,108.6417542
12.22000027,105.690567
12.22999954,85.70201874
12.23999977,70.47566223
12.25,71.42501068
12.26000023,87.59686279
12.27000046,88.58266449
12.27999973,67.67935181
12.28999996,64.74298096
12.30000019,80.88404846
12.31000042,77.19612885
12.31999969,73.33333588
12.32999992,92.24349976
12.34000015,109.4473343
12.35000038,85.01457977
12.35999966,73.33333588
12.36999989,73.33333588
12.38000011,82.74960327
12.39000034,96.07514191
12.39999962,85.89899445
12.40999985,70.60713959
12.42000008,76.05170441
12.43000031,84.68860626
12.43999958,67.92792511
12.44999981,60
12.46000004,74.03049469
12.47000027,75.32710266
12.47999954,78.00228882
12.48999977,75.33498383
12.5,54.68907928
12.51000023,83.92354584
12.52000046,90.69369507
12.52999973,86.66666412
12.53999996,105.247551
12.55000019,85.48584747
12.56000042,87.24514771
12.56999969,111.8664856
12.57999992,96.85349274
12.59000015,91.29197693
12.60000038,70.22676849
12.60999966,83.08655548
12.61999989,84.10671997
12.63000011,80
12.64000034,75.39472198
12.64999962,82.53585052
12.65999985,77.47219849
12.67000008,87.11294556
12.68000031,88.74416351
12.68999958,59.15587997
12.69999981,51.24775314
12.71000004,76.21852875
12.72000027,82.09368134
12.72999954,84.56892395
12.73999977,77.53694153
12.75,77.89412689
12.76000023,102.7836227
12.77000046,90.57009888
12.77999973,80
12.78999996,70.91104126
12.80000019,53.04550171
12.81000042,51.20296097
12.81999969,75.99430084
12.82999992,77.61048889
12.84000015,64.2853775
12.85000038,78.07945251
12.85999966,100.2138977
12.86999989,79.59693909
12.88000011,84.69663239
12.89000034,88.82997131
12.89999962,95.66510773
12.90999985,100
12.92000008,104.4909286
12.93000031,79.74598694
12.93999958,84.59716034
12.94999981,88.85487366
12.96000004,59.8208847
12.97000027,64.54717255
12.97999954,73.33333588
12.98999977,64.40979004
13,60
13.01000023,60
13.02000046,68.89841461
13.02999973,55.55330276
13.03999996,59.98908234
13.05000019,66.66666412
13.06000042,66.66666412
13.06999969,93.23567963
13.07999992,115.5145645
13.09000015,106.7408371
13.10000038,100
13.10999966,122.056282
13.11999989,102.4842148
13.13000011,91.06944275
13.14000034,88.93480682
13.14999962,73.4838562
13.15999985,75.44669342
13.17000008,84.38574982
13.18000031,108.5740814
13.18999958,98.11394501
13.19999981,64.80199432
13.21000004,53.33333206
13.22000027,48.96896362
13.22999954,55.38682175
13.23999977,77.42313385
13.25,108.4240875
13.26000023,93.91691589
13.27000046,84.34287262
13.27999973,73.65098572
13.28999996,71.0009079
13.30000019,86.32309723
13.31000042,84.68214417
13.31999969,67.03620911
13.32999992,68.63385773
13.34000015,69.02074432
13.35000038,40.81720734
13.35999966,52.4900322
13.36999989,83.86483002
13.38000011,101.9236984
13.39000034,98.0850296
13.39999962,101.9062424
13.40999985,89.53834534
13.42000008,71.44458771
13.43000031,79.48664093
13.43999958,112.280304
13.44999981,109.6084671
13.46000004,87.21953583
13.47000027,80
13.47999954,54.49187851
13.48999977,48.49389267
13.5,53.33333206
13.51000023,57.57144928
13.52000046,64.23369598
13.52999973,49.7495842
13.53999996,52.6745224
13.55000019,60
13.56000042,60
13.56999969,81.05761719
13.57999992,84.91918182
13.59000015,63.18950653
13.60000038,78.52233124
13.60999966,84.94592285
13.61999989,92.56771851
13.63000011,83.26091766
13.64000034,73.33333588
13.64999962,73.33333588
13.65999985,73.33333588
13.67000008,81.66702271
13.68000031,74.17961121
13.68999958,58.35095596
13.69999981,53.33333206
13.71000004,45.03563309
13.72000027,60.72169495
13.72999954,73.33333588
13.73999977,77.46864319
13.75,88.26156616
13.76000023,80.95456696
13.77000046,60.96816254
13.77999973,61.56770706
13.78999996,91.34254456
13.80000019,98.45046234
13.81000042,76.91912842
13.81999969,66.66666412
13.82999992,66.66666412
13.84000015,78.93629456
13.85000038,82.58135986
13.85999966,67.75778961
13.86999989,60
13.88000011,64.07157898
13.89000034,62.59967041
13.89999962,84.37444305
13.90999985,112.1734467
13.92000008,128.1064301
13.93000031,109.0416412
13.93999958,105.4653549
13.94999981,101.2151413
13.96000004,81.22898865
13.97000027,65.27301025
13.97999954,51.9489212
13.98999977,58.72940063
14,78.71549988
14.01000023,102.7132339
14.02000046,105.3193283
14.02999973,116.0094223
14.03999996,94.68502045
14.05000019,73.33333588
14.06000042,65.35654449
14.06999969,67.96746063
14.07999992,81.29145813
14.09000015,114.4874115
14.10000038,105.5453186
14.10999966,86.66666412
14.11999989,66.86490631
14.13000011,53.33333206
14.14000034,80.99013519
14.14999962,96.0537262
14.15999985,89.39176178
14.17000008,86.66666412
14.18000031,90.59882355
14.18999958,89.40589142
14.19999981,86.66666412
14.21000004,90.58467102
14.22000027,85.50678253
14.22999954,60.45727921
14.23999977,66.18570709
14.25,115.0916214
14.26000023,120.5283737
14.27000046,94.99794006
14.27999973,113.8604355
14.28999996,106.1728668
14.30000019,82.79135895
14.31000042,72.25891876
14.31999969,66.66666412
14.32999992,74.38866425
14.34000015,83.85621643
14.35000038,98.22097778
14.35999966,91.28005981
14.36999989,91.52558136
14.38000011,100
14.39000034,77.00640106
14.39999962,60
14.40999985,71.46796417
14.42000008,83.81784058
14.43000031,94.29272461
14.43999958,92.38358307
14.44999981,75.2565155
14.46000004,85.65944672
14.47000027,100
14.47999954,84.84445953
14.48999977,61.98119736
14.5,57.11253357
14.51000023,75.09740448
14.52000046,79.12767029
14.52999973,88.39189148
14.53999996,88.72067261
14.55000019,80
14.56000042,83.75003815
14.56999969,79.17633057
14.57999992,69.5930481
14.59000015,77.87287903
14.60000038,90.39718628
14.60999966,93.33333588
14.61999989,82.17113495
14.63000011,73.33333588
14.64000034,88.17704773
14.64999962,88.88193512
14.65999985,68.89666748
14.67000008,78.48097229
14.68000031,93.33333588
14.68999958,71.21523285
14.69999981,71.74044037
14.71000004,94.01964569
14.72000027,107.3431091
14.72999954,95.00027466
14.73999977,80
14.75,72.68656158
14.76000023,77.6219635
14.77000046,75.72624207
14.77999973,70.30851746
14.78999996,84.24398041
14.80000019,96.96524811
14.81000042,92.74611664
14.81999969,86.66666412
14.82999992,90.28364563
14.84000015,89.72133636
14.85000038,79.45265198
14.85999966,80.53735352
14.86999989,86.66666412
14.88000011,86.66666412
14.89000034,75.90564728
14.89999962,80.99465179
14.90999985,82.60238647
14.92000008,80.4772644
14.93000031,83.09972382
14.93999958,80
14.94999981,87.11376953
14.96000004,96.88518524
14.97000027,85.81275177
14.97999954,73.33333588
14.98999977,91.01695251
15,96.07164764
15.01000023,97.246521
15.02000046,92.58042908
15.02999973,72.96700287
15.03999996,66.66666412
15.05000019,77.18574524
15.06000042,93.66923523
15.06999969,93.00758362
15.07999992,79.68441772
15.09000015,87.27748871
15.10000038,93.0381012
15.10999966,90.14251709
15.11999989,100.2748413
15.13000011,92.80406189
15.14000034,62.69727325
15.14999962,63.94384003
15.15999985,86.9006424
15.17000008,96.77853394
15.18000031,93.11984253
15.18999958,86.66666412
15.19999981,86.66666412
15.21000004,96.94072723
15.22000027,103.2471161
15.22999954,86.34236908
15.23999977,83.56111145
15.25,103.5456619
15.26000023,116.7322922
15.27000046,113.2124023
15.27999973,99.88939667
15.28999996,96.7168045
15.30000019,86.48680115
15.31000042,73.33333588
15.31999969,90.17307281
15.32999992,123.4804993
15.34000015,123.2120972
15.35000038,89.90471649
15.35999966,83.37492371
15.36999989,86.64933777
15.38000011,90.01039124
15.39000034,96.66840363
15.39999962,90.00695038
15.40999985,73.38198853
15.42000008,66.6319046
15.43000031,76.64406586
15.43999958,66.77796936
15.44999981,66.53444672
15.46000004,70.11486053
15.47000027,66.57962036
15.47999954,73.33333588
15.48999977,60.21603394
15.5,66.31112671
15.51000023,73.59136963
15.52000046,66.52713776
15.52999973,86.36656952
15.53999996,83.73477173
15.55000019,63.41888809
15.56000042,63.24250793
15.56999969,66.66666412
15.57999992,63.43471527
15.59000015,60
15.60000038,60
15.60999966,72.86436462
15.61999989,89.87746429
15.63000011,96.53883362
15.64000034,77.59862518
15.64999962,56.52822495
15.65999985,72.75832367
15.67000008,96.21946716
15.68000031,93.9508667
15.68999958,83.17362976
15.69999981,80.33006287
15.71000004,82.822258
15.72000027,96.49097443
15.72999954,93.69538879
15.73999977,80.3727417
15.75,70.19171143
15.76000023,72.93920898
15.77000046,73.73815918
15.77999973,79.16892242
15.78999996,68.37169647
15.80000019,43.11484146
15.81000042,52.8856163
15.81999969,75.52052307
15.82999992,90.23460388
15.84000015,68.10655975
15.85000038,52.84260559
15.85999966,60
15.86999989,66.15438843
15.88000011,82.54873657
15.89000034,90.26692963
15.89999962,86.66666412
15.90999985,83.61106873
15.92000008,80
15.93000031,70.86566925
15.93999958,69.11808014
15.94999981,76.96605682
15.96000004,85.44740295
15.97000027,100
15.97999954,84.91170502
15.98999977,63.65444183
16,78.04071808
16.01000023,93.99731445
16.02000046,86.66666412
16.03000069,80.68576813
16.04000092,82.28832245
16.04999924,90.35379791
16.05999947,77.74443054
16.06999969,69.63527679
16.07999992,67.40704346
16.09000015,62.95767212
16.10000038,66.66666412
16.11000061,63.71994781
16.12000084,65.88246918
16.12999916,76.26908112
16.13999939,94.65129852
16.14999962,95.78473663
16.15999985,61.65626144
16.17000008,49.58043289
16.18000031,79.50769043
16.19000053,101.7223206
16.20000076,83.76942444
16.20999908,68.43309784
16.21999931,56.21953964
16.22999954,71.52272797
16.23999977,83.79151154
16.25,74.26074982
16.26000023,69.53075409
16.27000046,81.90898895
16.28000069,90.48032379
16.29000092,83.81919861
16.29999924,85.68383026
16.30999947,93.33333588
16.31999969,87.67171478
16.32999992,85.65049744
16.34000015,87.6939621
16.35000038,80
16.36000061,65.95726776
16.37000084,49.46963882
16.37999916,70.11769867
16.38999939,101.7087708
16.39999962,99.40219116
16.40999985,74.4387207
16.42000008,61.11657333
16.43000031,56.1027832
16.44000053,68.29155731
16.45000076,80
16.45999908,82.75263977
16.46999931,72.93151093
16.47999954,53.33333206
16.48999977,58.80493546
16.5,80.31756592
16.51000023,94.55088806
16.52000046,78.5098877
16.53000069,80.23313904
16.54000092,102.7076569
16.54999924,101.2626266
16.55999947,85.24420166
16.56999969,78.71479797
16.57999992,78.61141968
16.59000015,66.66666412
16.60000038,69.34043884
16.61000061,81.33766937
16.62000084,95.99578094
16.62999916,94.68643951
16.63999939,89.31777954
16.64999962,85.39702606
16.65999985,70.693573
16.67000008,61.39851379
16.68000031,53.33333206
16.69000053,55.95603561
16.70000076,65.23402405
16.70999908,68.11070251
16.71999931,57.39438248
16.72999954,53.33333206
16.73999977,55.92754364
16.75,65.17700195
16.76000023,75.91612244
16.77000046,82.57707214
16.78000069,73.80991364
16.79000092,58.46458435
16.79999924,74.34636688
16.80999947,81.55832672
16.81999969,68.23646545
16.82999992,62.54269791
16.84000015,69.20362091
16.85000038,75.86454773
16.86000061,80
16.87000084,97.63799286
16.87999916,124.15271
16.88999939,114.9835968
16.89999962,91.65203857
16.90999985,61.67332077
16.92000008,60.80604553
16.93000031,88.24412537
16.94000053,110.8539734
16.95000076,101.7195129
16.95999908,88.39774323
16.96999931,72.6139679
16.97999954,62.45621872
16.98999977,64.21623993
17,67.33389282
17.01000023,67.80583954
17.02000046,49.09969711
17.03000069,53.33333206
17.04000092,55.75474548
17.04999924,76.90919495
17.05999947,94.61775208
17.06999969,73.33333588
17.07999992,80.52774811
17.09000015,83.76408386
17.10000038,73.82611084
17.11000061,86.66666412
17.12000084,91.41629028
17.12999916,97.63102722
17.13999939,93.33333588
17.14999962,90.97605133
17.15999985,86.66666412
17.17000008,79.62994385
17.18000031,66.66666412
17.19000053,64.33280945
17.20000076,55.34401321
17.20999908,55.95516968
17.21999931,71.01707458
17.22999954,66.66666412
17.23999977,73.58017731
17.25,86.66666412
17.26000023,79.78845215
17.27000046,78.10092163
17.28000069,93.15711975
17.29000092,86.82519531
17.29999924,102.269165
17.30999947,113.4564667
17.31999969,117.6372147
17.32999992,88.74272156
17.34000015,64.42111969
17.35000038,64.47926331
17.36000061,80.0344696
17.37000084,95.56112671
17.37999916,91.11253357
17.38999939,68.90145111
17.39999962,62.21001053
17.40999985,66.66666412
17.42000008,64.46852875
17.43000031,64.38439178
17.44000053,79.89208984
17.45000076,91.1530304
17.45999908,93.18972778
17.46999931,104.4982681
17.47999954,97.83755493
17.48999977,91.17684937
17.5,84.5161438
17.51000023,88.57820892
17.52000046,98.11233521
17.53000069,73.60217285
17.54000092,64.25326538
17.54999924,77.57463837
17.55999947,90.89600372
17.56999969,97.89131927
17.57999992,99.64141083
17.59000015,102.8498383
17.60000038,88.36280823
17.61000061,102.497261
17.62000084,82.93983459
17.62999916,64.14538574
17.63999939,69.19996643
17.64999962,76.48538208
17.65999985,103.060051
17.67000008,86.14591217
17.68000031,83.65908051
17.69000053,52.77643585
17.70000076,68.69722748
17.70999908,69.28427124
17.71999931,66.05548096
17.72999954,86.03736877
17.73999977,106.0192413
17.75,117.9996338
17.76000023,99.37307739
17.77000046,68.65493774
17.78000069,69.36890411
17.79000092,60
17.79999924,71.82058716
17.80999947,98.03596497
17.81999969,87.45943451
17.82999992,73.33333588
17.84000015,73.33333588
17.85000038,83.03206635
17.86000061,100.8656616
17.87000084,80.88391113
17.87999916,64.74517059
17.88999939,63.83081818
17.89999962,73.33333588
17.90999985,75.23655701
17.92000008,74.3086319
17.93000031,61.89102173
17.94000053,66.66666412
17.95000076,70.42427826
17.95999908,80
17.96999931,83.73316193
17.97999954,95.19379425
17.98999977,100
18,105.5446625
18.01000023,112.6316299
18.02000046,91.49736786
18.03000069,83.00700378
18.04000092,66.03855896
18.04999924,48.48422241
18.05999947,56.95615768
18.06999969,72.08246613
18.07999992,90.26490021
18.09000015,103.5859299
18.10000038,118.6937637
18.11000061,127.9913788
18.12000084,104.4608765
18.12999916,71.15836334
18.13999939,46.66666794
18.14999962,50.17864609
18.15999985,60
18.17000008,61.7436409
18.18000031,70.1415863
18.19000053,83.46255493
18.20000076,88.15805817
18.20999908,71.61443329
18.21999931,73.51750946
18.22999954,88.21378326
18.23999977,75.03365326
18.25,81.69411469
18.26000023,90.04249573
18.27000046,101.6817093
18.28000069,101.6401825
18.29000092,91.67451477
18.29999924,100.0144043
18.30999947,78.34315491
18.31999969,74.98395538
18.32999992,80
18.34000015,75.08548737
18.35000038,64.89582062
18.36000061,83.25141144
18.37000084,88.47492981
18.37999916,74.94656372
18.38999939,86.42793274
18.39999962,106.6666641
18.40999985,108.2611542
18.42000008,106.9803925
18.43000031,80.33874512
18.44000053,63.15144348
18.45000076,79.61117554
18.45999908,100
18.46999931,101.5569305
18.47999954,109.7679825
18.48999977,110.7336884
18.5,80
18.51000023,81.53182983
18.52000046,94.29440308
18.53000069,118.4807358
18.54000092,104.2554932
18.54999924,79.36006165
18.55999947,100
18.56999969,101.4940872
18.57999992,106.6666641
18.59000015,106.6666641
18.60000038,105.1914825
18.61000061,91.18675995
18.62000084,62.92512131
18.62999916,76.24582672
18.63999939,88.11659241
18.64999962,84.67168427
18.65999985,50.45876312
18.67000008,42.86191559
18.68000031,53.33333206
18.69000053,56.16992569
18.70000076,68.07862854
18.70999908,80.36144257
18.71999931,103.868103
18.72999954,93.33333588
18.73999977,85.01378632
18.75,62.99501801
18.76000023,100
18.77000046,94.52986908
18.78000069,74.69450378
18.79000092,85.41925049
18.79999924,103.9697723
18.80999947,94.67541504
18.81999969,95.99286652
18.82999992,82.65867615
18.84000015,95.97925568
18.85000038,102.7169189
18.86000061,81.42585754
18.87000084,62.6076355
18.87999916,75.92819214
18.88999939,84.0845871
18.89999962,73.33333588
18.90999985,69.49858093
18.92000008,54.60518646
18.93000031,62.53090286
18.94000053,74.59237671
18.95000076,85.01055908
18.95999908,104.1742096
18.96999931,92.09351349
18.97999954,89.13346863
18.98999977,104.9079285
19,129.1077881
19.01000023,131.5010376
19.02000046,93.33333588
19.03000069,90.93077087
19.04000092,83.58454132
19.04999924,98.81158447
19.05999947,93.33333588
19.06999969,95.68440247
19.07999992,100.8212204
19.09000015,72.17069244
19.10000038,75.91620636
19.11000061,113.1015549
19.12000084,81.14328766
19.12999916,87.80349731
19.13999939,92.20296478
19.14999962,88.91447449
19.15999985,95.53025055
19.17000008,71.11139679
19.18000031,63.31348801
19.19000053,77.80395508
19.20000076,69.94129944
19.20999908,82.32640839
19.21999931,61.07858276
19.22999954,67.7387619
19.23999977,72.26772308
19.25,69.84401703
19.26000023,83.50879669
19.27000046,65.6205368
19.28000069,63.11888123
19.29000092,77.93374634
19.29999924,66.66666412
19.30999947,66.66666412
19.31999969,67.68026733
19.32999992,74.34042358
19.34000015,82.00114441
19.35000038,89.35710907
19.36000061,70.61680603
19.37000084,91.371315
19.37999916,73.17861176
19.38999939,42.04492569
19.39999962,88.52622223
19.40999985,61.90977478
19.42000008,73.33333588
19.43000031,74.27514648
19.44000053,80
19.45000076,80
19.45999908,80
19.46999931,80.91562653
19.47999954,87.575737
19.48999977,93.33333588
19.5,95.12524414
19.51000023,104.8878784
19.52000046,94.21616364
19.53000069,99.12374115
19.54000092,93.33333588
19.54999924,92.47021484
19.55999947,83.24048615
19.56999969,64.24983978
19.57999992,94.17671967
19.59000015,97.48958588
19.60000038,80
19.61000061,80
19.62000084,84.08520508
19.62999916,114.1437836
19.63999939,120.8038483
19.64999962,125.0721588
19.65999985,108.5894241
19.67000008,71.7652359
19.68000031,63.10976028
19.69000053,88.97916412
19.70000076,102.8455658
19.70999908,71.06051636
19.71999931,54.83530807
19.72999954,68.89977264
19.73999977,85.92891693
19.75,80
19.76000023,77.10202026
19.77000046,52.61547089
19.78000069,49.51159286
19.79000092,74.74252319
19.79999924,89.45850372
19.80999947,108.4941101
19.81999969,69.40536499
19.82999992,91.97727203
19.84000015,79.32862091
19.85000038,74.66279602
19.86000061,87.9828186
19.87000084,98.04573822
19.87999916,81.93428802
19.88999939,100.6380997
19.89999962,106.0352249
19.90999985,98.75045013
19.92000008,85.43045807
19.93000031,73.33333588
19.94000053,70.30953217
19.95000076,42.39233398
19.95999908,69.0322876
19.96999931,92.74861145
19.97999954,85.5105896
19.98999977,77.33280945
20,116.6120148
20.01000023,80.55797577
20.02000046,86.66666412
20.03000069,84.48833466
20.04000092,61.61365128
20.04999924,78.40645599
20.05999947,60.52447891
20.06999969,67.70220947
20.07999992,80
20.09000015,80
20.10000038,81.49291229
20.11000061,100.490921
20.12000084,103.2772522
20.12999916,60.47748184
20.13999939,69.96195984
20.14999962,109.1570587
20.15999985,53.33333206
20.17000008,55.13561249
20.18000031,79.11232758
20.19000053,67.54086304
20.20000076,80.8607254
20.20999908,94.60419464
20.21999931,110.4151993
20.22999954,66.66666412
20.23999977,67.87680817
20.25,85.87340546
20.26000023,72.16370392
20.27000046,53.71645355
20.28000069,60.37636185
20.29000092,67.03627014
20.29999924,74.05901337
20.30999947,86.66666412
20.31999969,86.31735992
20.32999992,80
20.34000015,80
20.35000038,80.98695374
20.36000061,99.0333786
20.37000084,79.36914825
20.37999916,66.97531128
20.38999939,72.42774963
20.39999962,55.1037674
20.40999985,93.90989685
20.42000008,105.2592163
20.43000031,73.60803223
20.44000053,79.46420288
20.45000076,67.18886566
20.45999908,81.7800827
20.46999931,125.6766968
20.47999954,99.03725433
20.48999977,72.8655777
20.5,60.45413208
20.51000023,73.77384186
20.52000046,86.45323181
20.53000069,80
20.54000092,80.39959717
20.54999924,93.33333588
20.55999947,93.14718628
20.56999969,86.30802155
20.57999992,73.1608429
20.59000015,66.66666412
20.60000038,66.98431396
20.61000061,79.69602966
20.62000084,66.37637329
20.62999916,53.74824524
20.63999939,73.33333588
20.64999962,73.58255768
20.65999985,87.49101257
20.67000008,132.5569458
20.68000031,86.25042725
20.69000053,60.0972023
20.70000076,66.66666412
20.70999908,66.66666412
20.71999931,66.81990814
20.72999954,79.86048889
20.73999977,66.98110962
20.75,100.1120377
20.76000023,113.1858902
20.77000046,93.2910614
20.78000069,86.59587097
20.79000092,73.33333588
20.79999924,73.29006195
20.80999947,60.04425812
20.81999969,80.02359772
20.82999992,99.99803925
20.84000015,86.67848969
20.85000038,60.05121613
20.86000061,46.70606613
20.87000084,59.94680786
20.87999916,86.53268433
20.88999939,80.04039764
20.89999962,73.38063812
20.90999985,73.33333588
20.92000008,73.33333588
20.93000031,66.73469543
20.94000053,66.66666412
20.95000076,93.00591278
20.95999908,126.2228088
20.96999931,93.81179047
20.97999954,73.64117432
20.98999977,86.44759369
21,73.56626129
21.01000023,47.16023636
21.02000046,59.73935318
21.03000069,79.58823395
21.04000092,66.95504761
21.04999924,53.6355896
21.05999947,72.85913086
21.06999969,66.8316803
21.07999992,99.14022827
21.09000015,93.51222992
21.10000038,67.41005707
21.11000061,105.5098724
21.12000084,93.73283386
21.12999916,54.57357407
21.13999939,66.23934174
21.14999962,53.77457809
21.15999985,66.21149445
21.17000008,66.66666412
21.18000031,73.09181976
21.19000053,105.4242554
21.20000076,87.43302155
21.20999908,67.45394135
21.21999931,66.66666412
21.22999954,92.22782898
21.23999977,80.56671143
21.25,54.49467468
21.26000023,85.18006897
21.27000046,67.57958221
21.28000069,79.37741852
21.29000092,86.34838867
21.29999924,93.00806427
21.30999947,48.99253082
21.31999969,52.99407196
21.32999992,72.29454803
21.34000015,79.64673615
21.35000038,92.61280823
21.36000061,118.5309296
21.37000084,75.9532547
21.37999916,60.76256561
21.38999939,72.55674744
21.39999962,79.60469055
21.40999985,80
21.42000008,86.25733185
21.43000031,80.41635895
21.44000053,73.75671387
21.45000076,73.33333588
21.45999908,79.56257629
21.46999931,86.22221375
21.47999954,68.02111816
21.48999977,60.45851517
21.5,84.80446625
21.51000023,86.66666412
21.52000046,86.66666412
21.53000069,92.84667206
21.54000092,74.81445313
21.54999924,61.00149918
21.55999947,60
21.56999969,72.30364227
21.57999992,67.18856049
21.59000015,91.21754456
21.60000038,93.33333588
21.61000061,99.4569397
21.62000084,87.76689911
21.62999916,62.22870636
21.63999939,72.20485687
21.64999962,79.42869568
21.65999985,134.7946777
21.67000008,127.8375397
21.68000031,102.3700333
21.69000053,100
21.70000076,81.81996918
21.70999908,67.89413452
21.71999931,42.48324585
21.72999954,70.19387054
21.73999977,73.33333588
21.75,55.25951004
21.76000023,53.33333206
21.77000046,71.36463165
21.78000069,73.33333588
21.79000092,91.32208252
21.79999924,75.36586761
21.80999947,91.27950287
21.81999969,75.4084549
21.82999992,73.33333588
21.84000015,79.29409027
21.85000038,74.04634857
21.86000061,67.38678741
21.87000084,78.54553986
21.87999916,97.79698181
21.88999939,70.37393188
21.89999962,84.4209671
21.90999985,74.84470367
21.92000008,85.14105988
21.93000031,63.07968521
21.94000053,101.2273636
21.95000076,94.90167236
21.95999908,75.70721436
21.96999931,55.72859955
21.97999954,65.05556488
21.98999977,78.37463379
22,62.45944977
22.01000023,60
22.02000046,71.6651535
22.03000069,67.50789642
22.04000092,89.93984985
22.04999924,93.33333588
22.05999947,75.92131042
22.06999969,73.33333588
22.07999992,55.96419907
22.09000015,41.76821136
22.10000038,68.87703705
22.11000061,84.86984253
22.12000084,80.90557098
22.12999916,74.24606323
22.13999939,50.34622192
22.14999962,46.66666794
22.15999985,58.13156891
22.17000008,60
22.18000031,88.59059143
22.19000053,87.62238312
22.20000076,80.96289063
22.20999908,80
22.21999931,62.93171692
22.22999954,65.68225098
22.23999977,83.69187927
22.25,75.33088684
22.26000023,56.35120773
22.27000046,75.94742584
22.28000069,102.58535
22.29000092,78.47091675
22.29999924,50.80549622
22.30999947,52.29143524
22.31999969,70.18605804
22.32999992,101.3852234
22.34000015,89.85712433
22.35000038,92.26264954
22.36000061,70.97821045
22.37000084,88.99298096
22.37999916,98.90770721
22.38999939,66.59700012
22.39999962,48.88008118
22.40999985,68.87766266
22.42000008,106.6065521
22.43000031,85.641716
22.44000053,63.40667725
22.45000076,71.0477829
22.45999908,78.8500061
22.46999931,57.96219635
22.47999954,53.33333206
22.48999977,75.31334686
22.5,90.97555542
22.51000023,65.93058014
22.52000046,54.52667999
22.53000069,80.66378021
22.54000092,75.74895477
22.54999924,78.78495789
22.55999947,69.11122894
22.56999969,50.35522842
22.57999992,68.3862915
22.59000015,62.48800659
22.60000038,70.83084106
22.61000061,84.14968109
22.62000084,59.66202927
22.62999916,69.51436615
22.63999939,57.17404938
22.64999962,96.36673737
22.65999985,101.2947464
22.67000008,67.81200409
22.68000031,76.07222748
22.69000053,74.64984894
22.70000076,67.990448
22.70999908,82.67354584
22.71999931,86.66666412
22.72999954,91.98776245
22.73999977,77.39185333
22.75,62.72021866
22.76000023,60
22.77000046,60
22.78000069,49.43052292
22.79000092,62.49905396
22.79999924,66.66666412
22.80999947,66.66666412
22.81999969,61.41104126
22.82999992,65.24834442
22.84000015,98.11300659
22.85000038,101.4328995
22.86000061,89.54703522
22.87000084,81.44747162
22.87999916,85.2118988
22.88999939,97.07588196
22.89999962,84.40805817
22.90999985,54.04991531
22.92000008,57.03210449
22.93000031,85.87709808
22.94000053,72.66085815
22.95000076,71.82748413
22.95999908,68.17982483
22.96999931,61.52046204
22.97999954,49.72220612
22.98999977,62.06142807
23,82.03949738
23.01000023,76.43273926
23.02000046,58.00438309
23.03000069,73.74266815
23.04000092,85.09501648
23.04999924,76.49127197
23.05999947,93.65483856
23.06999969,94.92694855
23.07999992,93.33333588
23.09000015,88.27492523
23.10000038,81.61558533
23.11000061,74.95625305
23.12000084,63.26049423
23.12999916,54.97091293
23.13999939,68.39859772
23.14999962,83.36216736
23.15999985,56.62417603
23.17000008,36.66717911
23.18000031,43.31814194
23.19000053,56.63679123
23.20000076,79.91088104
23.20999908,76.725914
23.21999931,63.40727234
23.22999954,60
23.23999977,69.89666748
23.25,83.21530151
23.26000023,86.66666412
23.27000046,66.96156311
23.28000069,55.08107758
23.29000092,58.24489594
23.29999924,69.80841064
23.30999947,83.12702179
23.31999969,81.77718353
23.32999992,75.11788177
23.34000015,68.45857239
23.35000038,66.66666412
23.36000061,42.36654663
23.37000084,43.03864288
23.37999916,56.35723495
23.38999939,64.83791351
23.39999962,61.83612823
23.40999985,69.64632416
23.42000008,87.78069305
23.43000031,83.71651459
23.44000053,70.39794159
23.45000076,85.84126282
23.45999908,74.18827057
23.46999931,76.2244339
23.47999954,75.22850037
23.48999977,54.27689362
23.5,65.69355011
23.51000023,87.58132935
23.52000046,88.59139252
23.53000069,62.99393082
23.54000092,58.06048584
23.54999924,69.43951416
23.55999947,59.19625092
23.56999969,67.4482193
23.57999992,92.12358093
23.59000015,71.85903931
23.60000038,69.36551666
23.61000061,63.98262787
23.62000084,50.66410828
23.62999916,51.32720566
23.63999939,67.29272461
23.64999962,68.68761444
23.65999985,48.11343002
23.67000008,77.04716492
23.68000031,74.83940887
23.69000053,52.81847
23.70000076,51.27531433
23.70999908,62.5357933
23.71999931,80.44809723
23.72999954,63.73472595
23.73999977,48.75436783
23.75,51.23820877
23.76000023,57.89744949
23.77000046,82.78343964
23.78000069,79.6855545
23.79000092,77.87516022
23.79999924,84.53440094
23.80999947,109.3014984
23.81999969,97.40234375
23.82999992,68.6182785
23.84000015,69.00932312
23.85000038,50.84722519
23.86000061,48.97956467
23.87000084,71.26270294
23.87999916,75.52510071
23.88999939,59.93096542
23.89999962,75.6333847
23.90999985,68.85640717
23.92000008,51.10976791
23.93000031,46.66666794
23.94000053,55.52710342
23.95000076,55.57723236
23.95999908,75.40989685
23.96999931,77.85095215
23.97999954,86.5345459
23.98999977,80.15449524
24,60.17686844
24.01000023,57.71136093
24.02000046,64.37056732
24.03000069,75.39287567
24.04000092,75.64435577
24.04999924,77.68151093
24.05999947,66.97786713
24.06999969,64.33324432
24.07999992,75.31821442
24.09000015,88.63660431
24.10000038,93.33333588
24.11000061,71.81653595
24.12000084,60
24.12999916,64.288414
24.13999939,66.66666412
24.14999962,53.84629822
24.15999985,42.40068817
24.17000008,48.51699448
24.18000031,74.58840942
24.19000053,95.1537323
24.20000076,83.05580902
24.20999908,77.56189728
24.21999931,101.1053848
24.22999954,104.9061584
24.23999977,87.38169861
24.25,67.4041748
24.26000023,60
24.27000046,60
24.28000069,85.05677795
24.29000092,83.32546234
24.29999924,56.68878174
24.30999947,50.82030869
24.31999969,53.33333206
24.32999992,61.61061478
24.34000015,79.06008148
24.35000038,90.79030609
24.36000061,85.10106659
24.37000084,71.78274536
24.37999916,50.26218414
24.38999939,56.3744545
24.39999962,83.01108551
24.40999985,93.33333588
24.42000008,72.9779129
24.43000031,76.25428772
24.44000053,82.61061096
24.45000076,80
24.45999908,71.91794586
24.46999931,62.63315582
24.47999954,51.94801712
24.48999977,58.72208023
24.5,78.6995163
24.51000023,86.66666412
24.52000046,74.67894745
24.53000069,78.63181305
24.54000092,86.66666412
24.54999924,98.58665466
24.55999947,102.7008667
24.56999969,96.04172516
24.57999992,73.57961273
24.59000015,60
24.60000038,63.93568039
24.61000061,66.66666412
24.62000084,82.34911346
24.62999916,77.68102264
24.63999939,70.57220459
24.64999962,73.33333588
24.65999985,61.66194534
24.67000008,45.56748581
24.68000031,51.62614441
24.69000053,48.39648438
24.70000076,51.58088684
24.70999908,60
24.71999931,63.8452034
24.72999954,62.82901001
24.73999977,52.3397789
24.75,65.77947235
24.76000023,80
24.77000046,76.19254303
24.78000069,69.53342438
24.79000092,78.04373169
24.79999924,90.45146942
24.80999947,78.2243576
24.81999969,55.35760498
24.82999992,50.42879486
24.84000015,45.82419205
24.85000038,47.49402237
24.86000061,53.33333206
24.87000084,53.33333206
24.87999916,60.78198242
24.88999939,66.66666412
24.89999962,77.79425049
24.90999985,79.26340485
24.92000008,54.86302185
24.93000031,47.37298965
24.94000053,57.01225662
24.95000076,56.32864761
24.95999908,49.66955185
24.96999931,50.32287598
24.97999954,56.98197174
24.98999977,52.71787643
25,50.30015182
25.01000023,56.95924377
25.02000046,67.23666382
25.03000069,80.55484009
25.04000092,83.06349182
25.04999924,62.02202988
25.05999947,53.84268951
25.06999969,74.32171631
25.07999992,86.66666412
25.09000015,79.53614807
25.10000038,66.21797943
25.11000061,60
25.12000084,67.08499908
25.12999916,52.12385559
25.13999939,40.38798141
25.14999962,36.10746765
25.15999985,37.20309067
25.17000008,60.68486023
25.18000031,83.82419586
25.19000053,82.86524963
25.20000076,80.29686737
25.20999908,76.24416351
25.21999931,56.26695251
25.22999954,53.5846138
25.23999977,66.90274811
25.25,73.33333588
25.26000023,63.02481461
25.27000046,67.04761505
25.28000069,80
25.29000092,83.4133606
25.29999924,86.66666412
25.30999947,93.46297455
25.31999969,83.04727173
25.32999992,73.43254089
25.34000015,80
25.35000038,69.89683533
25.36000061,63.36011124
25.37000084,66.66666412
25.37999916,53.28712082
25.38999939,53.34909439
25.39999962,76.65564728
25.40999985,63.41235352
25.42000008,36.68556976
25.43000031,53.17420578
25.44000053,89.82930756
25.45000076,113.2498169
25.45999908,123.2839584
25.46999931,113.5613251
25.47999954,90.19385529
25.48999977,73.47781372
25.5,63.41319656
25.51000023,60
25.52000046,56.76177979
25.53000069,79.17810059
25.54000092,90.55181885
25.54999924,66.90264893
25.55999947,66.41542816
25.56999969,73.33333588
25.57999992,76.52578735
25.59000015,83.18482208
25.60000038,89.84385681
25.61000061,83.82465363
25.62000084,70.17140198
25.62999916,44.58660889
25.63999939,32.58663559
25.64999962,56.08373642
25.65999985,66.66666412
25.67000008,57.29541779
25.68000031,46.66666794
25.69000053,46.66666794
25.70000076,62.17082977
25.70999908,67.62722778
25.71999931,50.24778366
25.72999954,46.66666794
25.73999977,49.73693085
25.75,53.33333206
25.76000023,62.49826431
25.77000046,79.42799377
25.78000069,98.82540894
25.79000092,104.2372208
25.79999924,96.35772705
25.80999947,93.96651459
25.81999969,71.62120056
25.82999992,56.33477783
25.84000015,60
25.85000038,74.93070221
25.86000061,90.35484314
25.87000084,74.7833252
25.87999916,62.96318054
25.88999939,63.71113968
25.89999962,62.94787216
25.90999985,66.66666412
25.92000008,72.53178406
25.93000031,82.92490387
25.94000053,77.91493988
25.95000076,75.39541626
25.95999908,83.76473999
25.96999931,65.52868652
25.97999954,46.66666794
25.98999977,58.18242264
26,64.71950531
26.01000023,53.33333206
26.02000046,61.90118027
26.03000069,76.18161774
26.04000092,74.31876373
26.04999924,58.16781235
26.05999947,46.66666794
26.06999969,60.7547493
26.07999992,77.19004822
26.09000015,70.53105164
26.10000038,61.0774498
26.11000061,64.48108673
26.12000084,82.77926636
26.12999916,83.89507294
26.13999939,68.94430542
26.14999962,53.33333206
26.15999985,61.5790596
26.17000008,87.0378418
26.18000031,90.2673111
26.19000053,69.39221954
26.20000076,76.0512085
26.20999908,66.44902039
26.21999931,43.96414948
26.22999954,40
26.23999977,53.43580246
26.25,76.01281738
26.26000023,74.65640259
26.27000046,61.3384285
26.28000069,50.67689514
26.29000092,46.66666794
26.29999924,51.94881058
26.30999947,60
26.31999969,62.6257019
26.32999992,74.52072144
26.34000015,65.78400421
26.35000038,38.53862762
26.36000061,67.42634583
26.37000084,84.47636414
26.37999916,57.42041779
26.38999939,53.33333206
26.39999962,66.15436554
26.40999985,86.66666412
26.42000008,79.02018738
26.43000031,69.20780182
26.44000053,80.93366241
26.45000076,85.75608063
26.45999908,68.29721832
26.46999931,65.02072906
26.47999954,78.33867645
26.48999977,84.17169189
26.5,75.0254364
26.51000023,64.18708038
26.52000046,60
26.53000069,64.92838287
26.54000092,80.70281982
26.54999924,78.64055634
26.55999947,50.8922348
26.56999969,53.96686554
26.57999992,66.66666412
26.59000015,69.08466339
26.60000038,70.92303467
26.61000061,59.45887375
26.62000084,46.66666794
26.62999916,44.27947235
26.63999939,49.51795959
26.64999962,69.03845215
26.65999985,73.33333588
26.67000008,68.62057495
26.68000031,64.69734955
26.69000053,78.01526642
26.70000076,84.33340454
26.70999908,70.69777679
26.71999931,57.96903229
26.72999954,66.66666412
26.73999977,59.7593689
26.75,46.66666794
26.76000023,51.24069977
26.77000046,55.44138718
26.78000069,48.93826294
26.79000092,53.33333206
26.79999924,62.35803223
26.80999947,71.00614929
26.81999969,57.81483459
26.82999992,73.36578369
26.84000015,88.89199066
26.85000038,82.24526978
26.86000061,62.2098999
26.87000084,71.07103729
26.87999916,75.6110611
26.88999939,73.22692871
26.89999962,84.48762512
26.90999985,80
26.92000008,77.83639526
26.93000031,64.7097702
26.94000053,42.37032318
26.95000076,44.03560638
26.95999908,66.66666412
26.96999931,77.29175568
26.97999954,89.41350555
26.98999977,70.88582611
27,77.89813995
27.01000023,71.23919678
27.02000046,64.58024597
27.03000069,62.0786972
27.04000092,60.45374298
27.04999924,50.79317093
27.05999947,64.1110611
27.06999969,71.28552246
27.07999992,58.50632858
27.09000015,37.96763992
27.10000038,35.35797119
27.11000061,44.03382492
27.12000084,49.31496048
27.12999916,42.00146103
27.13999939,60.62282181
27.14999962,85.38928986
27.15999985,62.71009827
27.17000008,53.33333206
27.18000031,51.37050247
27.19000053,48.62176895
27.20000076,65.01758575
27.20999908,79.75580597
27.21999931,54.39434052
27.22999954,71.40914154
27.23999977,68.58312988
27.25,75.24206543
27.26000023,78.09899902
27.27000046,71.44006348
27.28000069,61.01004791
27.29000092,48.54447556
27.29999924,57.07348633
27.30999947,62.94197464
27.31999969,53.33333206
27.32999992,53.33333206
27.34000015,57.01163101
27.35000038,66.66666412
27.36000061,68.49034882
27.37000084,76.96523285
27.37999916,92.09130859
27.38999939,103.0657043
27.39999962,95.12608337
27.40999985,103.5700226
27.42000008,109.7787781
27.43000031,101.7695389
27.44000053,108.4284744
27.45000076,111.5792618
27.45999908,108.413002
27.46999931,111.5947342
27.47999954,111.8592453
27.48999977,123.2204208
27.5,111.6179504
27.51000023,104.9590149
27.52000046,98.30008698
27.53000069,93.33333588
27.54000092,101.7555008
27.54999924,121.6365814
27.55999947,106.6666641
27.56999969,108.3278809
27.57999992,113.3333359
27.59000015,105.1046448
27.60000038,89.82798767
27.61000061,116.7394867
27.62000084,108.2891846
27.62999916,121.4072189
27.63999939,135.4174194
27.64999962,107.9964752
27.65999985,130.1502228
27.67000008,124.7514343
27.68000031,144.7282104
27.69000053,152.1583557
27.70000076,121.9849091
27.70999908,103.5609818
27.71999931,101.0588379
27.72999954,118.9798737
27.73999977,97.92218018
27.75,119.4208221
27.76000023,140
27.77000046,138.4936218
27.78000069,137.8292542
27.79000092,168.2423096
27.79999924,211.1010742
27.80999947,171.1475525
27.81999969,154.676651
27.82999992,205.2067413
27.84000015,197.0956573
27.85000038,199.6665344
27.86000061,229.4264526
27.87000084,170.9534912
27.87999916,189.5090485
27.88999939,201.4134521
27.89999962,209.4780731
27.90999985,203.2245178
27.92000008,152.5119019
27.93000031,209.6772461
27.94000053,239.7930756
27.95000076,210.5993958
27.95999908,197.2815552
27.96999931,185.3151855
27.97999954,185.3749237
27.98999977,216.0185547
28,250.6768646
28.01000023,236.0385284
28.02000046,218.6872559
28.03000069,212.0283356
28.04000092,213.1529083
28.04999924,233.5525055
28.05999947,214.3571777
28.06999969,245.3926697
28.07999992,251.3963013
28.09000015,297.4829712
28.10000038,282.9143982
28.11000061,267.909668
28.12000084,288.1564636
28.12999916,365.6084595
28.13999939,421.2197571
28.14999962,461.8151245
28.15999985,634.4512329
28.17000008,728.7164307
28.18000031,903.9844971
28.19000053,1152.72644
28.20000076,1391.30542
28.20999908,1539.30127
28.21999931,1750.064209
28.22999954,2067.151123
28.23999977,2373.29248
28.25,2790.63208
28.26000023,3063.945313
28.27000046,3804.259521
28.28000069,4597.799316
28.29000092,5457.940918
28.29999924,6314.412598
28.30999947,7306.330078
28.31999969,8408.308594
28.32999992,9753.811523
28.34000015,11131.98535
28.35000038,12103.02344
28.36000061,12836.11035
28.37000084,12845.00586
28.37999916,12477.33789
28.38999939,11458.88281
28.39999962,9841.085938
28.40999985,8048.209473
28.42000008,6979.368652
28.43000031,6336.51709
28.44000053,6051.633301
28.45000076,5481.885742
28.45999908,4535.204102
28.46999931,3533.38501
28.47999954,2489.917725
28.48999977,1572.788452
28.5,938.4430542
28.51000023,744.2737427
28.52000046,585.3850708
28.53000069,445.9930115
28.54000092,398.1804199
28.54999924,393.8829956
28.55999947,425.6913452
28.56999969,327.127533
28.57999992,287.5454712
28.59000015,295.9464722
28.60000038,309.0168762
28.61000061,281.7110901
28.62000084,290.7899475
28.62999916,269.1330872
28.63999939,240
28.64999962,238.3509064
28.65999985,231.5674744
28.67000008,265.857605
28.68000031,261.6026001
28.69000053,268.571991
28.70000076,235.6907501
28.70999908,250.9991608
28.71999931,233.3333282
28.72999954,222.6574554
28.73999977,139.2451782
28.75,140.0569305
28.76000023,194.8119659
28.77000046,201.5456696
28.78000069,165.0667572
28.79000092,202.3702087
28.79999924,163.8333588
28.80999947,142.8023224
28.81999969,165.9738312
28.82999992,157.9447327
28.84000015,144.0640411
28.85000038,178.6608124
28.86000061,165.3429718
28.87000084,149.4087219
28.87999916,113.9796906
28.88999939,121.2772141
28.89999962,134.5950623
28.90999985,141.058609
28.92000008,88.51277924
28.93000031,107.274292
28.94000053,114.5330963
28.95000076,129.6273346
28.95999908,158.8312225
28.96999931,140.9002228
28.97999954,80.56890106
28.98999977,86.66666412
29,87.77349091
29.01000023,100
29.02000046,100
29.03000069,99.46981812
29.04000092,93.8557663
29.04999924,103.6028442
29.05999947,144.1319275
29.06999969,113.3333359
29.07999992,112.3504028
29.09000015,99.51628113
29.10000038,92.38137817
29.11000061,82.80941772
29.12000084,118.618515
29.12999916,101.3582611
29.13999939,120
29.14999962,118.6881943
29.15999985,99.57047272
29.17000008,93.33333588
29.18000031,92.50524139
29.19000053,80.81261444
29.20000076,94.52902985
29.20999908,113.3333359
29.21999931,111.8009872
29.22999954,84.4145813
29.23999977,48.87231445
29.25,87.74627686
29.26000023,105.9624023
29.27000046,93.33333588
29.28000069,92.99668121
29.29000092,86.99558258
29.29999924,93.33333588
29.30999947,92.70645142
29.31999969,80.30570221
29.32999992,88.45446777
29.34000015,125.7959747
29.35000038,104.9717026
29.36000061,67.76570129
29.37000084,93.33333588
29.37999916,93.85190582
29.38999939,106.6666641
29.39999962,105.6913986
29.40999985,79.76391602
29.42000008,73.1049881
29.43000031,67.1078949
29.44000053,79.787117
29.45000076,73.12818909
29.45999908,67.45632172
29.46999931,93.52301788
29.47999954,99.09024811
29.48999977,66.14401245
29.5,47.16612625
29.51000023,67.30168152
29.52000046,94.08844757
29.53000069,125.5203247
29.54000092,72.92664337
29.54999924,53.84466553
29.55999947,80.60051727
29.56999969,112.8838425
29.57999992,86.87595367
29.59000015,99.8061676
29.60000038,86.48828888
29.61000061,73.57771301
29.62000084,93.48079681
29.62999916,106.1386261
29.63999939,53.39161301
29.64999962,60
29.65999985,60.0856514
29.67000008,73.40353394
29.68000031,86.58454132
29.69000053,66.68631744
29.70000076,73.35718536
29.70999908,86.64985657
29.71999931,60.01408768
29.72999954,60
29.73999977,60
29.75,73.279953
29.76000023,66.70108032
29.77000046,66.66666412
29.78000069,66.66666412
29.79000092,79.88484955
29.79999924,93.2027359
29.80999947,86.73968506
29.81999969,93.25259399
29.82999992,80.1769104
29.84000015,99.71147156
29.85000038,106.5627747
29.86000061,80.44644165
29.87000084,86.54734039
29.87999916,99.74591064
29.88999939,80.40428925
29.89999962,60.42743683
29.90999985,60
29.92000008,79.52626801
29.93000031,73.49895477
29.94000053,47.36001968
29.95000076,46.66666794
29.95999908,72.57826996
29.96999931,60.39295578
29.97999954,92.31237793
29.98999977,73.96903992
30,28.20396996
30.01000023,26.66666603
30.02000046,65.25644684
30.03000069,66.66666412
30.04000092,60.25045395
30.04999924,72.81700134
30.05999947,92.5357132
30.06999969,93.33333588
30.07999992,74.17720032
30.09000015,60.57799149
30.10000038,91.849823
30.11000061,86.97107697
30.12000084,73.95756531
30.12999916,54.29279327
30.13999939,59.67247772
30.14999962,78.9943161
30.15999985,73.6762619
30.17000008,60.70126724
30.18000031,53.69166946
30.19000053,78.5358429
30.20000076,61.12121964
30.20999908,53.71477509
30.21999931,47.05580902
30.22999954,71.74597168
30.23999977,67.07120514
30.25,91.68437958
30.26000023,93.33333588
30.27000046,74.61623383
30.28000069,104.4900131
30.29000092,75.54846954
30.29999924,54.6855011
30.30999947,65.74983215
30.31999969,66.66666412
30.32999992,79.05238342
30.34000015,67.62966919
30.35000038,79.02161407
30.36000061,98.50934601
30.37000084,69.18955231
30.37999916,66.66666412
30.38999939,91.25349426
30.39999962,111.7503891
30.40999985,88.80802155
30.42000008,74.41938782
30.43000031,61.10142899
30.44000053,66.10826111
30.45000076,72.76724243
30.45999908,67.24044037
30.46999931,66.66666412
30.47999954,60.58914566
30.48999977,78.20950317
30.5,92.12430573
30.51000023,81.22439575
30.52000046,92.09357452
30.53000069,69.17691803
30.54000092,48.57239914
30.54999924,64.73789215
30.55999947,84.71485138
30.56999969,80.65828705
30.57999992,73.9992981
30.59000015,55.35425568
30.60000038,47.34798431
30.61000061,52.6443367
30.62000084,77.21331787
30.62999916,85.96231842
30.63999939,44.98414612
30.64999962,57.84091568
30.65999985,77.81789398
30.67000008,38.47862244
30.68000031,51.10519409
30.69000053,94.74730682
30.70000076,82.27416229
30.70999908,68.19812012
30.71999931,78.45320892
30.72999954,68.22879028
30.73999977,54.9107933
30.75,53.33333206
30.76000023,82.64634705
30.77000046,63.24692154
30.78000069,60
30.79000092,42.48117828
30.79999924,40
30.80999947,45.82427979
30.81999969,46.66666794
30.82999992,69.90249634
30.84000015,84.93592834
30.85000038,51.90484619
30.86000061,58.23862076
30.87000084,77.33495331
30.87999916,68.4586792
30.88999939,49.37765503
30.89999962,63.93270874
30.90999985,55.17128372
30.92000008,53.33333206
30.93000031,47.60094833
30.94000053,46.66666794
30.95000076,52.38374329
30.95999908,47.623909
30.96999931,52.36844254
30.97999954,76.10983276
30.98999977,74.31352234
31,56.29685211
31.01000023,47.66215515
31.02000046,52.3302002
31.03000069,58.98921967
31.04000092,54.35176086
31.04999924,70.25511932
31.05999947,45.16857529
31.06999969,62.50123215
31.07999992,66.66666412
31.09000015,61.05664063
31.10000038,71.20476532
31.11000061,78.9280777
31.12000084,68.82579041
31.12999916,66.66666412
31.13999939,61.09483719
31.14999962,48.87161636
31.15999985,41.11011124
31.17000008,56.64676666
31.18000031,71.08257294
31.19000053,67.79968262
31.20000076,55.61462402
31.20999908,53.33333206
31.21999931,69.86561584
31.22999954,73.33333588
31.23999977,62.34233093
31.25,65.48786926
31.26000023,66.66666412
31.27000046,77.61190033
31.28000069,69.07001495
31.29000092,66.66666412
31.29999924,61.21692276
31.30999947,65.44212341
31.31999969,50.36317062
31.32999992,57.52042007
31.34000015,76.25777435
31.35000038,58.35345078
31.36000061,42.52529526
31.37000084,45.39640045
31.37999916,46.66666794
31.38999939,62.81017303
31.39999962,55.91955948
31.40999985,42.60145569
31.42000008,34.64167404
31.43000031,60.08690262
31.44000053,55.98046112
31.45000076,42.6623497
31.45999908,40
31.46999931,55.96081924
31.47999954,44.06200409
31.48999977,40
31.5,29.40509415
31.51000023,47.82605743
31.52000046,42.7688446
31.53000069,40
31.54000092,61.06815338
31.54999924,82.44497681
31.55999947,86.66666412
31.56999969,70.93395233
31.57999992,45.72011185
31.59000015,29.5419178
31.60000038,57.99533463
31.61000061,82.30821228
31.62000084,65.84164429
31.62999916,54.8013382
31.63999939,48.14226532
31.64999962,46.66666794
31.65999985,51.84255219
31.67000008,63.66992569
31.68000031,51.18454361
31.69000053,51.81978607
31.70000076,73.91546631
31.70999908,59.44821167
31.71999931,63.59405899
31.72999954,61.54388809
31.73999977,75.34558868
31.75,59.56954193
31.76000023,48.23329926
31.77000046,51.75912094
31.78000069,53.33333206
31.79000092,43.17873764
31.79999924,40
31.80999947,60.24858093
31.81999969,71.72123718
31.82999992,78.38033295
31.84000015,54.80287933
31.85000038,56.73036957
31.86000061,70.0485611
31.87000084,73.33333588
31.87999916,58.30590057
31.88999939,48.33175659
31.89999962,56.65468597
31.90999985,60
31.92000008,64.97888184
31.93000031,46.78139877
31.94000053,74.74628448
31.95000076,101.5352478
31.95999908,62.12896347
31.96999931,36.78451538
31.97999954,53.06740189
31.98999977,69.85192108
32,58.57812119
32.00999832,43.51163483
32.02000046,54.70988846
32.02999878,60
32.04000092,60
32.04999924,50.23871613
32.06000137,41.79357529
32.06999969,35.13445663
32.08000183,28.47533607
32.09000015,55.76937866
32.09999847,71.50957489
32.11000061,53.99187851
32.11999893,46.66666794
32.13000107,61.12750626
32.13999939,47.41571045
32.15000153,40
32.15999985,54.3929863
32.16999817,45.62962723
32.18000031,49.56517792
32.18999863,58.10838699
32.20000076,55.2324791
32.20999908,62.85330963
32.22000122,61.91421127
32.22999954,74.23477936
32.24000168,75.26260376
32.25,59.14372253
32.25999832,53.33333206
32.27000046,58.04815292
32.27999878,64.70729065
32.29000092,61.96689606
32.29999924,55.3077507
32.31000137,43.96387863
32.31999969,54.03162384
32.33000183,64.66969299
32.34000015,62.00449371
32.34999847,55.34534454
32.36000061,62.62761688
32.36999893,66.66666412
32.38000107,43.50609589
32.38999939,37.95793533
32.40000153,49.23418427
32.40999985,53.33333206
32.41999817,48.73125839
32.43000031,32.88295746
32.43999863,40.42786026
32.45000076,60.40534592
32.45999908,62.09460831
32.47000122,73.69366455
32.47999954,84.55705261
32.49000168,82.11711121
32.5,75.45793915
32.50999832,55.19509125
32.52000046,46.66666794
32.52999878,42.14709473
32.54000092,40
32.54999924,62.52293015
32.56000137,55.34495163
32.56999969,73.60430145
32.58000183,73.22031403
32.59000015,62.19203568
32.59999847,64.46714783
32.61000061,57.74734497
32.61999893,48.88115692
32.63000107,60.00075531
32.63999939,75.54109955
32.65000153,66.71079254
32.65999985,46.73322296
32.66999817,40
32.68000031,35.59269333
32.68999863,50.93266296
32.70000076,64.39235687
32.70999908,53.51200104
32.72000122,59.79891968
32.72999954,97.25630951
32.74000168,78.43348694
32.75,68.7100296
32.75999832,60.29068375
32.77000046,57.67341995
32.77999878,51.33475494
32.79000092,50.99182892
32.79999924,44.69792938
32.81000137,44.31024551
32.81999969,59.57502747
32.83000183,58.07600403
32.84000015,44.7575798
32.84999847,44.28042221
32.86000061,46.66666794
32.86999893,50.93218613
32.88000107,44.81718826
32.88999939,22.99750328
32.90000153,34.54922104
32.90999985,55.13813019
32.91999817,64.22828674
32.93000031,62.44581985
32.93999863,55.78659439
32.95000076,61.74526596
32.95999908,41.47550201
32.97000122,30.85775757
32.97999954,50.0679512
32.99000168,55.82378006
33,49.16454697
33.00999832,46.66666794
33.02000046,46.66666794
33.02999878,54.95966339
33.04000092,55.8609314
33.04999924,57.46497726
33.06000137,60
33.06999969,43.53281403
33.08000183,25.11458206
33.09000015,40.50977325
33.09999847,53.33333206
33.11000061,61.50757217
33.11999893,62.58696365
33.13000107,51.85542297
33.13999939,58.86128998
33.15000153,58.55174255
33.15999985,49.28327942
33.16999817,58.79459763
33.18000031,66.66666412
33.18999863,62.63883591
33.20000076,64.02042389
33.20999908,62.65364456
33.22000122,60
33.22999954,52.00355911
33.24000168,46.66666794
33.25,66.58378601
33.25999832,80
33.27000046,83.96863556
33.27999878,62.89922333
33.29000092,54.57436371
33.29999924,63.94645691
33.31000137,58.78852463
33.31999969,45.46996689
33.33000183,40
33.34000015,47.83382797
33.34999847,57.2428627
33.36000061,56.0978508
33.36999893,49.4385643
33.38000107,50.55405807
33.38999939,57.21334839
33.40000153,56.1273613
33.40999985,45.60280228
33.41999817,43.8578949
33.43000031,54.36771011
33.43999863,52.313694
33.45000076,54.33823776
33.45999908,56.17158127
33.47000122,45.69122314
33.47999954,47.62738419
33.49000168,49.52700424
33.5,35.26975632
33.50999832,30.45827866
33.52000046,40.90184021
33.52999878,39.11286926
33.54000092,40.87242126
33.54999924,50.42885971
33.56000137,60.84301758
33.56999969,47.92920685
33.58000183,40.81362152
33.59000015,54.13226318
33.59999847,48.82363892
33.61000061,43.71810913
33.61999893,57.79897308
33.63000107,55.55638123
33.63999939,39.27448654
33.65000153,44.39959335
33.65999985,57.01475143
33.66999817,41.62957382
33.68000031,34.00017166
33.68999863,47.31884384
33.70000076,56.98542786
33.70999908,60
33.72000122,63.63743973
33.72999954,66.66666412
33.74000168,66.66666412
33.75,52.20477676
33.75999832,29.17553902
33.77000046,41.6050148
33.77999878,56.40647888
33.79000092,49.74712753
33.79999924,43.08777237
33.81000137,50.71474457
33.81999969,63.56427002
33.83000183,59.55273819
33.84000015,60.43264771
33.84999847,63.12431335
33.86000061,49.39485168
33.86999893,43.52774811
33.88000107,50.18711472
33.88999939,60.3596344
33.90000153,73.67837524
33.90999985,76.50144196
33.91999817,59.36827087
33.93000031,50.1506424
33.93999863,53.33333206
33.95000076,56.80273056
33.95999908,46.15156174
33.97000122,40.24298096
33.97999954,53.5617485
33.99000168,63.44025803
34,63.23368835
34.00999832,60
34.02000046,66.83685303
34.02999878,56.27758408
34.04000092,43.40387726
34.04999924,36.4768486
34.06000137,36.83467484
34.06999969,43.2845993
34.08000183,40
34.09000015,43.36753845
34.09999847,36.58584595
34.11000061,33.37269211
34.11999893,36.65424728
34.13000107,29.99483871
34.13999939,33.32914734
34.15000153,43.32398605
34.15999985,40.03320313
34.16999817,33.33333206
34.18000031,36.63556671
34.18999863,49.88495636
34.20000076,56.7122612
34.20999908,56.61383057
34.22000122,63.27325439
34.22999954,63.40065384
34.24000168,56.7412262
34.25,46.83025742
34.25999832,33.5113945
34.27000046,33.14080429
34.27999878,40
34.29000092,46.44521332
34.29999924,53.33333206
34.31000137,46.91702652
34.31999969,46.40185547
34.33000183,53.33333206
34.34000015,40.58739853
34.34999847,36.20446014
34.36000061,40.3225708
34.36999893,36.49816513
34.38000107,46.31523514
34.38999939,56.48373795
34.40000153,63.14319611
34.40999985,50.98673248
34.41999817,33.33333206
34.43000031,39.57648468
34.43999863,62.23852921
34.45000076,67.57131195
34.45999908,47.13338852
34.47000122,43.09277344
34.47999954,52.83782196
34.49000168,60
34.5,47.71522903
34.50999832,39.46133804
34.52000046,43.60985184
34.52999878,33.90074539
34.54000092,41.87887955
34.54999924,66.07051849
34.56000137,58.19294357
34.56999969,52.08359528
34.58000183,69.6803894
34.59000015,64.31369781
34.59999847,56.33270645
34.61000061,62.99219894
34.61999893,57.71157455
34.63000107,40.71094131
34.63999939,39.27472687
34.65000153,43.70313644
34.65999985,34.0872612
34.66999817,26.66666603
34.68000031,29.60871696
34.68999863,27.46354675
34.70000076,34.63869095
34.70999908,56.25391769
34.72000122,57.08656693
34.72999954,50.42704773
34.74000168,46.66666794
34.75,43.77467346
34.75999832,40
34.77000046,40
34.77999878,40
34.79000092,48.59029007
34.79999924,54.28741455
34.81000137,46.66666794
34.81999969,46.66666794
34.83000183,43.83176804
34.84000015,34.34445953
34.84999847,26.66666603
34.86000061,26.66666603
34.86999893,37.89225388
34.88000107,53.33333206
34.88999939,47.74901962
34.90000153,37.21495819
34.90999985,41.66711426
34.91999817,47.79170609
34.93000031,40
34.93999863,37.24340439
34.95000076,33.33333206
34.95999908,30.59095001
34.97000122,34.872509
34.97999954,60.30756378
34.99000168,74.55783844
35,55.8107338
35.00999832,45.4137764
35.02000046,53.33333206
35.02999878,53.33333206
35.04000092,50.64771652
35.04999924,52.0237236
35.06000137,54.65711212
35.06999969,51.99538803
35.08000183,52.0281601
35.09000015,50.60080338
35.09999847,58.73729324
35.11000061,51.93876648
35.11999893,65.25794983
35.13000107,65.46761322
35.13999939,53.33333206
35.15000153,55.94110489
35.15999985,62.60070419
35.16999817,56.292099
35.18000031,42.58658218
35.18999863,51.82571411
35.20000076,54.85506821
35.20999908,41.5358429
35.22000122,43.56676865
35.22999954,52.34607315
35.24000168,34.91147995
35.25,34.27830887
35.25999832,49.19683456
35.27000046,45.76395416
35.27999878,33.33333206
35.29000092,43.36952591
35.29999924,57.49798584
35.31000137,43.35342026
35.31999969,29.15461349
35.33000183,38.29516602
35.34000015,41.71889114
35.34999847,40.73392105
35.36000061,50.87349319
35.36999893,46.66666794
35.38000107,49.1124649
35.38999939,55.7721138
35.40000153,64.86353302
35.40999985,68.48382568
35.41999817,47.91129303
35.43000031,31.48813057
35.43999863,42.40372467
35.45000076,51.46010971
35.45999908,55.22056198
35.47000122,53.81481934
35.47999954,57.16378784
35.49000168,35.26255417
35.5,24.30493736
35.50999832,24.70947456
35.52000046,42.72432327
35.52999878,52.97772217
35.54000092,42.33377457
35.54999924,44.33987427
35.56000137,44.63961792
35.56999969,48.70767212
35.58000183,37.6941452
35.59000015,35.63220978
35.59999847,42.29190445
35.61000061,44.38173294
35.61999893,35.44406509
35.63000107,31.20866776
35.63999939,35.47192764
35.65000153,22.15251732
35.65999985,13.33333302
35.66999817,15.57649136
35.68000031,20
35.68999863,24.458498
35.70000076,37.77793121
35.70999908,48.88201523
35.72000122,44.49972153
35.72999954,31.06958389
35.74000168,40
35.75,35.62484741
35.75999832,33.20858383
35.77000046,53.18777847
35.77999878,60.16635513
35.79000092,50.9863472
35.79999924,62.15291214
35.81000137,66.66666412
35.81999969,64.52761078
35.83000183,55.7357254
35.84000015,38.16579819
35.84999847,24.23659897
35.86000061,35.44471741
35.86999893,42.1044693
35.88000107,40.37398529
35.88999939,39.2105751
35.90000153,58.33168793
35.90999985,40
35.91999817,44.13987732
35.93000031,51.27029419
35.93999863,38.44210052
35.95000076,26.1477375
35.95999908,44.08470535
35.97000122,49.26240921
35.97999954,40
35.99000168,46.06506348
36,57.98519516
36.00999832,53.33333206
36.02000046,55.33437729
36.02999878,56.01166916
36.04000092,40.70479202
36.04999924,32.60792542
36.06000137,52.58731461
36.06999969,66.66666412
36.08000183,64.70684814
36.09000015,54.1411438
36.09999847,40
36.11000061,51.63539886
36.11999893,76.13524628
36.13000107,62.81562042
36.13999939,51.41466141
36.15000153,60.04942322
36.15999985,83.80845642
36.16999817,54.30560684
36.18000031,43.78257751
36.18999863,49.56443787
36.20000076,41.87760925
36.20999908,46.66666794
36.22000122,46.66666794
36.22999954,50.38088989
36.24000168,60
36.25,52.6261673
36.25999832,31.49669838
36.27000046,28.49647903
36.27999878,29.6873455
36.29000092,21.81617737
36.29999924,28.47603035
36.31000137,33.33333206
36.31999969,31.53759003
36.33000183,28.45560265
36.34000015,33.33333206
36.34999847,36.88399124
36.36000061,46.66666794
36.36999893,53.71359253
36.38000107,68.06851959
36.38999939,49.83704376
36.40000153,40
36.40999985,34.7963028
36.41999817,21.7277813
36.43000031,30.10866165
36.43999863,33.14313126
36.45000076,20.16308975
36.45999908,45.10198975
36.47000122,51.5305481
36.47999954,24.9795475
36.49000168,20
36.5,23.34716988
36.50999832,33.33333206
36.52000046,36.65345383
36.52999878,43.36006546
36.54000092,33.33333206
36.54999924,33.33333206
36.56000137,31.70029449
36.56999969,29.91924858
36.58000183,40
36.59000015,40
36.59999847,35.18182373
36.61000061,26.39727783
36.61999893,45.07408524
36.63000107,40
36.63999939,38.42088318
36.65000153,36.47810745
36.65999985,48.23232651
36.66999817,48.65652466
36.68000031,36.43776321
36.68999863,46.66666794
36.70000076,46.66666794
36.70999908,51.26285934
36.72000122,60.56525803
36.72999954,36.96271515
36.74000168,35.73828506
36.75,59.14050674
36.75999832,33.33333206
36.77000046,37.80882645
36.77999878,53.33333206
36.79000092,50.3764534
36.79999924,44.41524506
36.81000137,54.13976669
36.81999969,34.79170609
36.83000183,40
36.84000015,42.89001083
36.84999847,49.01835251
36.86000061,36.19663239
36.86999893,52.36657333
36.88000107,73.33333588
36.88999939,66.27515411
36.90000153,40
36.90999985,41.39830399
36.91999817,48.05831146
36.93000031,56.10330582
36.93999863,62.53167725
36.95000076,45.29499054
36.95999908,40
36.97000122,37.2832489
36.97999954,28.01839638
36.99000168,37.36859512
37,49.31799316
37.00999832,33.33333206
37.02000046,33.33333206
37.02999878,32.0147934
37.04000092,24.04284859
37.04999924,14.63861465
37.06000137,20
37.06999969,20
37.08000183,22.57082748
37.09000015,33.33333206
37.09999847,32.06115341
37.11000061,26.66666603
37.11999893,27.92562675
37.13000107,32.08098221
37.13999939,26.66666603
37.15000153,26.66666603
37.15999985,26.66666603
37.16999817,30.34452057
37.18000031,43.00859451
37.18999863,31.51773262
37.20000076,52.1271553
37.20999908,45.46707535
37.22000122,42.38601685
37.22999954,53.33333206
37.24000168,52.15348434
37.25,44.32011795
37.25999832,32.16662979
37.27000046,26.66666603
37.27999878,27.82023239
37.29000092,34.48033524
37.29999924,38.85956192
37.31000137,34.46721268
37.31999969,38.87267685
37.33000183,33.33333206
37.34000015,33.33333206
37.34999847,35.54867172
37.36000061,48.86891174
37.36999893,57.81084061
37.38000107,46.66666794
37.38999939,44.50366211
37.40000153,35.48326874
37.40999985,44.5297966
37.41999817,34.39523697
37.43000031,42.11075592
37.43999863,52.28448105
37.45000076,43.53966904
37.45999908,28.73829269
37.47000122,41.02929688
37.47999954,46.66666794
37.49000168,45.65039444
37.5,42.01953125
37.50999832,50.32355499
37.52000046,34.33008957
37.52999878,38.01948547
37.54000092,26.66666603
37.54999924,26.66666603
37.56000137,26.66666603
37.56999969,27.63095284
37.58000183,33.33333206
37.59000015,33.33333206
37.59999847,37.11268234
37.61000061,58.12328339
37.61999893,45.73478317
37.63000107,40
37.63999939,43.67576981
37.65000153,61.19181061
37.65999985,29.38470268
37.66999817,43.96801376
37.68000031,28.45285225
37.68999863,39.11336136
37.70000076,31.57296371
37.70999908,21.74746895
37.72000122,33.33333206
37.72999954,35.05501938
37.74000168,46.66666794
37.75,45.8187027
37.75999832,39.15847397
37.77000046,35.83861542
37.77999878,52.50466919
37.79000092,46.66666794
37.79999924,46.66666794
37.81000137,47.47605515
37.81999969,54.13630295
37.83000183,58.40689087
37.84000015,45.08638382
37.84999847,33.33333206
37.86000061,34.88798141
37.86999893,45.89574814
37.88000107,39.23548126
37.88999939,32.57521439
37.90000153,26.66666603
37.90999985,26.66666603
37.91999817,28.14454269
37.93000031,39.26744843
37.93999863,31.15483665
37.95000076,16.93225098
37.95999908,48.80688095
37.97000122,63.13152695
37.97999954,31.932024
37.99000168,24.16570663
38,58.62416458
38.00999832,46.66666794
38.02000046,45.99147797
38.02999878,37.3246727
38.04000092,14.65828419
38.04999924,27.97891045
38.06000137,41.29954529
38.06999969,48.82936096
38.08000183,6.666666508
38.09000015,7.928143978
38.09999847,21.24880028
38.11000061,33.95139694
38.11999893,38.77653503
38.13000107,25.45586395
38.13999939,14.5314827
38.15000153,27.85216904
38.15999985,41.17285919
38.16999817,53.33333206
38.18000031,53.33333206
38.18999863,53.90081787
38.20000076,58.31647491
38.20999908,38.33539581
38.22000122,22.19425964
38.22999954,46.12440109
38.24000168,40.53596878
38.25,48.2556839
38.25999832,64.04975891
38.27000046,33.85042572
38.27999878,39.48919296
38.29000092,33.83785629
38.29999924,41.99297714
38.31000137,64.69879913
38.31999969,38.05722809
38.33000183,13.81275558
38.34000015,21.41946411
38.34999847,40.46688843
38.36000061,45.28478241
38.36999893,26.66666603
38.38000107,28.0110054
38.38999939,45.78294754
38.40000153,33.33333206
38.40999985,32.90396881
38.41999817,27.51290512
38.43000031,40.41687775
38.43999863,45.84538651
38.45000076,32.92892838
38.45999908,28.25936317
38.47000122,52.15749741
38.47999954,34.49049377
38.49000168,53.33333206
38.5,52.58678055
38.50999832,39.26588058
38.52000046,26.30582047
38.52999878,20.35463715
38.54000092,27.71195221
38.54999924,47.00889206
38.56000137,51.98924255
38.56999969,26.99649048
38.58000183,33.33333206
38.59000015,33.65076828
38.59999847,40
38.61000061,40
38.61999893,39.10336685
38.63000107,20.58539581
38.63999939,33.04681396
38.65000153,27.22736168
38.65999985,40.82252884
38.66999817,58.92796326
38.68000031,32.80964661
38.68999863,20
38.70000076,20.99809647
38.70999908,46.66666794
38.72000122,45.95501709
38.72999954,27.12880135
38.74000168,40.22492218
38.75,46.0103302
38.75999832,26.66666603
38.77000046,27.07966995
38.77999878,40.40073776
38.79000092,52.94485855
38.79999924,40
38.81000137,40.72794342
38.81999969,65.78734589
38.83000183,33.16358566
38.84000015,27.3211937
38.84999847,53.17581177
38.86000061,46.21243286
38.86999893,26.66666603
38.88000107,26.80587006
38.88999939,33.86575317
38.90000153,59.61897278
38.90999985,40
38.91999817,40.1148262
38.93000031,46.55792618
38.93999863,39.79468918
38.95000076,26.66666603
38.95999908,26.84766388
38.97000122,40.25327682
38.97999954,59.92164612
38.99000168,53.26104736
39,46.60044479
39.00999832,39.81951523
39.02000046,20.1082077
39.02999878,33.33333206
39.04000092,33.29133606
39.04999924,26.70261574
39.06000137,33.39313889
39.06999969,46.66666794
39.08000183,46.63101959
39.09000015,33.29796982
39.09999847,13.33333302
39.11000061,13.33333302
39.11999893,26.65406609
39.13000107,46.62969971
39.13999939,53.314991
39.15000153,53.33333206
39.15999985,46.69703674
39.16999817,40.03638077
39.18000031,20.12716293
39.18999863,26.61827469
39.20000076,33.27894211
39.20999908,39.93961334
39.22000122,26.79942894
39.22999954,33.26095963
39.24000168,53.09825516
39.25,46.75101089
39.25999832,33.51398087
39.27000046,39.90369797
39.27999878,26.87121582
39.29000092,26.66666603
39.29999924,33.21912003
39.31000137,20.24035454
39.31999969,33.0810585
39.33000183,20.26419067
39.34000015,26.52861595
39.34999847,46.23466492
39.36000061,27.1165123
39.36999893,26.66666603
39.38000107,39.67633057
39.38999939,46.49889374
39.40000153,40.17370605
39.40999985,27.02594376
39.41999817,26.66666603
39.43000031,39.61701965
39.43999863,40
39.45000076,27.07332802
39.45999908,33.12408829
39.47000122,26.88182259
39.47999954,20.22106552
39.49000168,26.43969727
39.5,45.96805573
39.50999832,33.81087112
39.52000046,26.91133118
39.52999878,26.66666603
39.54000092,33.07688904
39.54999924,33.33333206
39.56000137,33.33333206
39.56999969,46.11849213
39.58000183,40.27996063
39.59000015,52.76166534
39.59999847,21.45850563
39.61000061,32.73820114
39.61999893,33.33333206
39.63000107,26.97595215
39.63999939,26.66666603
39.65000153,58.39505005
39.65999985,66.33982849
39.66999817,41.33072662
39.68000031,33.67185593
39.68999863,45.97794724
39.70000076,46.66666794
39.70999908,46.66666794
39.72000122,27.75222588
39.72999954,26.66666603
39.74000168,26.66666603
39.75,51.81607437
39.75999832,47.05179596
39.77000046,40.39093781
39.77999878,40
39.79000092,33.73588181
39.79999924,39.59165192
39.81000137,46.25252151
39.81999969,27.92648315
39.83000183,39.14854431
39.84000015,46.2351532
39.84999847,52.89603424
39.86000061,34.66256332
39.86999893,39.55114746
39.88000107,46.21203995
39.88999939,52.87294006
39.90000153,40.93231964
39.90999985,21.41576958
39.91999817,13.81101513
39.93000031,19.51656342
39.93999863,7.645044327
39.95000076,25.18185616
39.95999908,26.66666603
39.97000122,32.82690811
39.97999954,39.48783875
39.99000168,40
40,40
40.00999832,52.27462387
40.02000046,41.0701561
40.02999878,15.49652863
40.04000092,25.5736351
40.04999924,32.78110504
40.06000137,27.22460556
40.06999969,32.76968765
40.08000183,45.52796936
40.09000015,22.30019379
40.09999847,20
40.11000061,44.32091904
40.11999893,40.59212494
40.13000107,27.86228943
40.13999939,32.72983932
40.15000153,57.56331253
40.15999985,41.84453964
40.16999817,40
40.18000031,21.87855721
40.18999863,32.06963348
40.20000076,45.39164734
40.20999908,46.66666794
40.22000122,58.70235825
40.22999954,41.96341324
40.24000168,27.98690224
40.25,14.664855
40.25999832,25.32386589
40.27000046,38.64592743
40.27999878,45.98399734
40.29000092,46.66666794
40.29999924,52.63941193
40.31000137,35.43196487
40.31999969,27.37182808
40.33000183,50.49023056
40.34000015,41.43277359
40.34999847,10.27663612
40.36000061,30.42294312
40.36999893,27.3998642
40.38000107,32.59453964
40.38999939,33.33333206
40.40000153,33.33333206
40.40999985,33.33333206
40.41999817,33.33333206
40.43000031,27.43338776
40.43999863,32.56103516
40.45000076,39.22213364
40.45999908,57.64969254
40.47000122,42.36699677
40.47999954,28.2557869
40.49000168,38.39976883
40.5,34.13900375
40.50999832,21.62243652
40.52000046,31.69980431
40.52999878,27.48897362
40.54000092,26.66666603
40.54999924,38.33324051
40.56000137,34.17224503
40.56999969,44.97779083
40.58000183,52.48337173
40.59000015,41.7109642
40.59999847,40
40.61000061,28.39969063
40.61999893,9.282730103
40.63000107,12.45580673
40.63999939,13.33333302
40.65000153,30.66775322
40.65999985,39.10597992
40.66999817,57.30146408
40.68000031,31.19166183
40.68999863,32.42285156
40.70000076,39.08403778
40.70999908,45.74522781
40.72000122,35.18715286
40.72999954,21.86475754
40.74000168,14.27117729
40.75,24.780056
40.75999832,20.94876289
40.77000046,25.71245003
40.77999878,32.37366486
40.79000092,39.03488541
40.79999924,34.30389023
40.81000137,33.33333206
40.81999969,50.38904572
40.83000183,41.97372437
40.84000015,34.32562256
40.84999847,44.67124176
40.86000061,46.66666794
40.86999893,24.03419876
40.88000107,31.30540848
40.88999939,38.98062897
40.90000153,11.79054928
40.90999985,29.21262169
40.91999817,44.5955162
40.93000031,35.41527176
40.93999863,27.71302605
40.95000076,43.51142883
40.95999908,35.44758987
40.97000122,27.72917366
40.97999954,32.26544952
40.99000168,33.33333206
41,22.15724373
41.00999832,31.1653614
41.02000046,33.33333206
41.02999878,22.18940353
41.04000092,14.43338776
41.04999924,41.13965225
41.06000137,29.998909
41.06999969,37.76782227
41.08000183,45.54524231
41.09000015,41.12675858
41.09999847,34.46542358
41.11000061,38.86258698
41.11999893,34.4760704
41.13000107,33.33333206
41.13999939,33.33333206
41.15000153,33.33333206
41.15999985,33.33333206
41.16999817,22.33857536
41.18000031,41.96831894
41.18999863,35.69309616
41.20000076,55.25930786
41.20999908,65.47620392
41.22000122,44.78297806
41.22999954,29.06871414
41.24000168,32.12703323
41.25,27.87823868
41.25999832,26.66666603
41.27000046,32.11122894
41.27999878,33.33333206
41.29000092,27.89928818
41.29999924,26.66666603
41.31000137,37.5137558
41.31999969,50.83659744
41.33000183,37.09415817
41.34000015,27.92551231
41.34999847,32.06925583
41.36000061,22.53861618
41.36999893,41.56853485
41.38000107,25.11901855
41.38999939,30.76338959
41.40000153,33.33333206
41.40999985,33.33333206
41.41999817,22.60120392
41.43000031,14.63913727
41.43999863,29.40032768
41.45000076,33.33333206
41.45999908,17.29749107
41.47000122,24.01352119
41.47999954,32.00157928
41.49000168,28.00359917
41.5,16.01754951
41.50999832,18.65272141
41.52000046,25.31422234
41.52999878,26.66666603
41.54000092,26.66666603
41.54999924,21.36792183
41.56000137,25.29359436
41.56999969,31.95511436
41.58000183,33.33333206
41.59000015,28.05516815
41.59999847,26.66666603
41.61000061,21.39876747
41.61999893,20
41.63000107,25.25765038
41.63999939,26.66666603
41.65000153,21.41925049
41.65999985,35.72691345
41.66999817,34.76280212
41.68000031,33.33333206
41.68999863,43.787323
41.70000076,46.66666794
41.70999908,36.2330513
41.72000122,28.12161255
41.72999954,37.0799408
41.74000168,34.79844284
41.75,28.13685036
41.75999832,31.85807991
41.77000046,43.70602417
41.77999878,41.48538589
41.79000092,29.6475544
41.79999924,26.66666603
41.81000137,26.66666603
41.81999969,26.66666603
41.83000183,26.66666603
41.84000015,52.42160797
41.84999847,34.27023315
41.86000061,21.52574539
41.86999893,20
41.88000107,25.13087273
41.88999939,31.79252052
41.90000153,43.57501221
41.90999985,26.20335197
41.91999817,14.88917828
41.93000031,13.33333302
41.93999863,18.43415451
41.95000076,30.19165421
41.95999908,33.33333206
41.97000122,33.33333206
41.97999954,43.49507141
41.99000168,46.66666794
42,41.5957489
42.00999832,29.86810684
42.02000046,36.78862762
42.02999878,45.05601883
42.04000092,46.66666794
42.04999924,46.66666794
42.06000137,56.74898529
42.06999969,60
42.08000183,49.93745422
42.09000015,51.69300079
42.09999847,28.22632408
42.11000061,35.0494194
42.11999893,24.96535492
42.13000107,30.01325607
42.13999939,33.33333206
42.15000153,33.33333206
42.15999985,28.34144211
42.16999817,31.6536541
42.18000031,28.35124588
42.18999863,26.66666603
42.20000076,31.63896561
42.20999908,18.43109703
42.22000122,8.370804787
42.22999954,26.49726486
42.24000168,43.23888397
42.25,46.66666794
42.25999832,31.83755493
42.27000046,26.66666603
42.27999878,31.59998322
42.29000092,23.47640991
42.29999924,24.92361259
42.31000137,41.422966
42.31999969,46.66666794
42.33000183,46.66666794
42.34000015,51.57091904
42.34999847,53.33333206
42.36000061,48.43873215
42.36999893,36.88710785
42.38000107,33.33333206
42.38999939,38.2134819
42.40000153,44.87534332
42.40999985,36.92559052
42.41999817,38.19907379
42.43000031,49.72188568
42.43999863,38.76487732
42.45000076,52.73879242
42.45999908,55.15341949
42.47000122,33.96611786
42.47999954,31.50369644
42.49000168,42.99785233
42.5,37.0116806
42.50999832,38.15606689
42.52000046,35.18202591
42.52999878,42.95977402
42.54000092,51.47513962
42.54999924,58.13706207
42.56000137,50.40202713
42.56999969,27.48966217
42.58000183,20
42.59000015,34.35437393
42.59999847,44.78006744
42.61000061,37.1159668
42.61999893,28.56269836
42.63000107,36.19851303
42.63999939,40
42.65000153,25.73045349
42.65999985,15.2481823
42.66999817,32.32183075
42.68000031,35.25756454
42.68999863,42.80883408
42.70000076,41.93359756
42.70999908,49.45678711
42.72000122,43.88588715
42.72999954,35.28094482
42.74000168,42.76211548
42.75,32.53747177
42.75999832,26.66666603
42.77000046,26.66666603
42.77999878,26.66666603
42.79000092,40.7400856
42.79999924,46.66666794
42.81000137,41.98479843
42.81999969,44.67723846
42.83000183,41.99404907
42.84000015,40
42.84999847,44.66337967
42.86000061,51.32543564
42.86999893,67.29582214
42.88000107,59.384655
42.88999939,48.68837357
42.90000153,60.58776855
42.90999985,57.39511108
42.91999817,39.4397583
42.93000031,37.95994568
42.93999863,40
42.95000076,30.76507568
42.95999908,35.89245605
42.97000122,44.60832977
42.97999954,32.85535049
42.99000168,49.66275406
43,46.2159996
43.00999832,30.81975746
43.02000046,35.83782578
43.02999878,40
43.04000092,35.42348862
43.04999924,28.76135063
43.06000137,12.96429157
43.06999969,15.79254436
43.08000183,29.11684799
43.09000015,28.77942085
43.09999847,17.56785202
43.11000061,22.42314339
43.11999893,31.20707512
43.13000107,33.33333206
43.13999939,28.80190659
43.15000153,35.72055054
43.15999985,35.47753906
43.16999817,28.81534576
43.18000031,40.20721817
43.18999863,46.66666794
43.20000076,42.16207886
43.20999908,53.50039291
43.22000122,51.0086441
43.22999954,42.17543793
43.24000168,40
43.25,31.03530884
43.25999832,17.71084404
43.27000046,31.22725487
43.27999878,62.34526825
43.29000092,59.93943787
43.29999924,44.41290283
43.31000137,40
43.31999969,31.09721184
43.33000183,44.45462799
43.34000015,57.77592468
43.34999847,46.68541336
43.36000061,31.13238907
43.36999893,26.66666603
43.38000107,39.94178391
43.38999939,46.66666794
43.40000153,51.08295441
43.40999985,44.50949097
43.41999817,44.40755844
43.43000031,33.45706558
43.43999863,22.26782036
43.45000076,28.78899193
43.45999908,46.50378418
43.47000122,53.33333206
43.47999954,44.57038498
43.49000168,44.37714386
43.5,51.03948212
43.50999832,40.22785568
43.52000046,42.06168365
43.52999878,42.30680466
43.54000092,35.64444733
43.54999924,33.33333206
43.56000137,28.98638535
43.56999969,39.69462585
43.58000183,24.97485542
43.59000015,35.00371552
43.59999847,46.66666794
43.61000061,38.01563263
43.61999893,24.69084167
43.63000107,20
43.63999939,24.31271362
43.65000153,22.35821152
43.65999985,15.69579792
43.66999817,17.63328552
43.68000031,41.4785347
43.68999863,40.45893097
43.70000076,29.04610252
43.70999908,26.66666603
43.72000122,35.22421265
43.72999954,40
43.74000168,40
43.75,35.73387909
43.75999832,46.11907578
43.77000046,44.81791306
43.77999878,40
43.79000092,40
43.79999924,35.75487137
43.81000137,29.09239006
43.81999969,35.14019394
43.83000183,44.23258591
43.84000015,50.89508438
43.84999847,57.55758286
43.86000061,47.33973694
43.86999893,35.78406906
43.88000107,33.33333206
43.88999939,37.54096603
43.90000153,35.7965126
43.90999985,33.33333206
43.91999817,33.33333206
43.93000031,37.52442169
43.93999863,52.56088638
43.95000076,43.26863098
43.95999908,37.51206207
43.97000122,40
43.97999954,48.34102249
43.99000168,40.83410263
44,37.49564743
44.00999832,48.3164444
44.02000046,36.71679306
44.02999878,30.81671906
44.04000092,41.62528229
44.04999924,46.66666794
44.06000137,38.39099884
44.06999969,29.19956207
44.08000183,34.92609024
44.09000015,52.3769722
44.09999847,51.75678253
44.11000061,38.43153763
44.11999893,33.33333206
44.13000107,33.33333206
44.13999939,41.54425049
44.15000153,46.66666794
44.15999985,38.47184372
44.16999817,33.33333206
44.18000031,29.24394798
44.18999863,34.83742142
44.20000076,27.75587273
44.20999908,36.30951309
44.22000122,30.37312126
44.22999954,24.06939888
44.24000168,38.86291504
44.25,38.54379272
44.25999832,33.33333206
44.27000046,29.27983856
44.27999878,30.71619797
44.29000092,29.28776169
44.29999924,38.79152298
44.31000137,50.70433426
44.31999969,45.2658844
44.33000183,52.08935165
44.34000015,60
44.34999847,51.9561615
44.36000061,42.64867401
44.36999893,31.97185516
44.38000107,30.67682266
44.38999939,25.32084274
44.40000153,24.00233841
44.40999985,30.66510391
44.41999817,41.3224144
44.43000031,42.67601776
44.43999863,47.97352219
44.45000076,57.3162117
44.45999908,36.12598801
44.47000122,23.97513008
44.47999954,30.63792801
44.49000168,33.33333206
44.5,25.40625191
44.50999832,20
44.52000046,27.91167831
44.52999878,37.28532791
44.54000092,28.15553093
44.54999924,27.88864517
44.56000137,33.33333206
44.56999969,33.33333206
44.58000183,37.26618195
44.59000015,32.14192963
44.59999847,22.74143982
44.61000061,31.76426506
44.61999893,28.24713516
44.63000107,31.74147987
44.63999939,32.17992783
44.65000153,34.47917175
44.65999985,51.70741272
44.66999817,52.2026062
44.68000031,38.8768158
44.68999863,41.11565399
44.70000076,54.44146729
44.70999908,52.23271179
44.72000122,42.78677368
44.72999954,36.12385178
44.74000168,37.20573807
44.75,51.60601044
44.75999832,56.13506317
44.77000046,45.61090851
44.77999878,43.85749054
44.79000092,46.66666794
44.79999924,38.96654129
44.81000137,37.17969131
44.81999969,32.31468964
44.83000183,38.18354034
44.84000015,35.1608696
44.84999847,30.49824524
44.86000061,33.33333206
44.86999893,33.33333206
44.88000107,33.33333206
44.88999939,33.33333206
44.90000153,21.89367485
44.90999985,24.76202011
44.91999817,40.94515228
44.93000031,39.06214142
44.93999863,37.13195419
44.95000076,43.79498291
44.95999908,35.29261017
44.97000122,26.66666603
44.97999954,34.23487091
44.99000168,32.43902969
45,22.8897934
45.00999832,35.09305954
45.02000046,35.35767746
45.02999878,37.96486282
45.04000092,39.14171982
45.04999924,37.09222031
45.06000137,47.51060867
45.06999969,57.08506012
45.08000183,48.75553894
45.09000015,40
45.09999847,36.25897598
45.11000061,33.33333206
45.11999893,37.0672493
45.13000107,43.73036957
45.13999939,42.93984222
45.15000153,32.55342102
45.15999985,30.38642311
45.16999817,25.90087318
45.18000031,38.56354141
45.18999863,42.20576096
45.20000076,33.33333206
45.20999908,33.33333206
45.22000122,37.03200531
45.22999954,47.39034653
45.24000168,45.94996643
45.25,40
45.25999832,43.68471527
45.27000046,50.34790421
45.27999878,27.58896637
45.29000092,10.34096718
45.29999924,28.01669121
45.31000137,36.3326149
45.31999969,40.66119766
45.33000183,32.02471924
45.34000015,27.31409073
45.34999847,36.98694229
45.36000061,32.69964218
45.36999893,30.31342125
45.38000107,36.9766655
45.38999939,36.36008072
45.40000153,33.33333206
45.40999985,47.86574554
45.41999817,49.11089325
45.43000031,29.12107658
45.43999863,27.24583626
45.45000076,33.33333206
45.45999908,47.79795074
45.47000122,49.16165924
45.47999954,43.60940933
45.49000168,46.66666794
45.5,28.65322876
45.50999832,16.93266678
45.52000046,23.59598541
45.52999878,33.8519516
45.54000092,40
45.54999924,43.58597183
45.56000137,46.66666794
45.56999969,46.66666794
45.58000183,50.24266815
45.59000015,46.18795395
45.59999847,36.43061829
45.61000061,36.89941406
45.61999893,43.56278229
45.63000107,46.66666794
45.63999939,53.77907562
45.65000153,70.6587677
45.65999985,76.45035553
45.66999817,55.60145569
45.68000031,54.17243958
45.68999863,59.58696747
45.70000076,53.33333206
45.70999908,42.73330307
45.72000122,40.39352798
45.72999954,57.24724197
45.74000168,63.14304352
45.75,52.95921326
45.75999832,50.18383789
45.77000046,60.36123657
45.77999878,66.66666412
45.79000092,70.17419434
45.79999924,62.82035828
45.81000137,42.82995224
45.81999969,47.32507324
45.83000183,63.49474716
45.84000015,66.66666412
45.84999847,70.15505219
45.86000061,73.33333588
45.86999893,59.40513611
45.88000107,53.62444305
45.88999939,63.4757309
45.90000153,56.24892426
45.90999985,36.25836182
45.91999817,33.59925842
45.93000031,50.38948059
45.93999863,53.07993698
45.95000076,46.66666794
45.95999908,46.66666794
45.97000122,50.11734009
45.97999954,42.99063873
45.99000168,36.77779388
46,40
46.00999832,40
46.02000046,60.61109924
46.02999878,69.7036972
46.04000092,56.57097626
46.04999924,49.90737915
46.06000137,63.78109741
46.06999969,73.16034698
46.08000183,52.99958801
46.09000015,43.41371918
46.09999847,53.48801804
46.11000061,56.59236526
46.11999893,49.92873383
46.13000107,50.0682373
46.13999939,53.33333206
46.15000153,53.33333206
46.15999985,53.33333206
46.16999817,46.55431366
46.18000031,46.77301407
46.18999863,63.48386383
46.20000076,73.33333588
46.20999908,59.82320023
46.22000122,53.41577148
46.22999954,63.37157822
46.24000168,59.9294548
46.25,56.69897461
46.25999832,66.72536469
46.27000046,73.33333588
46.27999878,76.69011688
46.29000092,73.29232788
46.29999924,63.3157692
46.31000137,60
46.31999969,56.65496063
46.33000183,66.70180511
46.34000015,69.98239899
46.34999847,49.99112701
46.36000061,43.33338547
46.36999893,49.99715042
46.38000107,50.00574493
46.38999939,56.64076996
46.40000153,66.66666412
46.40999985,60.02878952
46.41999817,53.33333206
46.43000031,50.02013397
46.43999863,63.21834564
46.45000076,80
46.45999908,56.8676033
46.47000122,33.33333206
46.47999954,53.12698364
46.49000168,73.33333588
46.5,66.7467804
46.50999832,46.83818817
46.52000046,53.05913925
46.52999878,73.33333588
46.54000092,63.48729324
46.54999924,59.89175415
46.56000137,66.66666412
46.56999969,79.7611618
46.58000183,76.97914886
46.59000015,53.46388626
46.59999847,49.93194962
46.61000061,66.3833847
46.61999893,76.74024963
46.63000107,89.61828613
46.63999939,109.9209061
46.65000153,103.5788651
46.65999985,83.58708954
46.66999817,66.84130859
46.68000031,56.7567215
46.68999863,72.7766571
46.70000076,96.57116699
46.70999908,100
46.72000122,96.76758575
46.72999954,96.56304169
46.74000168,106.4540176
46.75,116.5576477
46.75999832,107.1134796
46.77000046,86.89543915
46.77999878,89.64881897
46.79000092,100
46.79999924,125.6875
46.81000137,137.2919464
46.81999969,129.6168671
46.83000183,152.8119049
46.84000015,160.2660065
46.84999847,166.124115
46.86000061,160.8296051
46.86999893,140
46.88000107,155.9490967
46.88999939,157.3973236
46.90000153,149.5537872
46.90999985,166.3639832
46.91999817,166.9745483
46.93000031,160
46.93999863,172.6968536
46.95000076,193.0099335
46.95999908,200
46.97000122,190.5005493
46.97999954,202.1474457
46.99000168,239.3121033
47,262.8097534
47.00999832,276.4895935
47.02000046,283.153717
47.02999878,292.9690247
47.04000092,315.7432556
47.04999924,367.9407043
47.06000137,469.5387573
47.06999969,609.1040039
47.08000183,765.1312256
47.09000015,922.3270264
47.09999847,1109.675293
47.11000061,1280.299683
47.11999893,1383.390991
47.13000107,1674.459229
47.13999939,2124.295166
47.15000153,2464.422852
47.15999985,2800.456299
47.16999817,3262.633789
47.18000031,3995.054443
47.18999863,4712.016113
47.20000076,5338.390137
47.20999908,6320.981445
47.22000122,7231.322266
47.22999954,7809.057129
47.24000168,7946.733887
47.25,7331.910645
47.25999832,6261.576172
47.27000046,5049.430176
47.27999878,3859.973389
47.29000092,3023.269775
47.29999924,2662.382568
47.31000137,2663.22583
47.31999969,2950.964111
47.33000183,3234.887207
47.34000015,3423.529541
47.34999847,3750.524902
47.36000061,3868.931885
47.36999893,3627.003662
47.38000107,3155.544434
47.38999939,2451.114746
47.40000153,1764.687866
47.40999985,1173.088257
47.41999817,766.614502
47.43000031,532.2467041
47.43999863,423.3757324
47.45000076,367.8011169
47.45999908,368.5704651
47.47000122,344.0347595
47.47999954,278.1190796
47.49000168,269.1217041
47.5,261.7702026
47.50999832,252.1441193
47.52000046,242.3965454
47.52999878,210.3018188
47.54000092,200.6081543
47.54999924,169.1172791
47.56000137,140
47.56999969,133.9549408
47.58000183,123.6463699
47.59000015,138.108429
47.59999847,172.0634003
47.61000061,168.5848694
47.61999893,140.6438141
47.63000107,118.2872467
47.63999939,112.0280685
47.65000153,120.6570206
47.65999985,119.3386002
47.66999817,132.6675568
47.68000031,122.0103836
47.68999863,88.01561737
47.70000076,88.30296326
47.70999908,112.6501923
47.72000122,111.031189
47.72999954,100
47.74000168,105.9706039
47.75,104.3838654
47.75999832,87.37129974
47.77000046,85.9577713
47.77999878,99.28684998
47.79000092,94.76813507
47.79999924,71.0824585
47.81000137,65.94080353
47.81999969,85.20650482
47.83000183,97.03381348
47.84000015,87.40515137
47.84999847,77.03800201
47.86000061,61.49370193
47.86999893,46.66666794
47.88000107,43.71092224
47.88999939,48.86101532
47.90000153,60
47.90999985,51.15138626
47.91999817,48.84243393
47.93000031,60
47.93999863,54.11325073
47.95000076,49.60799408
47.95999908,65.09049225
47.97000122,68.25098419
47.97999954,53.33333206
47.99000168,56.26652908
48,54.13764954
48.00999832,49.5958252
48.02000046,62.11477661
48.02999878,61.63277054
48.04000092,46.66666794
48.04999924,46.66666794
48.06000137,55.42411041
48.06999969,63.7495079
48.08000183,54.16964722
48.09000015,58.31945801
48.09999847,67.51088715
48.11000061,57.09074783
48.11999893,62.05519867
48.13000107,73.33333588
48.13999939,76.23670197
48.15000153,82.90142059
48.15999985,72.16929626
48.16999817,44.64073944
48.18000031,39.12451935
48.18999863,46.66666794
48.20000076,49.5583992
48.20999908,56.22314072
48.22000122,57.11211395
48.22999954,53.33333206
48.24000168,56.21739578
48.25,54.23569107
48.25999832,43.7864151
48.27000046,42.87835312
48.27999878,43.79020691
48.29000092,40
48.29999924,54.36343384
48.31000137,67.59172058
48.31999969,54.26213837
48.33000183,43.79960632
48.34000015,37.13480759
48.34999847,24.74334717
48.36000061,19.05627251
48.36999893,32.38589859
48.38000107,42.8577652
48.38999939,40.95482635
48.40000153,41.89556503
48.40999985,50.48109436
48.41999817,49.51707458
48.43000031,56.18191147
48.43999863,62.84675217
48.45000076,49.5970726
48.45999908,29.50978279
48.47000122,39.01593781
48.47999954,49.50616074
48.49000168,56.17102432
48.5,71.34355927
48.50999832,69.66210175
48.52000046,49.49897003
48.52999878,53.33333206
48.54000092,50.50460052
48.54999924,57.97447205
48.56000137,67.6829834
48.56999969,48.70638275
48.58000183,38.97660446
48.59000015,49.48653793
48.59999847,50.51522064
48.61000061,49.4830246
48.61999893,64.5917511
48.63000107,68.7485733
48.63999939,44.8999939
48.65000153,47.38019943
48.65999985,49.82084274
48.66999817,37.89028549
48.68000031,58.94168854
48.68999863,69.46911621
48.70000076,56.52894592
48.70999908,44.52939224
48.72000122,48.81079483
48.72999954,41.72011185
48.74000168,56.12722015
48.75,48.83125687
48.75999832,36.12382126
48.77000046,45.57758713
48.77999878,50.54623032
48.79000092,43.88124847
48.79999924,42.78373337
48.81000137,43.88461304
48.81999969,40
48.83000183,48.33612442
48.84000015,48.89184189
48.84999847,47.21020889
48.86000061,63.89295197
48.86999893,48.91176987
48.88000107,27.79252625
48.88999939,28.30626106
48.90000153,48.30132294
48.90999985,54.46907043
48.91999817,43.90283966
48.93000031,45.52437973
48.93999863,47.81221771
48.95000076,48.2767868
48.95999908,60
48.97000122,48.97726822
48.97999954,33.33333206
48.99000168,33.33333206
49,36.0841713
49.00999832,48.24769211
49.02000046,65.49525452
49.02999878,62.34922791
49.04000092,49.41109467
49.04999924,47.84766388
49.06000137,31.77626801
49.06999969,25.4793129
49.08000183,36.07140732
49.09000015,45.47298431
49.09999847,45.12858582
49.11000061,44.26670074
49.11999893,46.34114456
49.13000107,26.66666603
49.13999939,29.39530563
49.15000153,36.06041336
49.15999985,40
49.16999817,42.72396851
49.18000031,43.9442482
49.18999863,37.27913284
49.20000076,41.4913063
49.20999908,56.05111694
49.22000122,49.13502121
49.22999954,30.61862373
49.24000168,26.66666603
49.25,29.37831688
49.25999832,33.33333206
49.27000046,33.33333206
49.27999878,36.04041672
49.29000092,40
49.29999924,40
49.31000137,42.70254135
49.31999969,38.56355667
49.33000183,37.46479416
49.34000015,58.72939682
49.34999847,63.97013474
49.36000061,57.30496216
49.36999893,50.63978577
49.38000107,49.35872269
49.38999939,53.33333206
49.40000153,47.95515442
49.40999985,37.31239319
49.41999817,30.64720154
49.43000031,34.72063828
49.43999863,43.98348236
49.45000076,26.5914135
49.45999908,6.666666508
49.47000122,17.38182259
49.47999954,33.33333206
49.49000168,41.36095047
49.5,42.63566208
49.50999832,29.33963394
49.52000046,33.33333206
49.52999878,38.67347717
49.54000092,52.00392532
49.54999924,51.99843216
49.56000137,40
49.56999969,40
49.58000183,45.32576752
49.59000015,50.67187881
49.59999847,44.00663757
49.61000061,42.65860367
49.61999893,44.00948334
49.63000107,40
49.63999939,37.34564972
49.65000153,30.68039894
49.65999985,31.96971512
49.66999817,34.69976807
49.68000031,34.61279678
49.68999863,54.60858917
49.70000076,53.43712997
49.70999908,38.6223526
49.72000122,57.2391243
49.72999954,68.04988861
49.74000168,54.71933746
49.75,38.74983597
49.75999832,26.66666603
49.77000046,29.30284119
49.77999878,28.06374359
49.79000092,20
49.79999924,30.52816582
49.81000137,49.29733658
49.81999969,45.44543839
49.83000183,30.70540428
49.84000015,31.91979408
49.84999847,45.25040054
49.86000061,45.46181488
49.86999893,25.46589088
49.88000107,23.81783104
49.88999939,40
49.90000153,34.76316452
49.90999985,31.90080452
49.91999817,47.84716415
49.93000031,54.77124786
49.93999863,51.89273453
49.95000076,65.22338867
49.95999908,62.89191055
49.97000122,36.23058701
49.97999954,27.82305908
49.99000168,47.81906509
50,60
50.00999832,46.98151016
50.02000046,29.26903915
50.02999878,38.53543472
50.04000092,41.46720886
50.04999924,33.33333206
50.06000137,35.93042755
50.06999969,34.80844116
50.08000183,24.07219887
50.09000015,25.18631363
50.09999847,35.92518234
50.11000061,47.77162933
50.11999893,60
50.13000107,49.64825439
50.13999939,33.33333206
50.15000153,33.33333206
50.15999985,30.74929047
50.16999817,26.66666603
50.18000031,34.41103363
50.18999863,38.92617035
50.20000076,26.66666603
50.20999908,26.66666603
50.22000122,31.81927872
50.22999954,42.57502365
50.24000168,59.5353775
50.25,72.28260803
50.25999832,54.85762787
50.27000046,49.23657608
50.27999878,45.62742233
50.29000092,28.19860077
50.29999924,22.56609535
50.31000137,34.36114883
50.31999969,38.97598267
50.33000183,34.35355759
50.34000015,44.10563278
50.34999847,42.55977249
50.36000061,38.9911232
50.36999893,31.78117943
50.38000107,45.11199951
50.38999939,48.22383881
50.40000153,42.5534935
50.40999985,49.21891022
50.41999817,50.782341
50.43000031,39.01742935
50.43999863,34.31216812
50.45000076,49.21392059
50.45999908,55.87934494
50.47000122,54.91045761
50.47999954,46.66666794
50.49000168,46.66666794
50.5,41.58455276
50.50999832,35.87315369
50.52000046,42.53858948
50.52999878,39.05459595
50.54000092,24.13054085
50.54999924,30.1395874
50.56000137,41.59932709
50.56999969,35.86577606
50.58000183,40
50.59000015,37.47000504
50.59999847,35.86210632
50.61000061,40
50.61999893,34.94733047
50.63000107,29.191782
50.63999939,43.42893219
50.65000153,49.9092598
50.65999985,30.81186295
50.66999817,31.70718384
50.68000031,37.48095322
50.68999863,35.85116959
50.70000076,40
50.70999908,34.96915436
50.72000122,34.20931625
50.72999954,46.66666794
50.74000168,39.13124084
50.75,26.66666603
50.75999832,26.66666603
50.77000046,31.68307686
50.77999878,29.97197342
50.79000092,18.34495163
50.79999924,26.66666603
50.81000137,24.16324806
50.81999969,27.50667191
50.83000183,42.50102997
50.84000015,49.16650772
50.84999847,50.83468628
50.86000061,41.67174911
50.86999893,35.8296051
50.88000107,35.00983429
50.88999939,29.16056252
50.90000153,33.33333206
50.90999985,35.82485962
50.91999817,32.52897263
50.93000031,32.4458046
50.93999863,50.84535599
50.95000076,54.12706375
50.95999908,59.20980835
50.97000122,41.69778442
50.97999954,28.36680794
50.99000168,29.92834473
51,46.66666794
51.00999832,39.22746277
51.02000046,26.66666603
51.02999878,29.14405441
51.04000092,30.85711861
51.04999924,26.66666603
51.06000137,24.19279289
51.06999969,24.94540596
51.08000183,28.39026451
51.09000015,22.47036552
51.09999847,29.13586426
51.11000061,38.26939774
51.11999893,41.73293686
51.13000107,30.86763382
51.13999939,31.59573746
51.15000153,42.46337128
51.15999985,41.74224854
51.16999817,33.33333206
51.18000031,38.25310135
51.18999863,39.29050064
51.20000076,24.20910454
51.20999908,20
51.22000122,27.36572838
51.22999954,35.09183121
51.24000168,29.11959267
51.25,33.33333206
51.25999832,38.23455429
51.27000046,46.66666794
51.27999878,44.21836853
51.29000092,47.34143066
51.29999924,60
51.31000137,50.22066116
51.31999969,30.88965225
51.33000183,36.43677521
51.34000015,48.45058441
51.34999847,37.55977631
51.36000061,35.77240372
51.36999893,37.56208038
51.38000107,33.33333206
51.38999939,35.76895142
51.40000153,44.86893082
51.40999985,53.33333206
51.41999817,58.19766617
51.43000031,64.23564911
51.43999863,55.1402626
51.45000076,46.66666794
51.45999908,44.2390976
51.47000122,42.42642212
51.47999954,44.24139023
51.49000168,35.15174484
51.5,26.66666603
51.50999832,33.93216705
51.52000046,44.24597931
51.52999878,32.74137878
51.54000092,24.83678818
51.54999924,35.75057983
51.56000137,42.41610336
51.56999969,41.83675385
51.58000183,33.33333206
51.59000015,33.33333206
51.59999847,40.56789017
51.61000061,50.92295837
51.61999893,37.02975082
51.63000107,22.40808296
51.63999939,38.70136261
51.65000153,52.78261948
51.65999985,40
51.66999817,37.59649658
51.68000031,30.93097305
51.68999863,24.26545143
51.70000076,20
51.70999908,31.994627
51.72000122,58.12889481
51.72999954,59.47676086
51.74000168,44.27117538
51.75,37.60565567
51.75999832,26.15373039
51.77000046,15.72538853
51.77999878,27.1727314
51.79000092,40
51.79999924,40
51.81000137,37.61252594
51.81999969,33.33333206
51.83000183,38.10369873
51.84000015,44.28263092
51.84999847,37.61711121
51.86000061,45.24205017
51.86999893,59.52487564
51.88000107,44.28721619
51.88999939,42.37830353
51.90000153,46.66666794
51.90999985,46.66666794
51.91999817,44.29180908
51.93000031,37.62628937
51.93999863,26.21564484
51.95000076,15.7047472
51.95999908,27.11079407
51.97000122,37.63088608
51.97999954,38.06926346
51.99000168,53.76710892
52,59.56967545
52.00999832,37.20861435
52.02000046,24.72672272
52.02999878,40.41996002
52.04000092,48.6112175
52.04999924,42.35990524
52.06000137,46.66666794
52.06999969,44.30907059
52.08000183,37.6435585
52.09000015,28.62275696
52.09999847,20
52.11000061,27.05893135
52.11999893,35.2963562
52.13000107,31.36799431
52.13999939,44.69901276
52.15000153,46.28828812
52.15999985,35.68052292
52.16999817,44.69206238
52.18000031,46.29872131
52.18999863,30.98962212
52.20000076,29.00921631
52.20999908,35.67472076
52.22000122,40
52.22999954,40
52.24000168,40
52.25,40
52.25999832,35.32886124
52.27000046,21.99785995
52.27999878,17.99980736
52.29000092,35.99494553
52.29999924,46.34062958
52.31000137,31.00360107
52.31999969,28.99522972
52.33000183,35.66072464
52.34000015,44.65244293
52.34999847,53.33333206
52.36000061,51.00945663
52.36999893,42.02126312
52.38000107,28.69027901
52.38999939,29.2814045
52.40000153,48.98583984
52.40999985,55.65132904
52.41999817,57.68318176
52.43000031,51.01769257
52.43999863,44.35220718
52.45000076,44.6265564
52.45999908,48.70914078
52.47000122,44.62182617
52.47999954,53.33333206
52.49000168,51.02479172
52.5,42.05195236
52.50999832,31.02716446
52.52000046,33.58161163
52.52999878,44.36287308
52.54000092,37.69739914
52.54999924,33.33333206
52.56000137,31.03311539
52.56999969,24.36764336
52.58000183,24.59565735
52.59000015,33.33333206
52.59999847,31.03789711
52.61000061,28.96090317
52.61999893,37.91940689
52.63000107,46.66666794
52.63999939,46.66666794
52.65000153,46.66666794
52.65999985,51.2431221
52.66999817,53.13893509
52.68000031,40
52.68999863,44.56921387
52.70000076,51.04993439
52.70999908,39.82010651
52.72000122,24.3856926
52.72999954,24.55952263
52.74000168,42.44752121
52.75,55.4453392
52.75999832,42.11444092
52.77000046,35.60822678
52.77999878,37.72632599
52.79000092,31.06088066
52.79999924,31.20912743
52.81000137,42.27000427
52.81999969,44.39788818
52.83000183,30.9297905
52.84000015,20.13230515
52.84999847,37.86352158
52.86000061,42.13894272
52.86999893,33.33333206
52.88000107,42.37891006
52.88999939,62.26015854
52.90000153,64.40774536
52.90999985,53.22695923
52.91999817,40
52.93000031,40
52.93999863,37.74604797
52.95000076,40.09145737
52.95999908,46.57895279
52.97000122,35.58354568
52.97999954,37.7510376
52.99000168,33.33333206
53,33.33333206
53.00999832,42.31413269
53.02000046,57.75605774
53.02999878,53.33333206
53.04000092,51.09191132
53.04999924,46.66666794
53.06000137,39.94997787
53.06999969,24.42903519
53.08000183,33.41817856
53.09000015,51.05962372
53.09999847,35.56715775
53.11000061,42.23254776
53.11999893,51.12921524
53.13000107,53.31000519
53.13999939,44.45743942
53.15000153,46.65101624
53.15999985,35.5594902
53.16999817,46.67461777
53.18000031,57.77641296
53.18999863,53.33333206
53.20000076,57.77535248
53.20999908,55.5680809
53.22000122,33.33333206
53.22999954,35.55046082
53.24000168,40
53.25,33.35640717
53.25999832,22.21322823
53.27000046,28.87859154
53.27999878,37.75457382
53.29000092,46.66666794
53.29999924,48.87466812
53.31000137,55.5400238
53.31999969,55.58924866
53.33000183,40.05448532
53.34000015,24.46392441
53.34999847,31.00710869
53.36000061,48.93313599
53.36999893,42.19877625
53.38000107,44.46921921
53.38999939,37.8038826
53.40000153,35.52812195
53.40999985,44.38690948
53.41999817,48.94909286
53.43000031,35.61843491
53.43999863,26.66666603
53.45000076,31.04286766
53.45999908,37.81324387
53.47000122,31.14792442
53.47999954,26.66666603
53.49000168,28.84937477
53.5,35.5146904
53.50999832,37.81999969
53.52000046,44.22653961
53.52999878,53.60298157
53.54000092,26.66666603
53.54999924,31.01577187
53.56000137,44.3463707
53.56999969,42.47425842
53.58000183,20
53.59000015,24.33813667
53.59999847,39.83640671
53.61000061,49.00071335
53.61999893,37.83507156
53.63000107,39.82396698
53.63999939,49.00901794
53.65000153,35.6784668
53.65999985,28.82604218
53.66999817,33.33333206
53.68000031,33.33333206
53.68999863,33.33333206
53.70000076,35.48711395
53.70999908,40
53.72000122,42.15096664
53.72999954,46.66666794
53.74000168,44.51852036
53.75,37.85327148
53.75999832,35.47864532
53.77000046,29.28054237
53.77999878,10.95160294
53.79000092,24.28208351
53.79999924,33.33333206
53.81000137,29.05696869
53.81999969,22.13674736
53.83000183,26.66666603
53.84000015,26.66666603
53.84999847,30.93152428
53.86000061,37.86901474
53.86999893,33.33333206
53.88000107,39.71759033
53.88999939,51.20670319
53.90000153,44.54149246
53.90999985,35.75256729
53.91999817,28.78892136
53.93000031,39.6957016
53.93999863,55.45265579
53.95000076,57.88214874
53.95999908,51.21695709
53.97000122,48.78156662
53.97999954,51.21991348
53.99000168,46.66666794
54,50.88757324
54.00999832,53.67310333
54.02000046,42.10747528
54.02999878,42.4547081
54.04000092,39.64678192
54.04999924,57.53929901
54.06000137,62.46370697
54.06999969,51.23336029
54.08000183,48.76512909
54.09000015,53.33333206
54.09999847,47.04702377
54.11000061,31.23941612
54.11999893,39.22104263
54.13000107,66.66666412
54.13999939,64.57732391
54.15000153,57.91218948
54.15999985,44.98822021
54.16999817,26.66666603
54.18000031,30.83306694
54.18999863,40
54.20000076,42.08010864
54.20999908,42.50954819
54.22000122,29.17932129
54.22999954,26.22634888
54.24000168,44.14777756
54.25,51.2610054
54.25999832,46.66666794
54.27000046,46.66666794
54.27999878,46.66666794
54.29000092,44.6006279
54.29999924,37.93553925
54.31000137,31.27045631
54.31999969,34.9118309
54.33000183,51.27363205
54.34000015,40.49234009
54.34999847,26.66666603
54.36000061,32.83140182
54.36999893,52.82659149
54.38000107,56.40815735
54.38999939,33.33333206
54.40000153,41.52724457
54.40999985,64.09371948
54.41999817,71.28809357
54.43000031,64.6230545
54.43999863,60
54.45000076,55.91928864
54.45999908,42.58922195
54.47000122,35.37041855
54.47999954,40
54.49000168,37.9662056
54.5,37.39762878
54.50999832,50.7276535
54.52000046,53.91348648
54.52999878,44.05435562
54.54000092,59.40987778
54.54999924,75.35717773
54.56000137,67.86694336
54.56999969,44.04100418
54.58000183,47.2768631
54.59000015,29.29904938
54.59999847,28.0618248
54.61000061,54.72173309
54.61999893,67.29711151
54.63000107,57.35408783
54.63999939,62.64931488
54.65000153,49.31938934
54.65999985,48.02105331
54.66999817,68.67021942
54.68000031,61.32232285
54.68999863,37.33356476
54.70000076,50.66345215
54.70999908,60
54.72000122,56.01013565
54.72999954,44.67346954
54.74000168,40
54.75,38.01028442
54.75999832,31.34536362
54.77000046,32.62532043
54.77999878,46.66666794
54.79000092,50.63207626
54.79999924,58.01905823
54.81000137,49.37498474
54.81999969,40
54.83000183,34.07311249
54.84000015,27.89540291
54.84999847,46.66666794
54.86000061,46.66666794
54.86999893,48.63515854
54.88000107,51.36663818
54.88999939,48.63156128
54.90000153,51.37023926
54.90999985,46.66666794
54.91999817,46.66666794
54.93000031,46.66666794
54.93999863,46.66666794
54.95000076,44.7126503
54.95999908,36.09562683
54.97000122,28.61702156
54.97999954,37.23036957
54.99000168,48.61334229
55,53.33333206
55.00999832,55.2763176
55.02000046,54.17661285
55.02999878,41.93927002
55.04000092,50.54148483
55.04999924,61.93554306
55.06000137,60.86564636
55.06999969,44.7348671
55.08000183,43.85983658
55.09000015,53.33333206
55.09999847,45.62874603
55.11000061,30.51517677
55.11999893,40
55.13000107,40
55.13999939,40
55.15000153,40
55.15999985,47.65890884
55.16999817,62.84104919
55.18000031,47.60067749
55.18999863,35.2422905
55.20000076,45.72107315
55.20999908,50.47455978
55.22000122,26.66666603
55.22999954,36.17267227
55.24000168,56.20149994
55.25,44.76937103
55.25999832,41.89533615
55.27000046,54.24015808
55.27999878,65.76771545
55.29000092,52.33495712
55.29999924,64.77921295
55.31000137,56.22906113
55.31999969,52.31711578
55.33000183,66.66666412
55.34000015,66.66666412
55.34999847,70.42165375
55.36000061,74.37353516
55.36999893,56.25304413
55.38000107,44.79520416
55.38999939,41.86944199
55.40000153,50.4015007
55.40999985,67.46155548
55.41999817,82.93995667
55.43000031,75.19464874
55.43999863,80
55.45000076,74.42832947
55.45999908,54.43449402
55.47000122,41.85311127
55.47999954,52.21981049
55.49000168,75.91156769
55.5,92.61237335
55.50999832,67.79884338
55.52000046,53.33333206
55.52999878,58.85530853
55.54000092,71.49476624
55.54999924,61.15726089
55.56000137,50.33539963
55.56999969,61.83226013
55.58000183,77.64754486
55.59000015,104.8386383
55.59999847,98.17409515
55.61000061,86.03821564
55.61999893,63.02337265
55.63000107,60.6113739
55.63999939,85.45210266
55.65000153,103.6304398
55.65999985,107.8941269
55.66999817,87.90060425
55.68000031,80.56832123
55.68999863,96.38684082
55.70000076,90.27548218
55.70999908,107.2089157
55.72000122,137.4669342
55.72999954,157.6773834
55.74000168,127.9463425
55.75,118.7137299
55.75999832,127.959549
55.77000046,116.911438
55.77999878,126.6666641
55.79000092,137.3743744
55.79999924,170.2314453
55.81000137,183.560318
55.81999969,186.2216339
55.83000183,161.3396149
55.84000015,150.2135468
55.84999847,160
55.86000061,172.3825226
55.86999893,217.2666779
55.88000107,264.3106689
55.88999939,330.9546204
55.90000153,401.1181946
55.90999985,503.9391785
55.91999817,649.4852905
55.93000031,732.6161499
55.93999863,823.4310303
55.95000076,966.8793335
55.95999908,1106.19104
55.97000122,1265.443726
55.97999954,1578.065308
55.99000168,1856.520508
56,2123.699707
56.00999832,2351.653809
56.02000046,2747.489014
56.02999878,3274.883301
56.04000092,3661.402588
56.04999924,4000.091064
56.06000137,3780.533936
56.06999969,3519.571045
56.08000183,3313.363037
56.09000015,2692.6604
56.09999847,2159.894775
56.11000061,1699.242554
56.11999893,1341.249634
56.13000107,1059.2146
56.13999939,1009.402222
56.15000153,1192.458862
56.15999985,1350.83252
56.16999817,1524.102661
56.18000031,1705.841919
56.18999863,1863.382813
56.20000076,1900.356445
56.20999908,1961.448608
56.22000122,1881.406128
56.22999954,1757.901001
56.24000168,1480.683716
56.25,991.0983887
56.25999832,651.4194336
56.27000046,464.9348755
56.27999878,374.9621887
56.29000092,305.0000916
56.29999924,303.3580627
56.31000137,231.7313538
56.31999969,168.3258514
56.33000183,174.9900055
56.34000015,191.57901
56.34999847,211.8021088
56.36000061,163.3684998
56.36999893,161.5660706
56.38000107,171.8706055
56.38999939,116.8179169
56.40000153,99.77790833
56.40999985,140
56.41999817,133.4648743
56.43000031,116.5957642
56.43999863,116.8948288
56.45000076,86.66666412
56.45999908,85.04319
56.47000122,76.75823212
56.47999954,68.28495789
56.49000168,81.41177368
56.5,103.440506
56.50999832,93.33333588
56.52000046,96.54904175
56.52999878,95.43004608
56.54000092,56.79479218
56.54999924,46.66666794
56.56000137,45.06933212
56.56999969,38.40530777
56.58000183,38.10946274
56.59000015,56.51211548
56.59999847,63.49320221
56.61000061,58.08553696
56.61999893,73.33333588
56.63000107,70.17588043
56.63999939,58.42395401
56.65000153,54.90669632
56.65999985,60
56.66999817,55.29606247
56.68000031,35.30416107
56.68999863,26.25030136
56.70000076,43.54693604
56.70999908,31.77618217
56.72000122,28.22109795
56.72999954,39.54016113
56.74000168,63.0979538
56.75,76.4258194
56.75999832,77.40565491
56.77000046,46.66666794
56.77999878,45.12865829
56.79000092,35.39424133
56.79999924,23.06498528
56.81000137,42.51169968
56.81999969,68.75245667
56.83000183,53.33333206
56.84000015,54.85473633
56.84999847,60
56.86000061,61.51582718
56.86999893,60.61452866
56.88000107,35.4692955
56.88999939,20
56.90000153,21.50462151
56.90999985,31.17208672
56.91999817,48.16565323
56.93000031,54.82949829
56.93999863,58.50666428
56.95000076,54.82383347
56.95999908,54.04935074
56.97000122,34.81815338
56.97999954,40
56.99000168,40
57,40
57.00999832,40
57.02000046,38.52946854
57.02999878,33.33333206
57.04000092,34.79811478
57.04999924,40
57.06000137,40
57.06999969,44.36836243
57.08000183,60
57.09000015,57.09934998
57.09999847,46.66666794
57.11000061,45.22215652
57.11999893,44.32478333
57.13000107,54.24530029
57.13999939,37.64058304
57.15000153,53.33333206
57.15999985,50.47355652
57.16999817,38.57305145
57.18000031,36.18134689
57.18999863,45.24560928
57.20000076,45.67242813
57.20999908,65.25151825
57.22000122,57.17562103
57.22999954,45.25744247
57.24000168,38.59374619
57.25,31.93005562
57.25999832,29.46726036
57.27000046,44.19194031
57.27999878,53.02838135
57.29000092,26.66666603
57.29999924,30.83166504
57.31000137,46.66666794
57.31999969,48.04898834
57.33000183,51.95402145
57.34000015,43.91407394
57.34999847,30.58678436
57.36000061,21.3702507
57.36999893,28.03388786
57.38000107,34.69752121
57.38999939,40
57.40000153,42.71620941
57.40999985,53.33333206
57.41999817,51.98132706
57.43000031,45.31771851
57.43999863,38.65410995
57.45000076,36.01898193
57.45999908,45.32691193
57.47000122,35.9899559
57.47999954,18.66639709
57.49000168,15.99437428
57.5,29.3215332
57.50999832,40
57.52000046,38.6787529
57.52999878,33.33333206
57.54000092,34.64837646
57.54999924,40
57.56000137,40
57.56999969,38.69429398
57.58000183,33.33333206
57.59000015,32.03387451
57.59999847,25.37034035
57.61000061,23.87957954
57.61999893,38.70994568
57.63000107,33.33333206
57.63999939,34.61709976
57.65000153,36.15815735
57.65999985,21.27745819
57.66999817,26.66666603
57.68000031,29.20893669
57.68999863,40
57.70000076,42.52959061
57.70999908,50.81009674
57.72000122,41.25843811
57.72999954,44.15615845
57.74000168,35.83746338
57.75,42.92005157
57.75999832,29.1580162
57.77000046,41.2424736
57.77999878,46.66666794
57.79000092,44.19454956
57.79999924,39.49756241
57.81000137,60.51852798
57.81999969,35.78614426
57.83000183,42.99712372
57.84000015,30.32651901
57.84999847,47.8833847
57.86000061,48.47941589
57.86999893,26.66666603
57.88000107,30.28764153
57.88999939,46.66666794
57.90000153,44.26568985
57.90999985,38.12225342
57.91999817,60
57.93000031,58.80929565
57.93999863,49.77103424
57.95000076,32.14917374
57.95999908,26.66666603
57.97000122,30.19946861
57.97999954,47.84098053
57.99000168,47.47820663
58,20
58.00999832,22.32887077
58.02000046,35.6556015
58.02999878,45.50883865
58.04000092,40
58.04999924,35.3951683
58.06000137,16.77700615
58.06999969,34.47790527
58.08000183,38.8587532
58.09000015,32.1954155
58.09999847,30.07042503
58.11000061,43.27291489
58.11999893,26.66666603
58.13000107,27.79123497
58.13999939,33.33333206
58.15000153,34.45120239
58.15999985,40
58.16999817,35.55537033
58.18000031,16.65671921
58.18999863,35.54219055
58.20000076,45.56560516
58.20999908,38.90231323
58.22000122,33.33333206
58.22999954,35.51519012
58.24000168,45.57912064
58.25,38.91584396
58.25999832,36.57562637
58.27000046,54.41070175
58.27999878,56.77808762
58.29000092,38.92943192
58.29999924,32.2661705
58.31000137,25.60291481
58.31999969,22.12067604
58.33000183,33.33333206
58.34000015,33.33333206
58.34999847,33.33333206
58.36000061,30.19338989
58.36999893,15.41976547
58.38000107,25.62688637
58.38999939,21.03634262
58.40000153,26.66666603
58.40999985,28.7255764
58.41999817,38.97399521
58.43000031,32.31077957
58.43999863,30.74305344
58.45000076,53.33333206
58.45999908,50.29681396
58.47000122,34.34204102
58.47999954,38.99476242
58.49000168,33.33333206
58.5,36.32818985
58.50999832,52.33852768
58.52000046,44.68402481
58.52999878,36.29683304
58.54000092,51.36464691
58.54999924,41.96169662
58.56000137,50.40127945
58.56999969,30.41178322
58.58000183,13.33333302
58.59000015,18.16752052
58.59999847,46.66666794
58.61000061,44.74704361
58.61999893,31.42074585
58.63000107,24.76386452
58.63999939,52.38408661
58.65000153,48.55810928
58.65999985,58.11562347
58.66999817,43.85070419
58.68000031,26.66666603
58.68999863,27.59824181
58.70000076,31.47727013
58.70999908,19.07551575
58.72000122,14.25426674
58.72999954,23.66951561
58.74000168,45.75284576
58.75,37.26921844
58.75999832,25.44018364
58.77000046,57.29060745
58.77999878,38.20087814
58.79000092,27.56265259
58.79999924,34.22574234
58.81000137,40.88883209
58.81999969,44.89617157
58.83000183,31.57001114
58.84000015,23.51228905
58.84999847,44.04322815
58.86000061,24.92489815
58.86999893,15.06790447
58.88000107,27.53034973
58.88999939,32.47325516
58.90000153,28.37960815
58.90999985,39.1471405
58.91999817,33.33333206
58.93000031,31.64207649
58.93999863,19.15799141
58.95000076,15.01010418
58.95999908,28.33618546
58.97000122,39.16886902
58.97999954,37.47082138
58.99000168,64.19508362
59,45.84644318
59.00999832,35.91708755
59.02000046,8.292542458
59.02999878,22.4278717
59.04000092,40
59.04999924,39.19801331
59.06000137,33.33333206
59.06999969,34.92267609
59.08000183,45.08464813
59.09000015,33.33333206
59.09999847,32.54965591
59.11000061,28.22667885
59.11999893,39.22366714
59.13000107,33.33333206
59.13999939,35.6402626
59.15000153,51.80274582
59.15999985,40
59.16999817,38.48415756
59.18000031,27.42089653
59.18999863,33.33333206
59.20000076,31.83965492
59.20999908,22.97256088
59.22000122,48.88497925
59.22999954,65.93093109
59.24000168,57.07189941
59.25,36.97490692
59.25999832,63.04365921
59.27000046,34.05421829
59.27999878,38.5656662
59.29000092,28.09355736
59.29999924,40
59.31000137,38.5880127
59.31999969,25.26213837
59.33000183,14.73039627
59.34000015,27.36146355
59.34999847,33.33333206
59.36000061,33.33333206
59.36999893,34.01690674
59.38000107,38.64034271
59.38999939,26.66666603
59.40000153,27.33899689
59.40999985,31.99618149
59.41999817,22.65927887
59.43000031,45.34454727
59.43999863,33.33333206
59.45000076,33.98686981
59.45999908,39.35023117
59.47000122,32.68733597
59.47999954,28.59334755
59.49000168,47.943573
59.5,58.73064804
59.50999832,46.03577042
59.52000046,40
59.52999878,38.75334167
59.54000092,26.66666603
59.54999924,28.51392365
59.56000137,47.89058685
59.56999969,57.56733704
59.58000183,33.93770218
59.59000015,40
59.59999847,37.61293411
59.61000061,13.33333302
59.61999893,15.6899538
59.63000107,39.41465378
59.63999939,33.33333206
59.65000153,34.48877335
59.65999985,46.66666794
59.66999817,46.66666794
59.68000031,46.10040283
59.68999863,38.87512207
59.70000076,27.78389168
59.70999908,40
59.72000122,38.89809418
59.72999954,26.66666603
59.74000168,27.2099514
59.75,32.79388809
59.75999832,26.66666603
59.77000046,26.13490295
59.77999878,20.52791977
59.79000092,27.71481133
59.79999924,39.47977829
59.81000137,32.8169632
59.81999969,26.15415001
59.83000183,18.98267937
59.84000015,7.171469212
59.84999847,14.33521652
59.86000061,28.15790367
59.86999893,46.17345428
59.88000107,40.9786911
59.88999939,52.36238098
59.90000153,41.44481659
59.90999985,57.61134338
59.91999817,26.66666603
59.93000031,28.54657555
59.93999863,53.79943085
59.95000076,58.15114212
59.95999908,32.87500381
59.97000122,27.57555199
59.97999954,39.54944611
59.99000168,33.77999496
60,40
60.00999832,38.68337631
60.02000046,20.43497658
60.02999878,27.09774399
60.04000092,33.33333206
60.04999924,33.75660706
60.06000137,39.58063126
60.06999969,33.74879456
60.08000183,39.58845139
60.09000015,32.51805496
60.09999847,19.59627533
60.11000061,14.13295174
60.11999893,25.87488365
60.13000107,14.90122223
60.13999939,39.22389984
60.15000153,27.43492126
60.15999985,40.38020325
60.16999817,46.29039383
60.18000031,38.88296509
60.18999863,20.73682594
60.20000076,33.69781494
60.20999908,40.36054611
60.22000122,46.31005859
60.22999954,39.29466248
60.24000168,25.96920967
60.25,13.67811871
60.25999832,20.34084129
60.27000046,26.32977295
60.27999878,21.3317852
60.29000092,46.00867462
60.29999924,33.6583786
60.31000137,40.3210907
60.31999969,46.34953308
60.33000183,38.43411255
60.34000015,7.594322205
60.34999847,27.27718163
60.36000061,39.39741135
60.36999893,27.26132774
60.38000107,40.29336548
60.38999939,46.66666794
60.40000153,45.81038666
60.40999985,26.66666603
60.41999817,26.66666603
60.43000031,27.21368027
60.43999863,40.26953125
60.45000076,46.40111542
60.45999908,39.47685623
60.47000122,27.43943787
60.47999954,46.15945435
60.49000168,32.58446884
60.5,13.578969
60.50999832,20.48329353
60.52000046,32.85801697
60.52999878,20.46733093
60.54000092,32.87398911
60.54999924,20
60.56000137,20.22168159
60.56999969,27.10203362
60.58000183,38.93157959
60.59000015,6.666666508
60.59999847,7.283708096
60.61000061,26.86834335
60.61999893,33.33333206
60.63000107,33.52699661
60.63999939,39.4310379
60.65000153,20.18564415
60.65999985,27.21156502
60.66999817,46.66666794
60.68000031,47.01387405
60.68999863,59.15205765
60.70000076,26.83223724
60.70999908,33.01023102
60.72000122,20
60.72999954,20.30701828
60.74000168,33.33333206
60.75,32.89695358
60.75999832,13.1918993
60.77000046,7.078885555
60.77999878,26.80004311
60.79000092,32.94529343
60.79999924,13.70927715
60.81000137,33.69717789
60.81999969,52.98159409
60.83000183,33.44654465
60.84000015,39.89082718
60.84999847,33.22819901
60.86000061,27.07104683
60.86999893,53.13922501
60.88000107,39.90699005
60.88999939,33.42230225
60.90000153,39.83015442
60.90999985,26.82841682
60.91999817,39.69268799
60.93000031,13.33333302
60.93999863,13.47079086
60.95000076,26.60198975
60.95999908,20.12124825
60.97000122,33.33333206
60.97999954,33.228302
60.99000168,20.0484581
61,26.57786369
61.00999832,13.3736763
61.02000046,19.96371651
61.02999878,13.36555481
61.04000092,20.0281601
61.04999924,26.66666603
61.06000137,26.68669891
61.06999969,33.34930038
61.08000183,39.98810196
61.09000015,33.33333206
61.09999847,33.33333206
61.11000061,33.33333206
61.11999893,33.33333206
61.13000107,26.6751194
61.13999939,13.35838413
61.15000153,39.93360138
61.15999985,59.93797302
61.16999817,40.0742569
61.18000031,26.72432518
61.18999863,39.93418503
61.20000076,26.74064255
61.20999908,46.54346085
61.22000122,40.04515076
61.22999954,33.38256454
61.24000168,33.33333206
61.25,39.94260025
61.25999832,46.60517883
61.27000046,46.66666794
61.27999878,46.66666794
61.29000092,40.07374954
61.29999924,20.23351288
61.31000137,13.41526127
61.31999969,33.07527542
61.33000183,46.48644638
61.34000015,46.66666794
61.34999847,33.52993011
61.36000061,59.59043121
61.36999893,46.87964249
61.38000107,46.66666794
61.38999939,40.11468124
61.40000153,40
61.40999985,33.45621109
61.41999817,33.33333206
61.43000031,26.79774475
61.43999863,20.13517952
61.45000076,26.5273838
61.45999908,26.66666603
61.47000122,33.18584442
61.47999954,33.33333206
61.49000168,39.84430313
61.5,26.98627472
61.50999832,20.16391182
61.52000046,26.49864769
61.52999878,20.17212677
61.54000092,20
61.54999924,26.4863224
61.56000137,46.11330032
61.56999969,20.75426292
61.58000183,39.42196655
61.59000015,52.93975449
61.59999847,40.40180588
61.61000061,59.38495255
61.61999893,40.62739182
61.63000107,27.09315681
61.63999939,39.5652771
61.65000153,52.89038086
61.65999985,46.89226151
61.66999817,27.35579872
61.68000031,26.66666603
61.68999863,26.66666603
61.70000076,33.09126663
61.70999908,33.33333206
61.72000122,26.91697121
61.72999954,45.90338898
61.74000168,27.44230843
61.75,20.26266861
61.75999832,13.60012436
61.77000046,38.9163475
61.77999878,33.60837173
61.79000092,46.10834503
61.79999924,14.74975586
61.81000137,13.33333302
61.81999969,32.4587326
61.83000183,26.96232605
61.84000015,20.29978561
61.84999847,39.08826447
61.86000061,52.71725464
61.86999893,40.62433243
61.88000107,46.35037231
61.88999939,40.32042313
61.90000153,27.31576729
61.90999985,26.66666603
61.91999817,13.99894905
61.93000031,19.66306305
61.93999863,20
61.95000076,26.32147026
61.95999908,39.30134583
61.97000122,14.74716759
61.97999954,13.33333302
61.99000168,25.94322395
62,45.56910706
62.00999832,59.26002884
62.02000046,53.70745087
62.02999878,28.17966652
62.04000092,58.08808899
62.04999924,60
62.06000137,34.89592743
62.06999969,20.78956413
62.08000183,32.53549957
62.09000015,27.06971741
62.09999847,20.4071846
62.11000061,20
62.11999893,26.25121307
62.13000107,20.41958809
62.13999939,26.24294281
62.15000153,26.66666603
62.15999985,39.13601303
62.16999817,27.53892326
62.18000031,26.66666603
62.18999863,32.88893509
62.20000076,27.11520195
62.20999908,39.0946579
62.22000122,33.79014206
62.22999954,14.71616364
62.24000168,31.93809509
62.25,51.92568588
62.25999832,34.75338745
62.27000046,39.52251053
62.27999878,21.44487381
62.29000092,26.1809063
62.29999924,26.66666603
62.31000137,26.66666603
62.31999969,39.00365829
62.33000183,52.32872009
62.34000015,34.85266113
62.34999847,27.17724609
62.36000061,26.66666603
62.36999893,14.37103748
62.38000107,25.62068939
62.38999939,26.66666603
62.40000153,20.53126144
62.40999985,20
62.41999817,32.25426865
62.43000031,14.9643383
62.43999863,19.45219612
62.45000076,20
62.45999908,32.22118378
62.47000122,33.33333206
62.47999954,33.33333206
62.49000168,15.03877735
62.5,7.239283085
62.50999832,12.75658226
62.52000046,31.59067726
62.52999878,33.33333206
62.54000092,21.17830849
62.54999924,26.07337761
62.56000137,32.73591232
62.56999969,21.20311165
62.58000183,13.93902302
62.59000015,19.39017677
62.59999847,32.10542297
62.61000061,21.23617554
62.61999893,50.22223282
62.63000107,29.17207718
62.63999939,44.77521515
62.65000153,46.66666794
62.65999985,40.63874817
62.66999817,46.02378845
62.68000031,28.60769272
62.68999863,32.68219376
62.70000076,21.31053734
62.70999908,32.01453781
62.72000122,39.33647156
62.72999954,34.00099182
62.74000168,21.34357071
62.75,14.00924683
62.75999832,19.31995964
62.77000046,20
62.77999878,20
62.79000092,25.97424507
62.79999924,32.6367836
62.81000137,33.33333206
62.81999969,21.4095974
62.83000183,37.87322998
62.84000015,28.09276199
62.84999847,26.66666603
62.86000061,26.66666603
62.86999893,26.66666603
62.88000107,38.54092026
62.88999939,34.06699371
62.90000153,27.40444946
62.90999985,20.74190331
62.91999817,25.92064285
62.93000031,26.66666603
62.93999863,26.66666603
62.95000076,26.66666603
62.95999908,26.66666603
62.97000122,44.36681366
62.97999954,34.87480164
62.99000168,21.54970169
63,25.88770103
63.00999832,32.55025101
63.02000046,33.33333206
63.02999878,27.45797539
63.04000092,20.7954216
63.04999924,20
63.06000137,20
63.06999969,43.43563461
63.08000183,29.10227203
63.09000015,38.36804581
63.09999847,28.3068409
63.11000061,32.5091362
63.11999893,21.65660667
63.13000107,25.83425713
63.13999939,15.00636578
63.15000153,13.33333302
63.15999985,30.79915428
63.16999817,44.96900558
63.18000031,29.22546768
63.18999863,38.28592682
63.20000076,40
63.20999908,40
63.22000122,34.20267105
63.22999954,33.33333206
63.24000168,33.33333206
63.25,50.6884346
63.25999832,30.2095871
63.27000046,26.66666603
63.27999878,20.8939209
63.29000092,37.30595398
63.29999924,34.23544312
63.31000137,27.57286644
63.31999969,43.93579102
63.33000183,29.40981293
63.34000015,15.1702776
63.34999847,30.56565094
63.36000061,44.81336975
63.36999893,29.45887184
63.38000107,32.39851379
63.38999939,39.06109238
63.40000153,34.27632141
63.40999985,39.05292892
63.41999817,28.56897736
63.43000031,38.08952713
63.43999863,22.87794685
63.45000076,31.40654373
63.45999908,33.33333206
63.47000122,39.02845001
63.47999954,22.92687607
63.49000168,14.31303406
63.5,13.33333302
63.50999832,24.69097328
63.52000046,15.31717014
63.52999878,19.00401115
63.54000092,31.33321762
63.54999924,50.32095337
63.56000137,36.35791397
63.56999969,22.02451897
63.58000183,20
63.59000015,31.29255676
63.59999847,22.04890251
63.61000061,20
63.61999893,36.9022789
63.63000107,34.3699646
63.63999939,33.33333206
63.65000153,38.9552536
63.65999985,28.76427269
63.66999817,26.66666603
63.68000031,21.05690956
63.68999863,14.39429569
63.70000076,24.53664017
63.70999908,37.86187363
63.72000122,45.59355545
63.72999954,57.84568405
63.74000168,26.48721695
63.75,20
63.75999832,20
63.77000046,25.57333374
63.77999878,15.52807808
63.79000092,13.33333302
63.79999924,7.772116184
63.81000137,17.78102875
63.81999969,25.55314636
63.83000183,32.21577835
63.84000015,22.2431736
63.84999847,20
63.86000061,14.46298122
63.86999893,7.80034256
63.88000107,17.72459412
63.88999939,14.47506142
63.90000153,35.41699219
63.90999985,23.44932365
63.91999817,25.51287079
63.93000031,32.17551804
63.93999863,11.31400108
63.95000076,17.66829872
63.95999908,30.99360275
63.97000122,27.84054565
63.97999954,21.17789268
63.99000168,25.4847641
64,43.1089325
64.01000214,41.18991852
64.01999664,29.05451775
64.02999878,32.13540268
64.04000092,33.33333206
64.05000305,27.87260246
64.05999756,32.12339783
64.06999969,49.69153214
64.08000183,31.53838921
64.08999634,32.11140823
64.09999847,55.09632111
64.11000061,43.68973541
64.12000275,34.56723404
64.12999725,22.47578239
64.13999939,20
64.15000153,20
64.16000366,20
64.16999817,20
64.18000031,36.22657013
64.19000244,40
64.19999695,23.79730034
64.20999908,20
64.22000122,9.214097977
64.23000336,12.05564499
64.23999786,18.71834183
64.25,20
64.26000214,25.37707329
64.26999664,37.41288376
64.27999878,29.26171112
64.29000092,37.39703369
64.30000305,34.63877869
64.30999756,17.26153755
64.31999969,24.03995132
64.33000183,32.01602173
64.33999634,27.98793221
64.34999847,21.32521629
64.36000061,20
64.37000275,14.66644478
64.37999725,23.99255371
64.38999939,42.64366531
64.40000153,36.02321625
64.41000366,28.0155468
64.41999817,31.98051453
64.43000031,38.6432457
64.44000244,29.38804245
64.44999695,21.36462021
64.45999908,30.59623337
64.47000122,22.74495697
64.48000336,30.58052444
64.48999786,38.61967087
64.5,50.56483078
64.51000214,37.49784851
64.51999664,38.60791016
64.52999878,50.5413208
64.54000092,32.26634979
64.55000305,26.66666603
64.55999756,31.92559052
64.56999969,33.33333206
64.58000183,28.08222389
64.58999634,21.4194622
64.59999847,20
64.61000061,20
64.62000275,25.23550415
64.62999725,21.43505859
64.63999939,30.45542908
64.65000153,33.33333206
64.66000366,28.11339951
64.66999817,26.66666603
64.68000031,31.87882805
64.69000244,22.91677856
64.69999695,14.79560375
64.70999908,18.53384972
64.72000122,30.39328003
64.73000336,33.33333206
64.73999786,22.95554733
64.75,25.18502235
64.76000214,26.66666603
64.76999664,47.37582397
64.77999878,37.81305695
64.79000092,22.99420547
64.80000305,20
64.80999756,30.32369614
64.81999969,23.01734734
64.83000183,20
64.83999634,25.15029144
64.84999847,31.81310844
64.86000061,38.47592926
64.87000275,34.86124802
64.87999725,33.33333206
64.88999939,23.07118607
64.90000153,14.87276268
64.91000366,3.086526394
64.91999817,30.71743011
64.93000031,40
64.94000244,24.66425323
64.94999695,30.2161808
64.95999908,38.437603
64.97000122,24.69865417
64.98000336,20
64.98999786,14.90718365
65,18.42233658
65.01000214,20
65.01999664,14.91861439
65.02999878,28.56607437
65.04000092,33.33333206
65.05000305,23.19338036
65.05999756,20
65.06999969,25.06238365
65.08000183,36.78384781
65.08999634,29.89039993
65.09999847,11.51363182
65.11000061,21.80834579
65.12000275,16.57978058
65.12999725,33.49198532
65.13999939,29.92823029
65.15000153,26.66666603
65.16000366,21.63833046
65.16999817,45.12283325
65.18000031,53.33333206
65.19000244,43.29926682
65.19999695,45.01327133
65.20999908,41.65715408
65.22000122,29.98849297
65.23000336,26.66666603
65.23999786,31.66491318
65.25,28.33883476
65.26000214,26.66666603
65.26999664,31.65367317
65.27999878,33.33333206
65.29000092,33.33333206
65.30000305,33.33333206
65.30999756,33.33333206
65.31999969,38.30165863
65.33000183,25.10620308
65.33999634,15.0391264
65.34999847,23.24763489
65.36000061,21.71323586
65.37000275,29.89942932
65.37999725,23.44133377
65.38999939,20
65.40000153,15.06142044
65.41000366,28.13795471
65.41999817,33.33333206
65.43000031,28.40586281
65.44000244,21.74289322
65.44999695,20
65.45999908,10.16722679
65.47000122,16.49206161
65.48000336,20
65.48999786,20
65.5,24.90164757
65.51000214,26.66666603
65.51999664,26.66666603
65.52999878,41.33853531
65.54000092,36.89275742
65.55000305,33.33333206
65.55999756,47.97220993
65.56999969,33.82947159
65.58000183,12.04974365
65.58999634,11.53532028
65.59999847,23.06333733
65.61000061,16.94395828
65.62000275,23.04874992
65.62999725,31.52073288
65.63999939,28.48290634
65.65000153,16.9730854
65.66000366,27.86280441
65.66999817,28.49380684
65.68000031,21.83076668
65.69000244,24.83227539
65.69999695,31.49531937
65.70999908,33.33333206
65.72000122,33.33333206
65.73000336,33.33333206
65.73999786,28.51913452
65.75,31.47726059
65.76000214,38.14032364
65.76999664,30.39321899
65.77999878,17.06707954
65.79000092,27.72193527
65.80000305,28.5407238
65.80999756,41.03373718
65.81999969,37.09578705
65.83000183,28.55147552
65.83999634,26.66666603
65.84999847,26.66666603
65.86000061,26.66666603
65.87000275,31.43423271
65.87999725,38.09733582
65.88999939,25.71868134
65.90000153,20
65.91000366,29.50665283
65.91999817,33.33333206
65.93000031,23.84088326
65.94000244,20
65.94999695,29.4782753
65.95999908,28.59773445
65.97000122,12.4704771
65.98000336,6.666666508
65.98999786,6.666666508
66,16.10961914
66.01000214,24.71795464
66.01999664,21.95223236
66.02999878,15.28908062
66.04000092,27.45555305
66.05000305,23.92553902
66.05999756,20
66.06999969,15.30311012
66.08000183,13.33333302
66.08999634,27.40301895
66.09999847,33.33333206
66.11000061,23.9675045
66.12000275,20
66.12999725,29.35189629
66.13999939,23.98839378
66.15000153,24.6689949
66.16000366,26.66666603
66.16999817,22.00461197
66.18000031,20
66.19000244,20
66.19999695,15.34832764
66.20999908,17.98155212
66.22000122,29.28953552
66.23000336,33.33333206
66.23999786,37.97121048
66.25,35.36556244
66.26000214,37.9643364
66.26999664,30.74486351
66.27999878,22.04252815
66.29000092,20
66.30000305,33.85187531
66.30999756,40
66.31999969,16.94770813
66.33000183,11.27371407
66.33999634,27.14425278
66.34999847,24.13286209
66.36000061,20
66.37000275,29.1868782
66.37999725,33.33333206
66.38999939,19.57336426
66.40000153,27.08314705
66.41000366,28.75344467
66.41999817,22.09015656
66.43000031,29.14627266
66.44000244,33.33333206
66.44999695,24.20053673
66.45999908,33.68910599
66.47000122,40
66.48000336,26.33104134
66.48999786,29.10593414
66.5,28.78371429
66.51000214,17.57411766
66.51999664,13.33333302
66.52999878,17.87293053
66.54000092,20
66.55000305,24.53293419
66.55999756,26.66666603
66.56999969,17.61409378
66.58000183,13.33333302
66.58999634,13.33333302
66.59999847,17.84967804
66.61000061,20
66.62000275,24.50973511
66.62999725,31.17310333
66.63999939,37.83647537
66.65000153,22.00059319
66.66000366,13.33333302
66.66999817,17.82661438
66.68000031,15.50999737
66.69000244,8.846605301
66.69999695,11.1501236
66.70999908,13.33333302
66.72000122,17.81026077
66.73000336,28.94733429
66.73999786,42.27415848
66.75,33.2651825
66.76000214,26.66666603
66.76999664,17.74532509
66.77999878,17.79076385
66.79000092,15.54580402
66.80000305,13.33333302
66.80999756,17.78107071
66.81999969,28.88903046
66.83000183,51.09851837
66.83999634,55.56192017
66.84999847,44.46359253
66.86000061,31.13667297
66.87000275,17.80974388
66.87999725,17.75859642
66.88999939,20
66.90000153,20
66.91000366,20
66.91999817,20
66.93000031,24.40933228
66.94000244,26.66666603
66.94999695,9.054709435
66.95999908,4.399824142
66.97000122,28.64998245
66.98000336,35.6064949
66.98999786,15.77191925
67,11.05387211
67.01000214,22.10145569
67.01999664,31.04758835
67.02999878,33.33333206
67.04000092,33.33333206
67.05000305,24.59028053
67.05999756,24.36840439
67.06999969,31.0319519
67.08000183,24.60899162
67.08999634,28.71812057
67.09999847,28.97737885
67.11000061,22.31381226
67.12000275,28.69951248
67.12999725,24.64000511
67.13999939,20
67.15000153,37.36196518
67.16000366,37.99184418
67.16999817,24.66466141
67.18000031,32.9937973
67.19000244,31.34360313
67.19999695,18.01639366
67.20999908,13.33333302
67.22000122,17.65235901
67.23000336,15.6840229
67.23999786,9.020401001
67.25,15.28645134
67.26000214,28.61371422
67.26999664,29.02950668
67.27999878,30.96746635
67.29000092,20.44000244
67.30000305,17.62809372
67.30999756,32.87524033
67.31999969,27.13378716
67.33000183,28.57146835
67.33999634,37.61606598
67.34999847,35.72026062
67.36000061,29.05658531
67.37000275,30.94042969
67.37999725,29.0625515
67.38999939,26.66666603
67.40000153,18.13700104
67.41000366,21.85706329
67.41999817,30.92556953
67.43000031,37.58927536
67.44000244,40
67.44999695,27.24987793
67.45999908,20
67.47000122,24.24415588
67.48000336,26.66666603
67.48999786,39.38153839
67.5,46.66666794
67.51000214,38.20177841
67.51999664,33.33333206
67.52999878,37.55994797
67.54000092,40
67.55000305,35.77919388
67.55999756,20.6796093
67.56999969,30.19339371
67.58000183,40
67.58999634,40
67.59999847,40
67.61000061,48.40698242
67.62000275,40.7314682
67.62999725,24.93781853
67.63999939,28.3897953
67.65000153,20.75720406
67.66000366,21.71171951
67.66999817,22.48031807
67.68000031,20
67.69000244,24.18067169
67.69999695,18.31098175
67.70999908,9.158316612
67.72000122,23.35544968
67.73000336,33.33333206
67.73999786,25.00019646
67.75,11.67247486
67.76000214,10.82762814
67.76999664,25.8078289
67.77999878,41.64408112
67.79000092,30.05631828
67.80000305,24.14980507
67.80999756,26.66666603
67.81999969,26.66666603
67.83000183,30.80815697
67.83999634,41.61079025
67.84999847,50.80263901
67.86000061,40.93367004
67.87000275,37.46380615
67.87999725,52.38319778
67.88999939,47.62501144
67.90000153,40
67.91000366,35.88046265
67.91999817,33.33333206
67.93000031,29.21923256
67.94000244,18.44388962
67.94999695,33.87674332
67.95999908,50.77264786
67.97000122,45.12676239
67.98000336,27.69821739
67.98999786,20
68,24.0952282
68.01000214,26.66666603
68.01999664,30.75654793
68.02999878,33.33333206
68.04000092,29.24877739
68.05000305,34.83046722
68.05999756,35.92074966
68.06999969,29.25672722
68.08000183,22.59269905
68.08999634,28.14266586
68.09999847,25.19592476
68.11000061,28.13216019
68.12000275,25.20640945
68.12999725,7.817454815
68.13999939,16.23296165
68.15000153,38.83358002
68.16000366,30.45450592
68.16999817,20
68.18000031,28.0957222
68.19000244,29.28805351
68.19999695,18.58126068
68.20999908,25.45372963
68.22000122,33.33333206
68.23000336,29.2983284
68.23999786,22.63421631
68.25,24.0299015
68.26000214,38.74873734
68.26999664,46.66666794
68.27999878,38.62209702
68.29000092,25.29382133
68.30000305,15.98276711
68.30999756,21.36276436
68.31999969,26.66666603
68.33000183,22.65696907
68.33999634,28.01439285
68.34999847,37.33803558
68.36000061,23.99115944
68.37000275,29.33223534
68.37999725,40
68.38999939,40
68.40000153,47.9846077
68.41000366,49.3434906
68.41999817,46.66666794
68.43000031,38.69680405
68.44000244,41.29830551
68.44999695,42.68662262
68.45999908,40
68.47000122,43.97518158
68.48000336,38.72115326
68.48999786,37.30366898
68.5,36.03207397
68.51000214,33.33333206
68.51999664,37.29644775
68.52999878,51.88215637
68.54000092,52.08334351
68.55000305,38.75477982
68.55999756,41.24046326
68.56999969,54.56904602
68.58000183,44.20471191
68.58999634,37.27979279
68.59999847,40
68.61000061,43.94175339
68.62000275,30.90903854
68.62999725,35.74826813
68.63999939,46.66666794
68.65000153,42.73426056
68.66000366,43.93008423
68.66999817,46.66666794
68.68000031,62.3684845
68.69000244,73.33333588
68.69999695,49.80823517
68.70999908,37.25188828
68.72000122,47.83253479
68.73000336,57.24731827
68.73999786,52.17658234
68.75,38.84778976
68.76000214,37.24050903
68.76999664,43.90491486
68.77999878,62.27731323
68.79000092,73.33333588
68.80000305,73.33333588
68.80999756,53.85364532
68.81999969,40
68.83000183,43.89148331
68.83999634,42.77740097
68.84999847,51.66116333
68.86000061,60
68.87000275,60
68.87999725,67.76091003
68.88999939,84.96812439
68.90000153,116.5898285
68.91000366,137.2072449
68.91999817,120.6413269
68.93000031,122.1449509
68.94000244,156.5378113
68.94999695,215.851181
68.95999908,258.256012
68.97000122,293.6934814
68.98000336,344.2040405
68.98999786,424.5173035
69,485.9396057
69.01000214,557.7870483
69.01999664,665.4561157
69.02999878,717.1815796
69.04000092,804.6154175
69.05000305,897.4191895
69.05999756,923.84198
69.06999969,942.0262451
69.08000183,987.8737183
69.08999634,863.7388916
69.09999847,676.6594849
69.11000061,574.0203247
69.12000275,474.8970032
69.12999725,365.4259338
69.13999939,281.7449341
69.15000153,253.3333282
69.16000366,283.9049377
69.16999817,287.569519
69.18000031,277.1507568
69.19000244,295.2616577
69.19999695,302.8532715
69.20999908,322.8684998
69.22000122,381.9036865
69.23000336,413.3333435
69.23999786,360.0568237
69.25,396.0698547
69.26000214,506.554718
69.26999664,542.8671265
69.27999878,509.6190796
69.29000092,444.9143372
69.30000305,352.633728
69.30999756,264.9570007
69.31999969,203.0144653
69.33000183,149.6965332
69.33999634,111.5226059
69.34999847,92.43179321
69.36000061,90.44886017
69.37000275,81.9924469
69.37999725,73.33333588
69.38999939,69.55682373
69.40000153,62.89204025
69.41000366,67.54549408
69.41999817,73.33333588
69.43000031,65.7953186
69.44000244,60
69.44999695,41.17353439
69.45999908,37.95699692
69.47000122,42.90506744
69.48000336,36.24023819
69.48999786,33.33333206
69.5,25.82112885
69.51000214,31.26284218
69.51999664,32.49507141
69.52999878,22.91601181
69.54000092,34.99540329
69.55000305,42.9196167
69.55999756,36.25474167
69.56999969,40.82027435
69.58000183,42.92497635
69.58999634,43.73991013
69.59999847,42.92852402
69.61000061,25.05449867
69.62000275,17.0679493
69.62999725,23.73286057
69.63999939,30.39777756
69.65000153,40.79206848
69.66000366,42.93903732
69.66999817,32.54820633
69.68000031,34.11500549
69.69000244,40
69.69999695,32.55854034
69.70999908,26.66666603
69.72000122,37.81860733
69.73000336,50.38227844
69.73999786,45.9054985
69.75,32.57554245
69.76000214,26.66666603
69.76999664,34.08439636
69.77999878,47.41438293
69.79000092,57.03885651
69.80000305,37.77684402
69.80999756,20
69.81999969,27.40109634
69.83000183,33.33333206
69.83999634,25.93881607
69.84999847,27.39124298
69.86000061,29.63934326
69.87000275,22.9743042
69.87999725,27.38148308
69.88999939,33.33333206
69.90000153,33.33333206
69.91000366,29.6474247
69.91999817,22.98235893
69.93000031,23.68271255
69.94000244,26.66666603
69.94999695,30.34620285
69.95999908,37.01128769
69.97000122,36.32361984
69.98000336,25.98371315
69.98999786,34.69297791
70,42.99498367
70.01000214,32.65974045
70.01999664,30.33524513
70.02999878,33.33333206
70.04000092,33.33333206
70.05000305,26.00541496
70.05999756,16.3375721
70.06999969,9.672430038
70.08000183,13.98543262
70.08999634,20
70.09999847,23.65635681
70.11000061,19.35696411
70.12000275,24.29338646
70.12999725,22.37776756
70.13999939,13.33333302
70.15000153,16.98221207
70.16000366,23.64739799
70.16999817,26.66666603
70.18000031,26.66666603
70.19000244,26.66666603
70.19999695,30.30818748
70.20999908,33.33333206
70.22000122,22.41749954
70.23000336,20.6076622
70.23999786,15.75950336
70.25,10.30095005
70.26000214,13.33333302
70.26999664,16.9647541
70.27999878,20
70.29000092,20
70.30000305,20
70.30999756,23.6257534
70.31999969,30.29101563
70.33000183,33.33333206
70.33999634,36.95488358
70.34999847,29.13951874
70.36000061,23.61877441
70.37000275,26.66666603
70.37999725,26.66666603
70.38999939,19.43738365
70.40000153,13.33333302
70.41000366,13.33333302
70.41999817,13.33333302
70.43000031,13.33333302
70.44000244,20.54902267
70.44999695,41.09266281
70.45999908,38.91270447
70.47000122,19.45902634
70.48000336,16.93582153
70.48999786,16.39883995
70.5,16.93317032
70.51000214,30.79555321
70.51999664,32.8055954
70.52999878,26.66666603
70.54000092,33.85584259
70.55000305,40
70.55999756,40
70.56999969,40
70.58000183,32.82118607
70.58999634,23.07854271
70.59999847,12.82631302
70.61000061,10.25223541
70.62000275,16.91763115
70.62999725,16.4169693
70.63999939,13.33333302
70.65000153,16.91384315
70.66000366,20
70.66999817,20
70.68000031,20
70.69000244,34.30207443
70.69999695,35.94382095
70.70999908,23.09361839
70.72000122,16.42818069
70.73000336,24.04511833
70.73999786,33.33333206
70.75,26.19701767
70.76000214,27.13389206
70.76999664,29.76759529
70.77999878,23.1021328
70.79000092,27.12666702
70.80000305,26.20905685
70.80999756,12.87810802
70.81999969,13.78618336
70.83000183,27.11714935
70.83999634,26.21854401
70.84999847,27.1124382
70.86000061,29.77828598
70.87000275,26.66666603
70.87999725,23.11395073
70.88999939,20
70.90000153,27.10080338
70.91000366,26.23483467
70.91999817,27.09620285
70.93000031,26.23941803
70.94000244,23.54581833
70.94999695,19.57730293
70.95999908,16.87688255
70.97000122,12.91515732
70.98000336,13.74925995
70.98999786,27.08035278
71,29.79427338
71.01000214,23.12871933
71.01999664,20
71.02999878,20
71.04000092,20
71.05000305,20
71.05999756,30.59731674
71.06999969,36.46865082
71.08000183,29.80307198
71.08999634,30.19584656
71.09999847,33.33333206
71.11000061,29.80630875
71.12000275,19.61475945
71.12999725,9.808447838
71.13999939,6.666666508
71.15000153,6.666666508
71.16000366,13.71007347
71.16999817,20
71.18000031,16.48040009
71.19000244,16.85188866
71.19999695,20
71.20999908,16.48352623
71.22000122,13.33333302
71.23000336,16.84774017
71.23999786,23.51337814
71.25,30.17901993
71.26000214,26.31066895
71.26999664,27.02062798
71.27999878,36.84263229
71.29000092,36.49171066
71.30000305,33.33333206
71.30999756,33.33333206
71.31999969,22.81749725
71.33000183,16.83761406
71.33999634,16.49671173
71.34999847,23.84022903
71.36000061,33.33333206
71.37000275,29.833004
71.37999725,19.66796875
71.38999939,9.834960938
71.40000153,10.16406631
71.41000366,16.82976341
71.41999817,20
71.43000031,23.49450111
71.44000244,26.66666603
71.44999695,19.68149757
71.45999908,13.33333302
71.47000122,16.82401466
71.48000336,23.48973465
71.48999786,23.17787552
71.5,20
71.51000214,20
71.51999664,23.48598099
71.52999878,23.18161583
71.54000092,13.03175354
71.55000305,13.63306522
71.55999756,26.96455765
71.56999969,29.85197258
71.58000183,23.18622017
71.58999634,26.95907021
71.59999847,26.37608147
71.61000061,20
71.62000275,16.52318192
71.62999725,16.80925369
71.63999939,20
71.65000153,26.94826126
71.66000366,29.86009216
71.66999817,19.72195816
71.68000031,13.33333302
71.69000244,16.80392265
71.69999695,23.4697113
71.70999908,26.66666603
71.72000122,30.13463211
71.73000336,33.33333206
71.73999786,26.40087318
71.75,13.06926537
71.76000214,6.666666508
71.76999664,20.52126694
71.77999878,36.79612732
71.79000092,33.07611084
71.80000305,23.20557022
71.80999756,16.53974915
71.81999969,13.33333302
71.83000183,16.79190063
71.83999634,20
71.84999847,16.54310417
71.86000061,9.877268791
71.87000275,10.12190342
71.87999725,23.69656563
71.88999939,36.78692245
71.90000153,36.54723358
71.91000366,36.78528214
71.91999817,40
71.93000031,26.19870949
71.94000244,16.78284645
71.94999695,16.55129433
71.95999908,13.33333302
71.97000122,16.78043365
71.98000336,26.89260483
71.98999786,29.88782692
72,23.22195435
72.01000214,16.55607796
72.01999664,30.54900169
72.02999878,50.10901642
72.04000092,46.45020294
72.05000305,29.67764473
72.05999756,20
72.06999969,23.43923187
72.08000183,23.22820854
72.08999634,20
72.09999847,23.43692207
72.11000061,26.66666603
72.12000275,19.79587936
72.12999725,13.33333302
72.13999939,16.7672081
72.15000153,20
72.16000366,23.43236732
72.16999817,30.09828377
72.18000031,26.47159576
72.19000244,13.13975334
72.19999695,16.95480728
72.20999908,23.23802757
72.22000122,16.57209969
72.23000336,16.76049805
72.23999786,16.57356834
72.25,9.907632828
72.26000214,13.51660919
72.26999664,23.42424393
72.27999878,16.39610672
72.29000092,10.08946419
72.30000305,16.75541115
72.30999756,13.15727901
72.31999969,10.08731174
72.33000183,9.913401604
72.33999634,16.92432976
72.34999847,23.24815369
72.36000061,20
72.37000275,16.58289719
72.37999725,20.16613388
72.38999939,26.66666603
72.40000153,30.08166885
72.41000366,26.50471878
72.41999817,33.65445328
72.43000031,36.42789841
72.44000244,19.84220123
72.44999695,16.74487877
72.45999908,16.58913994
72.47000122,16.7435112
72.48000336,20
72.48999786,20
72.5,9.775574684
72.51000214,3.407466888
72.51999664,13.48025513
72.52999878,23.40612411
72.54000092,19.85575676
72.55000305,23.54769707
72.55999756,43.54570389
72.56999969,46.52641296
72.58000183,29.79160118
72.58999634,23.40213966
72.59999847,33.46963501
72.61000061,40
72.62000275,33.19964981
72.62999725,19.86761856
72.63999939,20.13108253
72.65000153,30.06489372
72.66000366,19.74300957
72.66999817,10.0636034
72.68000031,20.12592316
72.69000244,23.27101135
72.69999695,16.60498428
72.70999908,16.72771263
72.72000122,23.39374352
72.73000336,16.4873333
72.73999786,10.05914593
72.75,20.117033
72.76000214,33.44911194
72.76999664,43.39059448
72.77999878,39.88672638
72.79000092,23.16528893
72.80000305,16.72206116
72.80999756,23.3881073
72.81999969,30.05415535
72.83000183,29.94646072
72.83999634,30.05292511
72.84999847,33.33333206
72.86000061,26.56326485
72.87000275,20
72.87999725,33.53526688
72.88999939,46.66666794
72.90000153,39.90145874
72.91000366,26.56933022
72.91999817,20
72.93000031,20
72.94000244,20
72.94999695,20
72.95999908,16.62099457
72.97000122,16.71174431
72.98000336,20
72.98999786,20
73,16.62336349
73.01000214,9.957284927
73.01999664,6.666666508
73.02999878,23.54104233
73.04000092,33.25141907
73.05000305,19.9192524
73.05999756,16.70645905
73.06999969,26.74509048
73.08000183,26.58940125
73.08999634,20
73.09999847,23.37081146
73.11000061,23.29643059
73.12000275,13.26067448
73.12999725,6.666666508
73.13999939,16.77222443
73.15000153,19.93076897
73.16000366,6.598573208
73.16999817,10.10043812
73.18000031,26.73249245
73.19000244,33.33333206
73.19999695,33.33333206
73.20999908,26.60422516
73.22000122,26.72798538
73.23000336,23.24303627
73.23999786,9.970459938
73.25,6.666666508
73.26000214,13.3901825
73.26999664,16.63879776
73.27999878,9.972685814
73.29000092,10.0267601
73.30000305,26.77149773
73.30999756,40
73.31999969,29.92468262
73.33000183,23.35788918
73.33999634,30.0240078
73.34999847,26.61974525
73.36000061,26.7124958
73.37000275,26.62192917
73.37999725,16.64484215
73.38999939,23.39717674
73.40000153,40.0414772
73.41000366,39.95960617
73.41999817,26.62735367
73.43000031,16.64755058
73.44000244,20.03715515
73.44999695,36.72078705
73.45999908,33.26332092
73.47000122,23.35029984
73.48000336,33.36619568
73.48999786,33.30154037
73.5,33.36405945
73.51000214,43.3481636
73.51999664,36.62377167
73.52999878,23.31956482
73.54000092,20
73.55000305,20
73.55999756,23.34551239
73.56999969,26.66666603
73.58000183,16.63329697
73.58999634,13.35452747
73.59999847,26.68680954
73.61000061,36.67621231
73.62000275,43.34235382
73.62999725,33.29934311
73.63999939,36.70653915
73.65000153,49.9925499
73.66000366,39.9861412
73.66999817,33.33333206
73.68000031,29.99411201
73.69000244,30.00536919
73.69999695,40.00969696
73.70999908,39.99134064
73.72000122,40.00762558
73.73000336,50.0032959
73.73999786,43.32500076
73.75,33.33333206
73.76000214,29.99825478
73.76999664,26.66666603
73.77999878,33.33476257
73.79000092,40
73.80000305,33.33396149
73.80999756,26.66666603
73.81999969,26.66666603
73.83000183,33.32962418
73.83999634,30.00709724
73.84999847,20
73.86000061,23.32994461
73.87000275,26.66666603
73.87999725,29.9955883
73.88999939,26.67650986
73.90000153,16.67209816
73.91000366,23.3155098
73.91999817,33.33333206
73.93000031,30.00695992
73.94000244,33.31839752
73.94999695,43.32535553
73.95999908,43.34181595
73.97000122,36.67565918
73.98000336,33.33333206
73.98999786,36.65665817
74,30.03154182
74.01000214,13.35537434
74.01999664,9.988472939
74.02999878,16.65463257
74.04000092,20
74.05000305,20
74.05999756,16.68021774
74.06999969,16.65260887
74.08000183,26.63754082
74.08999634,26.69680405
74.09999847,13.36448097
74.11000061,13.30117512
74.12000275,20
74.12999725,29.94873238
74.13999939,36.68426132
74.15000153,26.7028656
74.16000366,13.37054157
74.16999817,6.666666508
74.18000031,13.29410553
74.19000244,20
74.19999695,23.31270981
74.20999908,36.60328293
74.22000122,46.66666794
74.23000336,40.04427719
74.23999786,33.33333206
74.25,33.33333206
74.26000214,33.33333206
74.26999664,26.71498489
74.27999878,23.30867004
74.29000092,20.05033875
74.30000305,16.64099121
74.30999756,23.30715179
74.31999969,29.97331429
74.33000183,43.25175476
74.33999634,46.72206497
74.34999847,33.3897438
74.36000061,26.66666603
74.37000275,29.97078133
74.37999725,33.33333206
74.38999939,26.72713089
74.40000153,20
74.41000366,23.30208588
74.41999817,33.26982117
74.43000031,36.69892883
74.44000244,30.03277206
74.44999695,29.96671867
74.45999908,20.13516045
74.47000122,6.666666508
74.48000336,13.26371384
74.48999786,13.40397263
74.5,16.55917549
74.51000214,16.77569008
74.51999664,13.2596283
74.52999878,26.59193802
74.54000092,30.03787613
74.55000305,23.37172318
74.55999756,26.58886337
74.56999969,39.92116928
74.58000183,30.199646
74.58999634,16.62622261
74.59999847,23.29237556
74.61000061,23.37480736
74.62000275,20
74.62999725,13.41834545
74.63999939,13.24728775
74.65000153,16.71020699
74.66000366,13.33333302
74.66999817,16.62208939
74.68000031,29.86471176
74.69000244,36.71228409
74.69999695,30.04613686
74.70999908,26.66666603
74.72000122,29.95282173
74.73000336,33.33333206
74.73999786,39.90355301
74.75,46.66666794
74.76000214,40.09854507
74.76999664,30.04979706
74.77999878,33.2326889
74.79000092,49.84745407
74.80000305,56.71804428
74.80999756,40.2076149
74.81999969,23.38576508
74.83000183,29.84111595
74.83999634,33.44031525
74.84999847,23.3873558
74.86000061,26.55755806
74.87000275,33.33333206
74.87999725,30.05562019
74.88999939,20.1123085
74.90000153,16.60997772
74.91000366,23.27610779
74.91999817,23.39109421
74.93000031,16.72496605
74.94000244,26.43131638
74.94999695,49.8218689
74.95999908,50.17975235
74.97000122,40
74.98000336,33.45533371
74.98999786,23.39487648
75,20
75.01000214,20
75.01999664,20
75.02999878,26.53921509
75.04000092,26.79521561
75.05000305,20
75.05999756,26.53591919
75.06999969,36.60074234
75.08000183,33.46628571
75.08999634,16.8677578
75.09999847,26.2611599
75.11000061,43.401474
75.12000275,40
75.12999725,36.73591995
75.13999939,39.86037445
75.15000153,33.6148262
75.16000366,20
75.16999817,33.04734802
75.18000031,36.88284683
75.19000244,26.66666603
75.19999695,33.18695068
75.20999908,43.25957489
75.22000122,40.14865112
75.23000336,20.29958344
75.23999786,9.92453289
75.25,13.33333302
75.26000214,19.84677505
75.26999664,23.41052055
75.27999878,20
75.29000092,23.25499344
75.30000305,23.41225243
75.30999756,20
75.31999969,26.50650597
75.33000183,30.08066368
75.33999634,33.1708374
75.34999847,33.49699783
75.36000061,42.92123795
75.37000275,53.49934769
75.37999725,40.16719437
75.38999939,33.33333206
75.40000153,30.08478165
75.41000366,23.4187088
75.41999817,29.74208832
75.43000031,46.49353027
75.44000244,43.59482956
75.44999695,26.84219742
75.45999908,16.75503349
75.47000122,16.57769585
75.48000336,23.24375916
75.48999786,23.42351341
75.5,20
75.51000214,23.24193573
75.51999664,33.14931488
75.52999878,40
75.54000092,40
75.55000305,56.1974144
75.55999756,66.85560608
75.56999969,53.52350616
75.58000183,40.19141388
75.58999634,36.57033539
75.59999847,40
75.61000061,43.23575211
75.62000275,40.19641495
75.62999725,33.33333206
75.63999939,36.56719971
75.65000153,46.46646881
75.66000366,53.33333206
75.66999817,40.40547943
75.68000031,26.66666603
75.69000244,26.66666603
75.69999695,23.43662262
75.70999908,26.45880127
75.72000122,36.56208801
75.73000336,40
75.73999786,33.54508209
75.75,26.66666603
75.76000214,26.66666603
75.76999664,26.66666603
75.77999878,33.1163559
75.79000092,46.4483757
75.80000305,37.21569824
75.80999756,29.66859436
75.81999969,43.2222023
75.83000183,49.88820267
75.83999634,53.33333206
75.84999847,53.33333206
75.86000061,50.11380768
75.87000275,53.1043663
75.87999725,56.78182602
75.88999939,50.1158371
75.90000153,49.88348389
75.91000366,46.90106583
75.91999817,40
75.93000031,43.21476364
75.94000244,53.09481812
75.94999695,60
75.95999908,50.36192703
75.97000122,30.36400986
75.98000336,26.42259979
75.98999786,36.54393387
76,49.62969971
76.01000214,66.41838837
76.01999664,79.75031281
76.02999878,80.25109863
76.04000092,66.91918945
76.05000305,66.41271973
76.05999756,73.33333588
76.06999969,54.10375977
76.08000183,46.15017319
76.08999634,82.42441559
76.09999847,97.0583725
76.11000061,96.27278137
76.12000275,125.874527
76.12999725,140.2655029
76.13999939,107.7345581
76.15000153,108.7920074
76.16000366,171.9837494
76.16999817,232.2477417
76.18000031,282.3782349
76.19000244,309.8628235
76.19999695,329.3103333
76.20999908,423.3382874
76.22000122,535.4117432
76.23000336,604.984375
76.23999786,736.0535278
76.25,871.6328735
76.26000214,951.6237183
76.26999664,1034.804688
76.27999878,1150.165405
76.29000092,1306.380859
76.30000305,1460.276978
76.30999756,1514.211182
76.31999969,1435.980957
76.33000183,1284.140381
76.33999634,1091.126221
76.34999847,878.4141846
76.36000061,724.9857788
76.37000275,613.4733276
76.37999725,460.1582336
76.38999939,332.289032
76.40000153,283.1799316
76.41000366,308.9205933
76.41999817,301.5500183
76.43000031,282.5542908
76.44000244,325.4137573
76.44999695,385.0924072
76.45999908,429.5252686
76.47000122,465.3942261
76.48000336,521.8944702
76.48999786,566.0238647
76.5,573.6563721
76.51000214,617.4025269
76.51999664,695.5244751
76.52999878,700.9840088
76.54000092,692.6740112
76.55000305,709.8343506
76.55999756,640.49646
76.56999969,484.0164795
76.58000183,371.5137634
76.58999634,298.8642273
76.59999847,234.3526917
76.61000061,191.1952209
76.62000275,150.8580017
76.62999725,136.4942169
76.63999939,108.399826
76.65000153,73.33333588
76.66000366,82.80820465
76.66999817,93.33333588
76.68000031,93.33333588
76.69000244,90.17765045
76.69999695,83.51186371
76.70999908,64.23035431
76.72000122,49.81971359
76.73000336,50.1811676
76.73999786,52.96922684
76.75,56.84960938
76.76000214,43.88482666
76.76999664,36.48194122
76.77999878,43.14771271
76.79000092,43.51985168
76.80000305,40
76.80999756,36.8549881
76.81999969,42.76564789
76.83000183,37.61735535
76.83999634,29.42685318
76.84999847,49.42411041
76.86000061,56.85954666
76.87000275,53.33333206
76.87999725,53.33333206
76.88999939,53.33333206
76.90000153,56.47009659
76.91000366,56.86416626
76.91999817,43.92862701
76.93000031,30.19936562
76.94000244,29.79969788
76.94999695,30.20124245
76.95999908,26.66666603
76.97000122,26.66666603
76.98000336,26.66666603
76.98999786,26.66666603
77,29.79402161
77.01000214,36.45973206
77.01999664,46.2508812
77.02999878,37.71092606
77.04000092,26.24703598
77.05000305,30.2107811
77.05999756,26.66666603
77.06999969,36.02851105
77.08000183,40.42738342
77.08999634,33.33333206
77.09999847,27.09795952
77.11000061,23.11670685
77.12000275,20.43522072
77.12999725,10.21859646
77.13999939,19.12165833
77.15000153,36.4460907
77.16000366,40
77.16999817,33.77846527
77.18000031,32.88619995
77.19000244,36.89123535
77.19999695,27.1178093
77.20999908,23.1067543
77.22000122,20.4551754
77.23000336,16.43806648
77.23999786,23.10371971
77.25,26.66666603
77.26000214,23.56498337
77.26999664,16.89933968
77.27999878,13.33333302
77.29000092,31.92498207
77.30000305,44.04059982
77.30999756,24.04369736
77.31999969,16.42884445
77.33000183,32.37789154
77.33999634,43.57323456
77.34999847,33.81521988
77.36000061,29.75801086
77.37000275,33.33333206
77.37999725,33.33333206
77.38999939,30.24514198
77.40000153,32.84093857
77.41000366,40
77.41999817,30.74494934
77.43000031,16.91604614
77.44000244,31.83065605
77.44999695,41.00605774
77.45999908,23.58592033
77.47000122,26.15934563
77.48000336,33.33333206
77.48999786,27.17829704
77.5,13.84712791
77.51000214,12.81737041
77.51999664,23.07426453
77.52999878,26.66666603
77.54000092,23.59458351
77.55000305,26.14197731
77.55999756,36.40322495
77.56999969,27.72483063
77.58000183,10.26564312
77.58999634,15.8664217
77.59999847,26.66666603
77.61000061,20.53793144
77.62000275,22.52309799
77.62999725,30.27119446
77.63999939,17.48360062
77.65000153,9.726568222
77.66000366,16.39211273
77.66999817,16.94234657
77.68000031,22.50290871
77.69000244,30.27793884
77.69999695,26.66666603
77.70999908,23.61354256
77.72000122,26.10397339
77.73000336,36.38417816
77.73999786,30.85089493
77.75,23.04855537
77.76000214,20.57185364
77.76999664,13.33333302
77.77999878,19.4235363
77.79000092,26.66666603
77.80000305,26.66666603
77.80999756,23.62504196
77.81999969,20
77.83000183,20
77.83999634,23.03812408
77.84999847,29.7036171
77.86000061,30.29755592
77.87000275,20.59746742
77.87999725,16.36675262
77.88999939,29.09671211
77.90000153,36.96894836
77.91000366,27.27360344
77.91999817,20
77.93000031,26.05496407
77.94000244,30.30704689
77.94999695,20.61648941
77.95999908,19.38110924
77.97000122,26.66666603
77.98000336,29.68814659
77.98999786,30.31306267
78,23.6476059
78.01000214,29.05354118
78.01999664,43.01663208
78.02999878,34.6050148
78.04000092,16.98580933
78.05000305,25.38520432
78.05999756,30.96477509
78.06999969,16.98948669
78.08000183,13.33333302
78.08999634,22.35747528
78.09999847,30.32652283
78.11000061,32.67781067
78.12000275,27.98268318
78.12999725,19.33950424
78.13999939,29.66850471
78.15000153,30.3327446
78.16000366,23.66732979
78.16999817,28.99424553
78.18000031,37.00317383
78.19000244,33.33333206
78.19999695,33.33333206
78.20999908,30.34029579
78.22000122,20.68312836
78.23000336,22.30483055
78.23999786,42.30101013
78.25,41.38153076
78.26000214,32.64001083
78.26999664,40
78.27999878,40
78.29000092,31.05152893
78.30000305,22.98153496
78.30999756,26.66666603
78.31999969,20.70876503
78.33000183,10.35567856
78.33999634,18.57209015
78.34999847,27.38322449
78.36000061,22.97375107
78.37000275,23.6942215
78.37999725,25.94227028
78.38999939,30.36351013
78.40000153,23.69815636
78.41000366,20
78.41999817,28.89762115
78.43000031,40
78.44000244,34.07354355
78.44999695,26.66666603
78.45999908,26.66666603
78.47000122,23.70742798
78.48000336,28.87371063
78.48999786,48.86969757
78.5,45.22386932
78.51000214,23.71278381
78.51999664,17.04746056
78.52999878,13.33333302
78.54000092,16.28317451
78.55000305,22.94848824
78.55999756,32.56093216
78.56999969,31.16267776
78.58000183,25.88882637
78.58999634,39.21943283
78.59999847,37.84161377
78.61000061,29.60698318
78.62000275,36.27227783
78.62999725,34.12485886
78.63999939,23.73047066
78.65000153,22.93481636
78.66000366,23.7332325
78.66999817,17.0679493
78.68000031,22.12532806
78.69000244,39.19188309
78.69999695,37.88301468
78.70999908,23.74017715
78.72000122,22.9250927
78.73000336,29.59036064
78.73999786,27.48875046
78.75,22.92088699
78.76000214,26.66666603
78.76999664,26.66666603
78.77999878,26.66666603
78.79000092,29.58190918
78.80000305,36.24715805
78.80999756,34.17518997
78.81999969,26.66666603
78.83000183,20.84755325
78.83999634,16.24146271
78.84999847,22.90669823
78.86000061,20.85613441
78.87000275,13.33333302
78.87999725,22.04050827
78.88999939,30.43238258
78.90000153,26.66666603
78.91000366,29.56472778
78.91999817,30.43671989
78.93000031,26.66666603
78.94000244,23.77295876
78.94999695,31.56900787
78.95999908,46.66666794
78.97000122,40.8880043
78.98000336,24.66972923
78.98999786,16.21973419
79,25.76986313
79.01000214,30.44987297
79.01999664,26.66666603
79.02999878,26.66666603
79.04000092,35.3037529
79.05000305,43.78911972
79.05999756,28.49575043
79.06999969,21.95705986
79.08000183,36.20641708
79.08999634,31.38522148
79.09999847,20
79.11000061,22.86860085
79.12000275,29.53376579
79.12999725,24.73654175
79.13999939,16.19742584
79.15000153,22.86258316
79.16000366,29.52774048
79.16999817,33.33333206
79.18000031,30.47528839
79.19000244,35.2362442
79.19999695,38.10165024
79.20999908,20.95970345
79.22000122,21.88920021
79.23000336,36.1837616
79.23999786,37.15110397
79.25,24.79124832
79.26000214,24.71663475
79.26999664,37.15571213
79.27999878,27.64784241
79.29000092,17.15879822
79.30000305,19.01264191
79.30999756,20.99045753
79.31999969,13.33333302
79.33000183,19.00333023
79.33999634,26.66666603
79.34999847,26.66666603
79.36000061,29.49698639
79.37000275,30.50457954
79.37999725,23.83947945
79.38999939,25.65123367
79.40000153,36.15737915
79.41000366,37.1775322
79.41999817,33.33333206
79.43000031,36.15264511
79.44000244,31.54681587
79.44999695,25.63228607
79.45999908,33.33333206
79.47000122,33.33333206
79.48000336,30.52196312
79.48999786,23.85689163
79.5,25.61635208
79.51000214,30.52675819
79.51999664,23.86169434
79.52999878,22.80336571
79.54000092,23.86491013
79.55000305,14.39970875
79.55999756,15.06226158
79.56999969,23.86975098
79.58000183,17.20470428
79.58999634,18.920681
79.59999847,29.45871735
79.61000061,36.12375641
79.62000275,23.26723862
79.62999725,2.78716135
79.63999939,12.23772049
79.65000153,17.21611023
79.66000366,16.11558342
79.66999817,28.34182167
79.68000031,42.77896118
79.69000244,41.11203766
79.69999695,33.33333206
79.70999908,36.10734558
79.72000122,42.77235794
79.73000336,43.89596939
79.73999786,31.69288445
79.75,20
79.76000214,22.76570892
79.76999664,29.43070793
79.77999878,30.57096291
79.79000092,37.70945358
79.80000305,50.57431412
79.80999756,41.15198135
79.81999969,36.08899307
79.83000183,40
79.83999634,40
79.84999847,34.49879456
79.86000061,26.66666603
79.87000275,32.16109848
79.87999725,34.50896072
79.88999939,21.17902565
79.90000153,21.55969048
79.91000366,30.5929184
79.91999817,21.18925095
79.93000031,29.7553196
79.94000244,47.86276245
79.94999695,31.7992878
79.95999908,17.26814651
79.97000122,13.33333302
79.98000336,18.79015541
79.98999786,37.57341003
80,53.33333206
