Time,Transmittance
-1.00E+01,0.248
-1.00E+01,0.248
-1.00E+01,0.252
-9.99E+00,0.248
-9.99E+00,0.244
-9.99E+00,0.252
-9.99E+00,0.256
-9.99E+00,0.252
-9.98E+00,0.26
-9.98E+00,0.244
-9.98E+00,0.256
-9.98E+00,0.244
-9.98E+00,0.256
-9.97E+00,0.26
-9.97E+00,0.26
-9.97E+00,0.244
-9.97E+00,0.248
-9.97E+00,0.26
-9.96E+00,0.264
-9.96E+00,0.26
-9.96E+00,0.24
-9.96E+00,0.244
-9.96E+00,0.248
-9.95E+00,0.264
-9.95E+00,0.24
-9.95E+00,0.252
-9.95E+00,0.252
-9.95E+00,0.256
-9.94E+00,0.256
-9.94E+00,0.256
-9.94E+00,0.252
-9.94E+00,0.26
-9.94E+00,0.252
-9.93E+00,0.26
-9.93E+00,0.256
-9.93E+00,0.248
-9.93E+00,0.244
-9.93E+00,0.26
-9.92E+00,0.248
-9.92E+00,0.26
-9.92E+00,0.264
-9.92E+00,0.252
-9.92E+00,0.256
-9.91E+00,0.256
-9.91E+00,0.252
-9.91E+00,0.26
-9.91E+00,0.252
-9.91E+00,0.252
-9.90E+00,0.248
-9.90E+00,0.256
-9.90E+00,0.256
-9.90E+00,0.256
-9.90E+00,0.256
-9.89E+00,0.248
-9.89E+00,0.252
-9.89E+00,0.248
-9.89E+00,0.26
-9.89E+00,0.256
-9.88E+00,0.244
-9.88E+00,0.256
-9.88E+00,0.252
-9.88E+00,0.26
-9.88E+00,0.256
-9.87E+00,0.252
-9.87E+00,0.252
-9.87E+00,0.248
-9.87E+00,0.256
-9.87E+00,0.252
-9.86E+00,0.256
-9.86E+00,0.252
-9.86E+00,0.252
-9.86E+00,0.248
-9.86E+00,0.256
-9.85E+00,0.252
-9.85E+00,0.26
-9.85E+00,0.256
-9.85E+00,0.256
-9.85E+00,0.252
-9.84E+00,0.252
-9.84E+00,0.26
-9.84E+00,0.256
-9.84E+00,0.252
-9.84E+00,0.252
-9.83E+00,0.26
-9.83E+00,0.26
-9.83E+00,0.26
-9.83E+00,0.256
-9.83E+00,0.252
-9.82E+00,0.26
-9.82E+00,0.252
-9.82E+00,0.248
-9.82E+00,0.252
-9.82E+00,0.256
-9.81E+00,0.252
-9.81E+00,0.252
-9.81E+00,0.244
-9.81E+00,0.248
-9.81E+00,0.244
-9.80E+00,0.252
-9.80E+00,0.256
-9.80E+00,0.252
-9.80E+00,0.248
-9.80E+00,0.248
-9.79E+00,0.24
-9.79E+00,0.24
-9.79E+00,0.264
-9.79E+00,0.252
-9.79E+00,0.256
-9.78E+00,0.248
-9.78E+00,0.256
-9.78E+00,0.248
-9.78E+00,0.252
-9.78E+00,0.248
-9.77E+00,0.256
-9.77E+00,0.256
-9.77E+00,0.252
-9.77E+00,0.248
-9.77E+00,0.248
-9.76E+00,0.252
-9.76E+00,0.252
-9.76E+00,0.248
-9.76E+00,0.256
-9.76E+00,0.244
-9.75E+00,0.248
-9.75E+00,0.256
-9.75E+00,0.252
-9.75E+00,0.252
-9.75E+00,0.252
-9.74E+00,0.252
-9.74E+00,0.252
-9.74E+00,0.252
-9.74E+00,0.248
-9.74E+00,0.264
-9.73E+00,0.252
-9.73E+00,0.252
-9.73E+00,0.256
-9.73E+00,0.252
-9.73E+00,0.256
-9.72E+00,0.26
-9.72E+00,0.248
-9.72E+00,0.264
-9.72E+00,0.252
-9.72E+00,0.248
-9.71E+00,0.256
-9.71E+00,0.256
-9.71E+00,0.248
-9.71E+00,0.252
-9.71E+00,0.264
-9.70E+00,0.26
-9.70E+00,0.256
-9.70E+00,0.26
-9.70E+00,0.252
-9.70E+00,0.256
-9.69E+00,0.248
-9.69E+00,0.256
-9.69E+00,0.24
-9.69E+00,0.244
-9.69E+00,0.244
-9.68E+00,0.252
-9.68E+00,0.26
-9.68E+00,0.244
-9.68E+00,0.248
-9.68E+00,0.252
-9.67E+00,0.256
-9.67E+00,0.252
-9.67E+00,0.252
-9.67E+00,0.252
-9.67E+00,0.26
-9.66E+00,0.252
-9.66E+00,0.248
-9.66E+00,0.26
-9.66E+00,0.252
-9.66E+00,0.252
-9.65E+00,0.276
-9.65E+00,0.252
-9.65E+00,0.24
-9.65E+00,0.26
-9.65E+00,0.252
-9.64E+00,0.252
-9.64E+00,0.252
-9.64E+00,0.252
-9.64E+00,0.236
-9.64E+00,0.26
-9.63E+00,0.248
-9.63E+00,0.252
-9.63E+00,0.248
-9.63E+00,0.256
-9.63E+00,0.26
-9.62E+00,0.252
-9.62E+00,0.252
-9.62E+00,0.252
-9.62E+00,0.256
-9.62E+00,0.26
-9.61E+00,0.256
-9.61E+00,0.252
-9.61E+00,0.252
-9.61E+00,0.248
-9.61E+00,0.252
-9.60E+00,0.256
-9.60E+00,0.252
-9.60E+00,0.264
-9.60E+00,0.268
-9.60E+00,0.252
-9.59E+00,0.256
-9.59E+00,0.26
-9.59E+00,0.268
-9.59E+00,0.252
-9.59E+00,0.248
-9.58E+00,0.256
-9.58E+00,0.26
-9.58E+00,0.248
-9.58E+00,0.252
-9.58E+00,0.256
-9.57E+00,0.256
-9.57E+00,0.256
-9.57E+00,0.264
-9.57E+00,0.252
-9.57E+00,0.256
-9.56E+00,0.248
-9.56E+00,0.256
-9.56E+00,0.244
-9.56E+00,0.252
-9.56E+00,0.252
-9.55E+00,0.256
-9.55E+00,0.232
-9.55E+00,0.26
-9.55E+00,0.26
-9.55E+00,0.248
-9.54E+00,0.26
-9.54E+00,0.264
-9.54E+00,0.248
-9.54E+00,0.256
-9.54E+00,0.272
-9.53E+00,0.252
-9.53E+00,0.252
-9.53E+00,0.252
-9.53E+00,0.252
-9.53E+00,0.252
-9.52E+00,0.256
-9.52E+00,0.26
-9.52E+00,0.256
-9.52E+00,0.256
-9.52E+00,0.256
-9.51E+00,0.256
-9.51E+00,0.252
-9.51E+00,0.256
-9.51E+00,0.252
-9.51E+00,0.248
-9.50E+00,0.252
-9.50E+00,0.256
-9.50E+00,0.248
-9.50E+00,0.252
-9.50E+00,0.268
-9.49E+00,0.252
-9.49E+00,0.252
-9.49E+00,0.244
-9.49E+00,0.256
-9.49E+00,0.248
-9.48E+00,0.256
-9.48E+00,0.252
-9.48E+00,0.24
-9.48E+00,0.248
-9.48E+00,0.26
-9.47E+00,0.244
-9.47E+00,0.252
-9.47E+00,0.264
-9.47E+00,0.256
-9.47E+00,0.26
-9.46E+00,0.252
-9.46E+00,0.248
-9.46E+00,0.256
-9.46E+00,0.252
-9.46E+00,0.252
-9.45E+00,0.244
-9.45E+00,0.26
-9.45E+00,0.256
-9.45E+00,0.252
-9.45E+00,0.26
-9.44E+00,0.252
-9.44E+00,0.256
-9.44E+00,0.24
-9.44E+00,0.252
-9.44E+00,0.252
-9.43E+00,0.256
-9.43E+00,0.252
-9.43E+00,0.264
-9.43E+00,0.256
-9.43E+00,0.256
-9.42E+00,0.252
-9.42E+00,0.26
-9.42E+00,0.252
-9.42E+00,0.248
-9.42E+00,0.252
-9.41E+00,0.248
-9.41E+00,0.244
-9.41E+00,0.252
-9.41E+00,0.252
-9.41E+00,0.256
-9.40E+00,0.26
-9.40E+00,0.248
-9.40E+00,0.232
-9.40E+00,0.248
-9.40E+00,0.244
-9.39E+00,0.268
-9.39E+00,0.256
-9.39E+00,0.252
-9.39E+00,0.256
-9.39E+00,0.268
-9.38E+00,0.252
-9.38E+00,0.24
-9.38E+00,0.252
-9.38E+00,0.252
-9.38E+00,0.256
-9.37E+00,0.264
-9.37E+00,0.252
-9.37E+00,0.252
-9.37E+00,0.26
-9.37E+00,0.256
-9.36E+00,0.256
-9.36E+00,0.252
-9.36E+00,0.252
-9.36E+00,0.252
-9.36E+00,0.252
-9.35E+00,0.26
-9.35E+00,0.256
-9.35E+00,0.252
-9.35E+00,0.252
-9.35E+00,0.256
-9.34E+00,0.256
-9.34E+00,0.26
-9.34E+00,0.264
-9.34E+00,0.26
-9.34E+00,0.252
-9.33E+00,0.252
-9.33E+00,0.244
-9.33E+00,0.26
-9.33E+00,0.248
-9.33E+00,0.248
-9.32E+00,0.248
-9.32E+00,0.256
-9.32E+00,0.264
-9.32E+00,0.232
-9.32E+00,0.252
-9.31E+00,0.276
-9.31E+00,0.252
-9.31E+00,0.248
-9.31E+00,0.252
-9.31E+00,0.256
-9.30E+00,0.252
-9.30E+00,0.244
-9.30E+00,0.252
-9.30E+00,0.252
-9.30E+00,0.248
-9.29E+00,0.252
-9.29E+00,0.228
-9.29E+00,0.256
-9.29E+00,0.252
-9.29E+00,0.256
-9.28E+00,0.268
-9.28E+00,0.26
-9.28E+00,0.256
-9.28E+00,0.252
-9.28E+00,0.244
-9.27E+00,0.252
-9.27E+00,0.264
-9.27E+00,0.256
-9.27E+00,0.244
-9.27E+00,0.264
-9.26E+00,0.264
-9.26E+00,0.256
-9.26E+00,0.26
-9.26E+00,0.252
-9.26E+00,0.26
-9.25E+00,0.252
-9.25E+00,0.252
-9.25E+00,0.252
-9.25E+00,0.244
-9.25E+00,0.252
-9.24E+00,0.26
-9.24E+00,0.248
-9.24E+00,0.264
-9.24E+00,0.26
-9.24E+00,0.252
-9.23E+00,0.256
-9.23E+00,0.248
-9.23E+00,0.248
-9.23E+00,0.256
-9.23E+00,0.268
-9.22E+00,0.272
-9.22E+00,0.252
-9.22E+00,0.256
-9.22E+00,0.248
-9.22E+00,0.244
-9.21E+00,0.256
-9.21E+00,0.252
-9.21E+00,0.252
-9.21E+00,0.252
-9.21E+00,0.256
-9.20E+00,0.252
-9.20E+00,0.256
-9.20E+00,0.252
-9.20E+00,0.248
-9.20E+00,0.256
-9.19E+00,0.252
-9.19E+00,0.256
-9.19E+00,0.256
-9.19E+00,0.256
-9.19E+00,0.252
-9.18E+00,0.252
-9.18E+00,0.252
-9.18E+00,0.244
-9.18E+00,0.244
-9.18E+00,0.256
-9.17E+00,0.256
-9.17E+00,0.252
-9.17E+00,0.252
-9.17E+00,0.256
-9.17E+00,0.244
-9.16E+00,0.264
-9.16E+00,0.252
-9.16E+00,0.252
-9.16E+00,0.252
-9.16E+00,0.256
-9.15E+00,0.252
-9.15E+00,0.252
-9.15E+00,0.252
-9.15E+00,0.264
-9.15E+00,0.264
-9.14E+00,0.256
-9.14E+00,0.252
-9.14E+00,0.26
-9.14E+00,0.248
-9.14E+00,0.252
-9.13E+00,0.252
-9.13E+00,0.252
-9.13E+00,0.256
-9.13E+00,0.252
-9.13E+00,0.252
-9.12E+00,0.252
-9.12E+00,0.252
-9.12E+00,0.256
-9.12E+00,0.252
-9.12E+00,0.264
-9.11E+00,0.244
-9.11E+00,0.26
-9.11E+00,0.26
-9.11E+00,0.264
-9.11E+00,0.248
-9.10E+00,0.256
-9.10E+00,0.252
-9.10E+00,0.256
-9.10E+00,0.264
-9.10E+00,0.26
-9.09E+00,0.252
-9.09E+00,0.26
-9.09E+00,0.252
-9.09E+00,0.264
-9.09E+00,0.256
-9.08E+00,0.268
-9.08E+00,0.248
-9.08E+00,0.26
-9.08E+00,0.252
-9.08E+00,0.252
-9.07E+00,0.256
-9.07E+00,0.248
-9.07E+00,0.252
-9.07E+00,0.256
-9.07E+00,0.256
-9.06E+00,0.252
-9.06E+00,0.264
-9.06E+00,0.264
-9.06E+00,0.256
-9.06E+00,0.256
-9.05E+00,0.244
-9.05E+00,0.256
-9.05E+00,0.264
-9.05E+00,0.26
-9.05E+00,0.256
-9.04E+00,0.264
-9.04E+00,0.268
-9.04E+00,0.256
-9.04E+00,0.264
-9.04E+00,0.256
-9.03E+00,0.264
-9.03E+00,0.264
-9.03E+00,0.272
-9.03E+00,0.252
-9.03E+00,0.252
-9.02E+00,0.26
-9.02E+00,0.26
-9.02E+00,0.272
-9.02E+00,0.256
-9.02E+00,0.256
-9.01E+00,0.256
-9.01E+00,0.252
-9.01E+00,0.256
-9.01E+00,0.248
-9.01E+00,0.256
-9.00E+00,0.264
-9.00E+00,0.252
-9.00E+00,0.256
-9.00E+00,0.248
-9.00E+00,0.264
-8.99E+00,0.244
-8.99E+00,0.272
-8.99E+00,0.252
-8.99E+00,0.256
-8.99E+00,0.24
-8.98E+00,0.252
-8.98E+00,0.264
-8.98E+00,0.256
-8.98E+00,0.256
-8.98E+00,0.248
-8.97E+00,0.256
-8.97E+00,0.26
-8.97E+00,0.244
-8.97E+00,0.248
-8.97E+00,0.252
-8.96E+00,0.256
-8.96E+00,0.288
-8.96E+00,0.244
-8.96E+00,0.256
-8.96E+00,0.264
-8.95E+00,0.256
-8.95E+00,0.256
-8.95E+00,0.256
-8.95E+00,0.252
-8.95E+00,0.256
-8.94E+00,0.252
-8.94E+00,0.264
-8.94E+00,0.26
-8.94E+00,0.26
-8.94E+00,0.256
-8.93E+00,0.256
-8.93E+00,0.248
-8.93E+00,0.26
-8.93E+00,0.252
-8.93E+00,0.26
-8.92E+00,0.256
-8.92E+00,0.256
-8.92E+00,0.252
-8.92E+00,0.26
-8.92E+00,0.26
-8.91E+00,0.256
-8.91E+00,0.268
-8.91E+00,0.26
-8.91E+00,0.248
-8.91E+00,0.264
-8.90E+00,0.256
-8.90E+00,0.256
-8.90E+00,0.26
-8.90E+00,0.252
-8.90E+00,0.26
-8.89E+00,0.264
-8.89E+00,0.256
-8.89E+00,0.252
-8.89E+00,0.264
-8.89E+00,0.252
-8.88E+00,0.24
-8.88E+00,0.256
-8.88E+00,0.26
-8.88E+00,0.256
-8.88E+00,0.26
-8.87E+00,0.248
-8.87E+00,0.264
-8.87E+00,0.26
-8.87E+00,0.252
-8.87E+00,0.252
-8.86E+00,0.252
-8.86E+00,0.252
-8.86E+00,0.224
-8.86E+00,0.248
-8.86E+00,0.248
-8.85E+00,0.256
-8.85E+00,0.252
-8.85E+00,0.248
-8.85E+00,0.256
-8.85E+00,0.268
-8.84E+00,0.252
-8.84E+00,0.26
-8.84E+00,0.256
-8.84E+00,0.256
-8.84E+00,0.256
-8.83E+00,0.256
-8.83E+00,0.26
-8.83E+00,0.256
-8.83E+00,0.252
-8.83E+00,0.256
-8.82E+00,0.26
-8.82E+00,0.252
-8.82E+00,0.256
-8.82E+00,0.26
-8.82E+00,0.252
-8.81E+00,0.256
-8.81E+00,0.26
-8.81E+00,0.252
-8.81E+00,0.248
-8.81E+00,0.264
-8.80E+00,0.256
-8.80E+00,0.26
-8.80E+00,0.252
-8.80E+00,0.252
-8.80E+00,0.252
-8.79E+00,0.256
-8.79E+00,0.256
-8.79E+00,0.26
-8.79E+00,0.252
-8.79E+00,0.244
-8.78E+00,0.264
-8.78E+00,0.252
-8.78E+00,0.256
-8.78E+00,0.256
-8.78E+00,0.244
-8.77E+00,0.26
-8.77E+00,0.256
-8.77E+00,0.248
-8.77E+00,0.26
-8.77E+00,0.252
-8.76E+00,0.256
-8.76E+00,0.24
-8.76E+00,0.252
-8.76E+00,0.26
-8.76E+00,0.26
-8.75E+00,0.256
-8.75E+00,0.26
-8.75E+00,0.256
-8.75E+00,0.26
-8.75E+00,0.256
-8.74E+00,0.268
-8.74E+00,0.264
-8.74E+00,0.248
-8.74E+00,0.248
-8.74E+00,0.252
-8.73E+00,0.248
-8.73E+00,0.26
-8.73E+00,0.264
-8.73E+00,0.256
-8.73E+00,0.244
-8.72E+00,0.26
-8.72E+00,0.248
-8.72E+00,0.256
-8.72E+00,0.252
-8.72E+00,0.256
-8.71E+00,0.252
-8.71E+00,0.264
-8.71E+00,0.256
-8.71E+00,0.252
-8.71E+00,0.248
-8.70E+00,0.248
-8.70E+00,0.26
-8.70E+00,0.256
-8.70E+00,0.256
-8.70E+00,0.256
-8.69E+00,0.252
-8.69E+00,0.268
-8.69E+00,0.252
-8.69E+00,0.256
-8.69E+00,0.264
-8.68E+00,0.26
-8.68E+00,0.256
-8.68E+00,0.268
-8.68E+00,0.26
-8.68E+00,0.256
-8.67E+00,0.248
-8.67E+00,0.26
-8.67E+00,0.248
-8.67E+00,0.256
-8.67E+00,0.252
-8.66E+00,0.26
-8.66E+00,0.26
-8.66E+00,0.264
-8.66E+00,0.248
-8.66E+00,0.252
-8.65E+00,0.256
-8.65E+00,0.252
-8.65E+00,0.252
-8.65E+00,0.26
-8.65E+00,0.26
-8.64E+00,0.26
-8.64E+00,0.268
-8.64E+00,0.252
-8.64E+00,0.264
-8.64E+00,0.248
-8.63E+00,0.256
-8.63E+00,0.26
-8.63E+00,0.252
-8.63E+00,0.248
-8.63E+00,0.256
-8.62E+00,0.252
-8.62E+00,0.256
-8.62E+00,0.256
-8.62E+00,0.248
-8.62E+00,0.256
-8.61E+00,0.256
-8.61E+00,0.252
-8.61E+00,0.252
-8.61E+00,0.264
-8.61E+00,0.252
-8.60E+00,0.26
-8.60E+00,0.252
-8.60E+00,0.268
-8.60E+00,0.252
-8.60E+00,0.256
-8.59E+00,0.256
-8.59E+00,0.264
-8.59E+00,0.256
-8.59E+00,0.248
-8.59E+00,0.252
-8.58E+00,0.256
-8.58E+00,0.244
-8.58E+00,0.256
-8.58E+00,0.248
-8.58E+00,0.264
-8.57E+00,0.256
-8.57E+00,0.264
-8.57E+00,0.248
-8.57E+00,0.256
-8.57E+00,0.248
-8.56E+00,0.244
-8.56E+00,0.26
-8.56E+00,0.252
-8.56E+00,0.256
-8.56E+00,0.252
-8.55E+00,0.252
-8.55E+00,0.26
-8.55E+00,0.252
-8.55E+00,0.26
-8.55E+00,0.248
-8.54E+00,0.252
-8.54E+00,0.264
-8.54E+00,0.252
-8.54E+00,0.252
-8.54E+00,0.256
-8.53E+00,0.26
-8.53E+00,0.256
-8.53E+00,0.252
-8.53E+00,0.26
-8.53E+00,0.26
-8.52E+00,0.256
-8.52E+00,0.264
-8.52E+00,0.252
-8.52E+00,0.264
-8.52E+00,0.248
-8.51E+00,0.264
-8.51E+00,0.264
-8.51E+00,0.248
-8.51E+00,0.26
-8.51E+00,0.256
-8.50E+00,0.256
-8.50E+00,0.248
-8.50E+00,0.248
-8.50E+00,0.264
-8.50E+00,0.256
-8.49E+00,0.26
-8.49E+00,0.264
-8.49E+00,0.256
-8.49E+00,0.256
-8.49E+00,0.252
-8.48E+00,0.256
-8.48E+00,0.256
-8.48E+00,0.244
-8.48E+00,0.252
-8.48E+00,0.252
-8.47E+00,0.26
-8.47E+00,0.26
-8.47E+00,0.26
-8.47E+00,0.252
-8.47E+00,0.252
-8.46E+00,0.264
-8.46E+00,0.26
-8.46E+00,0.252
-8.46E+00,0.256
-8.46E+00,0.248
-8.45E+00,0.252
-8.45E+00,0.26
-8.45E+00,0.26
-8.45E+00,0.268
-8.45E+00,0.256
-8.44E+00,0.256
-8.44E+00,0.252
-8.44E+00,0.256
-8.44E+00,0.264
-8.44E+00,0.264
-8.43E+00,0.252
-8.43E+00,0.256
-8.43E+00,0.256
-8.43E+00,0.256
-8.43E+00,0.256
-8.42E+00,0.264
-8.42E+00,0.256
-8.42E+00,0.256
-8.42E+00,0.252
-8.42E+00,0.256
-8.41E+00,0.256
-8.41E+00,0.252
-8.41E+00,0.252
-8.41E+00,0.256
-8.41E+00,0.252
-8.40E+00,0.252
-8.40E+00,0.26
-8.40E+00,0.256
-8.40E+00,0.26
-8.40E+00,0.248
-8.39E+00,0.244
-8.39E+00,0.244
-8.39E+00,0.268
-8.39E+00,0.252
-8.39E+00,0.256
-8.38E+00,0.256
-8.38E+00,0.256
-8.38E+00,0.256
-8.38E+00,0.252
-8.38E+00,0.256
-8.37E+00,0.276
-8.37E+00,0.252
-8.37E+00,0.252
-8.37E+00,0.252
-8.37E+00,0.264
-8.36E+00,0.228
-8.36E+00,0.244
-8.36E+00,0.264
-8.36E+00,0.256
-8.36E+00,0.26
-8.35E+00,0.252
-8.35E+00,0.256
-8.35E+00,0.26
-8.35E+00,0.248
-8.35E+00,0.26
-8.34E+00,0.252
-8.34E+00,0.248
-8.34E+00,0.272
-8.34E+00,0.252
-8.34E+00,0.256
-8.33E+00,0.252
-8.33E+00,0.256
-8.33E+00,0.26
-8.33E+00,0.24
-8.33E+00,0.256
-8.32E+00,0.248
-8.32E+00,0.252
-8.32E+00,0.248
-8.32E+00,0.256
-8.32E+00,0.256
-8.31E+00,0.252
-8.31E+00,0.252
-8.31E+00,0.252
-8.31E+00,0.24
-8.31E+00,0.252
-8.30E+00,0.256
-8.30E+00,0.256
-8.30E+00,0.252
-8.30E+00,0.244
-8.30E+00,0.244
-8.29E+00,0.252
-8.29E+00,0.256
-8.29E+00,0.252
-8.29E+00,0.264
-8.29E+00,0.252
-8.28E+00,0.256
-8.28E+00,0.256
-8.28E+00,0.252
-8.28E+00,0.248
-8.28E+00,0.252
-8.27E+00,0.24
-8.27E+00,0.252
-8.27E+00,0.256
-8.27E+00,0.256
-8.27E+00,0.256
-8.26E+00,0.252
-8.26E+00,0.252
-8.26E+00,0.256
-8.26E+00,0.256
-8.26E+00,0.256
-8.25E+00,0.248
-8.25E+00,0.26
-8.25E+00,0.256
-8.25E+00,0.256
-8.25E+00,0.252
-8.24E+00,0.252
-8.24E+00,0.248
-8.24E+00,0.236
-8.24E+00,0.26
-8.24E+00,0.26
-8.23E+00,0.252
-8.23E+00,0.248
-8.23E+00,0.248
-8.23E+00,0.24
-8.23E+00,0.26
-8.22E+00,0.26
-8.22E+00,0.24
-8.22E+00,0.272
-8.22E+00,0.252
-8.22E+00,0.248
-8.21E+00,0.252
-8.21E+00,0.256
-8.21E+00,0.26
-8.21E+00,0.26
-8.21E+00,0.252
-8.20E+00,0.256
-8.20E+00,0.252
-8.20E+00,0.26
-8.20E+00,0.256
-8.20E+00,0.26
-8.19E+00,0.26
-8.19E+00,0.244
-8.19E+00,0.264
-8.19E+00,0.248
-8.19E+00,0.252
-8.18E+00,0.252
-8.18E+00,0.26
-8.18E+00,0.256
-8.18E+00,0.244
-8.18E+00,0.26
-8.17E+00,0.252
-8.17E+00,0.26
-8.17E+00,0.248
-8.17E+00,0.252
-8.17E+00,0.264
-8.16E+00,0.252
-8.16E+00,0.256
-8.16E+00,0.248
-8.16E+00,0.248
-8.16E+00,0.252
-8.15E+00,0.256
-8.15E+00,0.248
-8.15E+00,0.252
-8.15E+00,0.26
-8.15E+00,0.26
-8.14E+00,0.256
-8.14E+00,0.248
-8.14E+00,0.252
-8.14E+00,0.252
-8.14E+00,0.256
-8.13E+00,0.248
-8.13E+00,0.272
-8.13E+00,0.252
-8.13E+00,0.26
-8.13E+00,0.244
-8.12E+00,0.256
-8.12E+00,0.232
-8.12E+00,0.26
-8.12E+00,0.252
-8.12E+00,0.248
-8.11E+00,0.256
-8.11E+00,0.252
-8.11E+00,0.248
-8.11E+00,0.252
-8.11E+00,0.256
-8.10E+00,0.248
-8.10E+00,0.252
-8.10E+00,0.252
-8.10E+00,0.248
-8.10E+00,0.256
-8.09E+00,0.248
-8.09E+00,0.248
-8.09E+00,0.232
-8.09E+00,0.256
-8.09E+00,0.26
-8.08E+00,0.26
-8.08E+00,0.252
-8.08E+00,0.256
-8.08E+00,0.252
-8.08E+00,0.252
-8.07E+00,0.244
-8.07E+00,0.26
-8.07E+00,0.252
-8.07E+00,0.256
-8.07E+00,0.256
-8.06E+00,0.252
-8.06E+00,0.252
-8.06E+00,0.26
-8.06E+00,0.252
-8.06E+00,0.248
-8.05E+00,0.252
-8.05E+00,0.256
-8.05E+00,0.244
-8.05E+00,0.248
-8.05E+00,0.252
-8.04E+00,0.256
-8.04E+00,0.256
-8.04E+00,0.268
-8.04E+00,0.252
-8.04E+00,0.248
-8.03E+00,0.256
-8.03E+00,0.26
-8.03E+00,0.256
-8.03E+00,0.252
-8.03E+00,0.244
-8.02E+00,0.252
-8.02E+00,0.252
-8.02E+00,0.256
-8.02E+00,0.248
-8.02E+00,0.256
-8.01E+00,0.256
-8.01E+00,0.256
-8.01E+00,0.256
-8.01E+00,0.244
-8.01E+00,0.256
-8.00E+00,0.256
-8.00E+00,0.252
-8.00E+00,0.26
-8.00E+00,0.252
-8.00E+00,0.256
-7.99E+00,0.244
-7.99E+00,0.26
-7.99E+00,0.26
-7.99E+00,0.26
-7.99E+00,0.252
-7.98E+00,0.252
-7.98E+00,0.256
-7.98E+00,0.256
-7.98E+00,0.256
-7.98E+00,0.252
-7.97E+00,0.256
-7.97E+00,0.248
-7.97E+00,0.252
-7.97E+00,0.252
-7.97E+00,0.256
-7.96E+00,0.252
-7.96E+00,0.256
-7.96E+00,0.252
-7.96E+00,0.248
-7.96E+00,0.26
-7.95E+00,0.256
-7.95E+00,0.256
-7.95E+00,0.248
-7.95E+00,0.256
-7.95E+00,0.252
-7.94E+00,0.268
-7.94E+00,0.26
-7.94E+00,0.26
-7.94E+00,0.256
-7.94E+00,0.256
-7.93E+00,0.256
-7.93E+00,0.248
-7.93E+00,0.26
-7.93E+00,0.264
-7.93E+00,0.252
-7.92E+00,0.248
-7.92E+00,0.256
-7.92E+00,0.26
-7.92E+00,0.26
-7.92E+00,0.252
-7.91E+00,0.252
-7.91E+00,0.26
-7.91E+00,0.252
-7.91E+00,0.24
-7.91E+00,0.252
-7.90E+00,0.256
-7.90E+00,0.244
-7.90E+00,0.26
-7.90E+00,0.252
-7.90E+00,0.248
-7.89E+00,0.264
-7.89E+00,0.26
-7.89E+00,0.256
-7.89E+00,0.26
-7.89E+00,0.256
-7.88E+00,0.26
-7.88E+00,0.28
-7.88E+00,0.252
-7.88E+00,0.244
-7.88E+00,0.264
-7.87E+00,0.256
-7.87E+00,0.252
-7.87E+00,0.256
-7.87E+00,0.256
-7.87E+00,0.256
-7.86E+00,0.252
-7.86E+00,0.256
-7.86E+00,0.256
-7.86E+00,0.248
-7.86E+00,0.252
-7.85E+00,0.252
-7.85E+00,0.252
-7.85E+00,0.256
-7.85E+00,0.256
-7.85E+00,0.26
-7.84E+00,0.256
-7.84E+00,0.264
-7.84E+00,0.256
-7.84E+00,0.252
-7.84E+00,0.264
-7.83E+00,0.252
-7.83E+00,0.26
-7.83E+00,0.264
-7.83E+00,0.252
-7.83E+00,0.256
-7.82E+00,0.252
-7.82E+00,0.244
-7.82E+00,0.268
-7.82E+00,0.256
-7.82E+00,0.256
-7.81E+00,0.248
-7.81E+00,0.252
-7.81E+00,0.256
-7.81E+00,0.256
-7.81E+00,0.256
-7.80E+00,0.244
-7.80E+00,0.256
-7.80E+00,0.252
-7.80E+00,0.24
-7.80E+00,0.252
-7.79E+00,0.252
-7.79E+00,0.256
-7.79E+00,0.264
-7.79E+00,0.244
-7.79E+00,0.256
-7.78E+00,0.248
-7.78E+00,0.26
-7.78E+00,0.26
-7.78E+00,0.252
-7.78E+00,0.26
-7.77E+00,0.244
-7.77E+00,0.248
-7.77E+00,0.248
-7.77E+00,0.26
-7.77E+00,0.26
-7.76E+00,0.252
-7.76E+00,0.26
-7.76E+00,0.26
-7.76E+00,0.252
-7.76E+00,0.256
-7.75E+00,0.26
-7.75E+00,0.252
-7.75E+00,0.256
-7.75E+00,0.26
-7.75E+00,0.248
-7.74E+00,0.252
-7.74E+00,0.26
-7.74E+00,0.248
-7.74E+00,0.256
-7.74E+00,0.252
-7.73E+00,0.256
-7.73E+00,0.252
-7.73E+00,0.256
-7.73E+00,0.264
-7.73E+00,0.256
-7.72E+00,0.248
-7.72E+00,0.26
-7.72E+00,0.26
-7.72E+00,0.268
-7.72E+00,0.252
-7.71E+00,0.268
-7.71E+00,0.264
-7.71E+00,0.252
-7.71E+00,0.248
-7.71E+00,0.26
-7.70E+00,0.256
-7.70E+00,0.26
-7.70E+00,0.256
-7.70E+00,0.252
-7.70E+00,0.256
-7.69E+00,0.252
-7.69E+00,0.252
-7.69E+00,0.252
-7.69E+00,0.252
-7.69E+00,0.26
-7.68E+00,0.256
-7.68E+00,0.256
-7.68E+00,0.252
-7.68E+00,0.244
-7.68E+00,0.26
-7.67E+00,0.248
-7.67E+00,0.256
-7.67E+00,0.256
-7.67E+00,0.252
-7.67E+00,0.256
-7.66E+00,0.252
-7.66E+00,0.248
-7.66E+00,0.256
-7.66E+00,0.248
-7.66E+00,0.26
-7.65E+00,0.252
-7.65E+00,0.252
-7.65E+00,0.256
-7.65E+00,0.26
-7.65E+00,0.252
-7.64E+00,0.256
-7.64E+00,0.264
-7.64E+00,0.26
-7.64E+00,0.26
-7.64E+00,0.256
-7.63E+00,0.26
-7.63E+00,0.252
-7.63E+00,0.256
-7.63E+00,0.26
-7.63E+00,0.256
-7.62E+00,0.248
-7.62E+00,0.256
-7.62E+00,0.26
-7.62E+00,0.256
-7.62E+00,0.248
-7.61E+00,0.256
-7.61E+00,0.252
-7.61E+00,0.252
-7.61E+00,0.248
-7.61E+00,0.256
-7.60E+00,0.256
-7.60E+00,0.252
-7.60E+00,0.252
-7.60E+00,0.26
-7.60E+00,0.256
-7.59E+00,0.252
-7.59E+00,0.264
-7.59E+00,0.26
-7.59E+00,0.252
-7.59E+00,0.26
-7.58E+00,0.252
-7.58E+00,0.252
-7.58E+00,0.252
-7.58E+00,0.26
-7.58E+00,0.256
-7.57E+00,0.252
-7.57E+00,0.244
-7.57E+00,0.256
-7.57E+00,0.268
-7.57E+00,0.26
-7.56E+00,0.248
-7.56E+00,0.248
-7.56E+00,0.252
-7.56E+00,0.252
-7.56E+00,0.256
-7.55E+00,0.256
-7.55E+00,0.264
-7.55E+00,0.252
-7.55E+00,0.256
-7.55E+00,0.252
-7.54E+00,0.26
-7.54E+00,0.256
-7.54E+00,0.252
-7.54E+00,0.248
-7.54E+00,0.248
-7.53E+00,0.26
-7.53E+00,0.252
-7.53E+00,0.256
-7.53E+00,0.248
-7.53E+00,0.26
-7.52E+00,0.252
-7.52E+00,0.252
-7.52E+00,0.248
-7.52E+00,0.244
-7.52E+00,0.252
-7.51E+00,0.256
-7.51E+00,0.248
-7.51E+00,0.26
-7.51E+00,0.272
-7.51E+00,0.26
-7.50E+00,0.256
-7.50E+00,0.26
-7.50E+00,0.256
-7.50E+00,0.256
-7.50E+00,0.248
-7.49E+00,0.248
-7.49E+00,0.256
-7.49E+00,0.256
-7.49E+00,0.256
-7.49E+00,0.252
-7.48E+00,0.252
-7.48E+00,0.252
-7.48E+00,0.256
-7.48E+00,0.26
-7.48E+00,0.252
-7.47E+00,0.252
-7.47E+00,0.252
-7.47E+00,0.244
-7.47E+00,0.252
-7.47E+00,0.252
-7.46E+00,0.256
-7.46E+00,0.256
-7.46E+00,0.256
-7.46E+00,0.256
-7.46E+00,0.26
-7.45E+00,0.252
-7.45E+00,0.26
-7.45E+00,0.256
-7.45E+00,0.256
-7.45E+00,0.252
-7.44E+00,0.256
-7.44E+00,0.256
-7.44E+00,0.268
-7.44E+00,0.252
-7.44E+00,0.272
-7.43E+00,0.264
-7.43E+00,0.26
-7.43E+00,0.26
-7.43E+00,0.248
-7.43E+00,0.252
-7.42E+00,0.252
-7.42E+00,0.248
-7.42E+00,0.268
-7.42E+00,0.268
-7.42E+00,0.248
-7.41E+00,0.256
-7.41E+00,0.26
-7.41E+00,0.248
-7.41E+00,0.256
-7.41E+00,0.256
-7.40E+00,0.24
-7.40E+00,0.256
-7.40E+00,0.252
-7.40E+00,0.26
-7.40E+00,0.252
-7.39E+00,0.252
-7.39E+00,0.26
-7.39E+00,0.248
-7.39E+00,0.252
-7.39E+00,0.252
-7.38E+00,0.252
-7.38E+00,0.252
-7.38E+00,0.264
-7.38E+00,0.252
-7.38E+00,0.252
-7.37E+00,0.256
-7.37E+00,0.252
-7.37E+00,0.252
-7.37E+00,0.248
-7.37E+00,0.252
-7.36E+00,0.26
-7.36E+00,0.264
-7.36E+00,0.26
-7.36E+00,0.252
-7.36E+00,0.264
-7.35E+00,0.26
-7.35E+00,0.256
-7.35E+00,0.252
-7.35E+00,0.252
-7.35E+00,0.26
-7.34E+00,0.256
-7.34E+00,0.256
-7.34E+00,0.248
-7.34E+00,0.252
-7.34E+00,0.252
-7.33E+00,0.252
-7.33E+00,0.252
-7.33E+00,0.252
-7.33E+00,0.26
-7.33E+00,0.248
-7.32E+00,0.264
-7.32E+00,0.256
-7.32E+00,0.236
-7.32E+00,0.256
-7.32E+00,0.252
-7.31E+00,0.256
-7.31E+00,0.26
-7.31E+00,0.264
-7.31E+00,0.248
-7.31E+00,0.256
-7.30E+00,0.252
-7.30E+00,0.252
-7.30E+00,0.252
-7.30E+00,0.252
-7.30E+00,0.244
-7.29E+00,0.26
-7.29E+00,0.256
-7.29E+00,0.252
-7.29E+00,0.252
-7.29E+00,0.256
-7.28E+00,0.256
-7.28E+00,0.248
-7.28E+00,0.252
-7.28E+00,0.256
-7.28E+00,0.256
-7.27E+00,0.252
-7.27E+00,0.252
-7.27E+00,0.256
-7.27E+00,0.252
-7.27E+00,0.26
-7.26E+00,0.256
-7.26E+00,0.272
-7.26E+00,0.264
-7.26E+00,0.24
-7.26E+00,0.248
-7.25E+00,0.256
-7.25E+00,0.256
-7.25E+00,0.256
-7.25E+00,0.256
-7.25E+00,0.256
-7.24E+00,0.26
-7.24E+00,0.26
-7.24E+00,0.252
-7.24E+00,0.256
-7.24E+00,0.244
-7.23E+00,0.252
-7.23E+00,0.248
-7.23E+00,0.256
-7.23E+00,0.252
-7.23E+00,0.24
-7.22E+00,0.244
-7.22E+00,0.248
-7.22E+00,0.256
-7.22E+00,0.256
-7.22E+00,0.252
-7.21E+00,0.252
-7.21E+00,0.248
-7.21E+00,0.252
-7.21E+00,0.256
-7.21E+00,0.26
-7.20E+00,0.252
-7.20E+00,0.256
-7.20E+00,0.26
-7.20E+00,0.256
-7.20E+00,0.26
-7.19E+00,0.248
-7.19E+00,0.252
-7.19E+00,0.256
-7.19E+00,0.26
-7.19E+00,0.252
-7.18E+00,0.252
-7.18E+00,0.252
-7.18E+00,0.252
-7.18E+00,0.248
-7.18E+00,0.256
-7.17E+00,0.244
-7.17E+00,0.264
-7.17E+00,0.256
-7.17E+00,0.244
-7.17E+00,0.264
-7.16E+00,0.252
-7.16E+00,0.26
-7.16E+00,0.26
-7.16E+00,0.264
-7.16E+00,0.232
-7.15E+00,0.256
-7.15E+00,0.256
-7.15E+00,0.256
-7.15E+00,0.256
-7.15E+00,0.248
-7.14E+00,0.244
-7.14E+00,0.256
-7.14E+00,0.26
-7.14E+00,0.224
-7.14E+00,0.256
-7.13E+00,0.248
-7.13E+00,0.248
-7.13E+00,0.252
-7.13E+00,0.256
-7.13E+00,0.256
-7.12E+00,0.252
-7.12E+00,0.252
-7.12E+00,0.256
-7.12E+00,0.26
-7.12E+00,0.252
-7.11E+00,0.26
-7.11E+00,0.252
-7.11E+00,0.252
-7.11E+00,0.26
-7.11E+00,0.26
-7.10E+00,0.252
-7.10E+00,0.252
-7.10E+00,0.252
-7.10E+00,0.248
-7.10E+00,0.26
-7.09E+00,0.252
-7.09E+00,0.252
-7.09E+00,0.252
-7.09E+00,0.26
-7.09E+00,0.252
-7.08E+00,0.252
-7.08E+00,0.252
-7.08E+00,0.252
-7.08E+00,0.26
-7.08E+00,0.26
-7.07E+00,0.248
-7.07E+00,0.264
-7.07E+00,0.252
-7.07E+00,0.252
-7.07E+00,0.248
-7.06E+00,0.256
-7.06E+00,0.252
-7.06E+00,0.248
-7.06E+00,0.248
-7.06E+00,0.248
-7.05E+00,0.252
-7.05E+00,0.252
-7.05E+00,0.248
-7.05E+00,0.256
-7.05E+00,0.24
-7.04E+00,0.256
-7.04E+00,0.264
-7.04E+00,0.256
-7.04E+00,0.26
-7.04E+00,0.244
-7.03E+00,0.252
-7.03E+00,0.264
-7.03E+00,0.26
-7.03E+00,0.256
-7.03E+00,0.248
-7.02E+00,0.252
-7.02E+00,0.256
-7.02E+00,0.256
-7.02E+00,0.248
-7.02E+00,0.252
-7.01E+00,0.248
-7.01E+00,0.252
-7.01E+00,0.256
-7.01E+00,0.252
-7.01E+00,0.26
-7.00E+00,0.248
-7.00E+00,0.252
-7.00E+00,0.252
-7.00E+00,0.252
-7.00E+00,0.26
-6.99E+00,0.248
-6.99E+00,0.256
-6.99E+00,0.26
-6.99E+00,0.256
-6.99E+00,0.248
-6.98E+00,0.26
-6.98E+00,0.252
-6.98E+00,0.248
-6.98E+00,0.248
-6.98E+00,0.244
-6.97E+00,0.252
-6.97E+00,0.264
-6.97E+00,0.248
-6.97E+00,0.256
-6.97E+00,0.252
-6.96E+00,0.26
-6.96E+00,0.252
-6.96E+00,0.26
-6.96E+00,0.248
-6.96E+00,0.264
-6.95E+00,0.252
-6.95E+00,0.252
-6.95E+00,0.244
-6.95E+00,0.264
-6.95E+00,0.252
-6.94E+00,0.26
-6.94E+00,0.26
-6.94E+00,0.264
-6.94E+00,0.248
-6.94E+00,0.256
-6.93E+00,0.252
-6.93E+00,0.252
-6.93E+00,0.252
-6.93E+00,0.26
-6.93E+00,0.264
-6.92E+00,0.26
-6.92E+00,0.24
-6.92E+00,0.26
-6.92E+00,0.252
-6.92E+00,0.256
-6.91E+00,0.248
-6.91E+00,0.252
-6.91E+00,0.26
-6.91E+00,0.256
-6.91E+00,0.26
-6.90E+00,0.252
-6.90E+00,0.264
-6.90E+00,0.26
-6.90E+00,0.252
-6.90E+00,0.244
-6.89E+00,0.256
-6.89E+00,0.26
-6.89E+00,0.252
-6.89E+00,0.264
-6.89E+00,0.248
-6.88E+00,0.244
-6.88E+00,0.26
-6.88E+00,0.26
-6.88E+00,0.248
-6.88E+00,0.244
-6.87E+00,0.256
-6.87E+00,0.26
-6.87E+00,0.256
-6.87E+00,0.252
-6.87E+00,0.26
-6.86E+00,0.248
-6.86E+00,0.26
-6.86E+00,0.256
-6.86E+00,0.264
-6.86E+00,0.248
-6.85E+00,0.26
-6.85E+00,0.248
-6.85E+00,0.252
-6.85E+00,0.256
-6.85E+00,0.252
-6.84E+00,0.248
-6.84E+00,0.26
-6.84E+00,0.24
-6.84E+00,0.256
-6.84E+00,0.256
-6.83E+00,0.256
-6.83E+00,0.252
-6.83E+00,0.24
-6.83E+00,0.252
-6.83E+00,0.268
-6.82E+00,0.256
-6.82E+00,0.256
-6.82E+00,0.256
-6.82E+00,0.256
-6.82E+00,0.26
-6.81E+00,0.252
-6.81E+00,0.248
-6.81E+00,0.256
-6.81E+00,0.248
-6.81E+00,0.26
-6.80E+00,0.252
-6.80E+00,0.256
-6.80E+00,0.256
-6.80E+00,0.252
-6.80E+00,0.252
-6.79E+00,0.256
-6.79E+00,0.26
-6.79E+00,0.252
-6.79E+00,0.256
-6.79E+00,0.256
-6.78E+00,0.26
-6.78E+00,0.256
-6.78E+00,0.252
-6.78E+00,0.252
-6.78E+00,0.256
-6.77E+00,0.248
-6.77E+00,0.264
-6.77E+00,0.264
-6.77E+00,0.272
-6.77E+00,0.248
-6.76E+00,0.244
-6.76E+00,0.252
-6.76E+00,0.256
-6.76E+00,0.256
-6.76E+00,0.248
-6.75E+00,0.244
-6.75E+00,0.252
-6.75E+00,0.248
-6.75E+00,0.252
-6.75E+00,0.26
-6.74E+00,0.252
-6.74E+00,0.252
-6.74E+00,0.268
-6.74E+00,0.248
-6.74E+00,0.256
-6.73E+00,0.256
-6.73E+00,0.248
-6.73E+00,0.256
-6.73E+00,0.252
-6.73E+00,0.26
-6.72E+00,0.252
-6.72E+00,0.264
-6.72E+00,0.248
-6.72E+00,0.252
-6.72E+00,0.248
-6.71E+00,0.256
-6.71E+00,0.264
-6.71E+00,0.256
-6.71E+00,0.256
-6.71E+00,0.264
-6.70E+00,0.256
-6.70E+00,0.256
-6.70E+00,0.252
-6.70E+00,0.252
-6.70E+00,0.26
-6.69E+00,0.248
-6.69E+00,0.256
-6.69E+00,0.252
-6.69E+00,0.228
-6.69E+00,0.252
-6.68E+00,0.256
-6.68E+00,0.248
-6.68E+00,0.252
-6.68E+00,0.248
-6.68E+00,0.26
-6.67E+00,0.264
-6.67E+00,0.252
-6.67E+00,0.26
-6.67E+00,0.244
-6.67E+00,0.252
-6.66E+00,0.252
-6.66E+00,0.26
-6.66E+00,0.252
-6.66E+00,0.256
-6.66E+00,0.252
-6.65E+00,0.252
-6.65E+00,0.248
-6.65E+00,0.26
-6.65E+00,0.252
-6.65E+00,0.252
-6.64E+00,0.264
-6.64E+00,0.252
-6.64E+00,0.26
-6.64E+00,0.256
-6.64E+00,0.252
-6.63E+00,0.26
-6.63E+00,0.248
-6.63E+00,0.248
-6.63E+00,0.256
-6.63E+00,0.244
-6.62E+00,0.256
-6.62E+00,0.264
-6.62E+00,0.264
-6.62E+00,0.26
-6.62E+00,0.248
-6.61E+00,0.264
-6.61E+00,0.252
-6.61E+00,0.264
-6.61E+00,0.248
-6.61E+00,0.264
-6.60E+00,0.256
-6.60E+00,0.244
-6.60E+00,0.252
-6.60E+00,0.252
-6.60E+00,0.26
-6.59E+00,0.244
-6.59E+00,0.252
-6.59E+00,0.252
-6.59E+00,0.26
-6.59E+00,0.26
-6.58E+00,0.252
-6.58E+00,0.248
-6.58E+00,0.26
-6.58E+00,0.248
-6.58E+00,0.256
-6.57E+00,0.256
-6.57E+00,0.24
-6.57E+00,0.244
-6.57E+00,0.252
-6.57E+00,0.256
-6.56E+00,0.252
-6.56E+00,0.244
-6.56E+00,0.26
-6.56E+00,0.252
-6.56E+00,0.276
-6.55E+00,0.252
-6.55E+00,0.256
-6.55E+00,0.256
-6.55E+00,0.248
-6.55E+00,0.252
-6.54E+00,0.256
-6.54E+00,0.256
-6.54E+00,0.268
-6.54E+00,0.256
-6.54E+00,0.252
-6.53E+00,0.256
-6.53E+00,0.252
-6.53E+00,0.256
-6.53E+00,0.26
-6.53E+00,0.256
-6.52E+00,0.248
-6.52E+00,0.252
-6.52E+00,0.26
-6.52E+00,0.252
-6.52E+00,0.256
-6.51E+00,0.256
-6.51E+00,0.256
-6.51E+00,0.252
-6.51E+00,0.252
-6.51E+00,0.24
-6.50E+00,0.256
-6.50E+00,0.248
-6.50E+00,0.244
-6.50E+00,0.248
-6.50E+00,0.252
-6.49E+00,0.248
-6.49E+00,0.256
-6.49E+00,0.252
-6.49E+00,0.252
-6.49E+00,0.252
-6.48E+00,0.256
-6.48E+00,0.256
-6.48E+00,0.248
-6.48E+00,0.252
-6.48E+00,0.26
-6.47E+00,0.248
-6.47E+00,0.252
-6.47E+00,0.248
-6.47E+00,0.252
-6.47E+00,0.256
-6.46E+00,0.256
-6.46E+00,0.252
-6.46E+00,0.256
-6.46E+00,0.24
-6.46E+00,0.264
-6.45E+00,0.248
-6.45E+00,0.252
-6.45E+00,0.26
-6.45E+00,0.256
-6.45E+00,0.26
-6.44E+00,0.252
-6.44E+00,0.252
-6.44E+00,0.252
-6.44E+00,0.252
-6.44E+00,0.248
-6.43E+00,0.252
-6.43E+00,0.248
-6.43E+00,0.256
-6.43E+00,0.252
-6.43E+00,0.26
-6.42E+00,0.244
-6.42E+00,0.244
-6.42E+00,0.248
-6.42E+00,0.256
-6.42E+00,0.256
-6.41E+00,0.244
-6.41E+00,0.252
-6.41E+00,0.264
-6.41E+00,0.256
-6.41E+00,0.252
-6.40E+00,0.252
-6.40E+00,0.248
-6.40E+00,0.252
-6.40E+00,0.24
-6.40E+00,0.252
-6.39E+00,0.256
-6.39E+00,0.26
-6.39E+00,0.244
-6.39E+00,0.252
-6.39E+00,0.256
-6.38E+00,0.264
-6.38E+00,0.256
-6.38E+00,0.268
-6.38E+00,0.248
-6.38E+00,0.248
-6.37E+00,0.26
-6.37E+00,0.232
-6.37E+00,0.252
-6.37E+00,0.236
-6.37E+00,0.252
-6.36E+00,0.244
-6.36E+00,0.264
-6.36E+00,0.252
-6.36E+00,0.252
-6.36E+00,0.256
-6.35E+00,0.252
-6.35E+00,0.248
-6.35E+00,0.252
-6.35E+00,0.252
-6.35E+00,0.26
-6.34E+00,0.252
-6.34E+00,0.256
-6.34E+00,0.252
-6.34E+00,0.252
-6.34E+00,0.26
-6.33E+00,0.256
-6.33E+00,0.252
-6.33E+00,0.252
-6.33E+00,0.256
-6.33E+00,0.252
-6.32E+00,0.252
-6.32E+00,0.244
-6.32E+00,0.244
-6.32E+00,0.252
-6.32E+00,0.244
-6.31E+00,0.252
-6.31E+00,0.248
-6.31E+00,0.256
-6.31E+00,0.244
-6.31E+00,0.248
-6.30E+00,0.244
-6.30E+00,0.26
-6.30E+00,0.248
-6.30E+00,0.232
-6.30E+00,0.248
-6.29E+00,0.244
-6.29E+00,0.248
-6.29E+00,0.256
-6.29E+00,0.256
-6.29E+00,0.236
-6.28E+00,0.252
-6.28E+00,0.252
-6.28E+00,0.26
-6.28E+00,0.252
-6.28E+00,0.252
-6.27E+00,0.248
-6.27E+00,0.256
-6.27E+00,0.26
-6.27E+00,0.248
-6.27E+00,0.248
-6.26E+00,0.244
-6.26E+00,0.256
-6.26E+00,0.252
-6.26E+00,0.248
-6.26E+00,0.244
-6.25E+00,0.268
-6.25E+00,0.256
-6.25E+00,0.26
-6.25E+00,0.26
-6.25E+00,0.244
-6.24E+00,0.24
-6.24E+00,0.252
-6.24E+00,0.252
-6.24E+00,0.264
-6.24E+00,0.252
-6.23E+00,0.252
-6.23E+00,0.252
-6.23E+00,0.244
-6.23E+00,0.252
-6.23E+00,0.256
-6.22E+00,0.256
-6.22E+00,0.248
-6.22E+00,0.256
-6.22E+00,0.244
-6.22E+00,0.252
-6.21E+00,0.248
-6.21E+00,0.252
-6.21E+00,0.252
-6.21E+00,0.252
-6.21E+00,0.252
-6.20E+00,0.256
-6.20E+00,0.244
-6.20E+00,0.244
-6.20E+00,0.252
-6.20E+00,0.26
-6.19E+00,0.24
-6.19E+00,0.248
-6.19E+00,0.248
-6.19E+00,0.264
-6.19E+00,0.248
-6.18E+00,0.26
-6.18E+00,0.26
-6.18E+00,0.248
-6.18E+00,0.256
-6.18E+00,0.24
-6.17E+00,0.252
-6.17E+00,0.244
-6.17E+00,0.248
-6.17E+00,0.24
-6.17E+00,0.248
-6.16E+00,0.248
-6.16E+00,0.24
-6.16E+00,0.248
-6.16E+00,0.248
-6.16E+00,0.248
-6.15E+00,0.252
-6.15E+00,0.252
-6.15E+00,0.244
-6.15E+00,0.248
-6.15E+00,0.244
-6.14E+00,0.256
-6.14E+00,0.252
-6.14E+00,0.244
-6.14E+00,0.248
-6.14E+00,0.244
-6.13E+00,0.244
-6.13E+00,0.252
-6.13E+00,0.248
-6.13E+00,0.252
-6.13E+00,0.248
-6.12E+00,0.252
-6.12E+00,0.244
-6.12E+00,0.248
-6.12E+00,0.24
-6.12E+00,0.244
-6.11E+00,0.24
-6.11E+00,0.252
-6.11E+00,0.244
-6.11E+00,0.252
-6.11E+00,0.252
-6.10E+00,0.252
-6.10E+00,0.248
-6.10E+00,0.228
-6.10E+00,0.248
-6.10E+00,0.248
-6.09E+00,0.244
-6.09E+00,0.252
-6.09E+00,0.244
-6.09E+00,0.248
-6.09E+00,0.248
-6.08E+00,0.252
-6.08E+00,0.244
-6.08E+00,0.252
-6.08E+00,0.244
-6.08E+00,0.244
-6.07E+00,0.244
-6.07E+00,0.256
-6.07E+00,0.248
-6.07E+00,0.256
-6.07E+00,0.244
-6.06E+00,0.24
-6.06E+00,0.26
-6.06E+00,0.248
-6.06E+00,0.252
-6.06E+00,0.248
-6.05E+00,0.248
-6.05E+00,0.244
-6.05E+00,0.256
-6.05E+00,0.252
-6.05E+00,0.252
-6.04E+00,0.252
-6.04E+00,0.252
-6.04E+00,0.24
-6.04E+00,0.248
-6.04E+00,0.252
-6.03E+00,0.248
-6.03E+00,0.256
-6.03E+00,0.248
-6.03E+00,0.248
-6.03E+00,0.252
-6.02E+00,0.244
-6.02E+00,0.252
-6.02E+00,0.248
-6.02E+00,0.256
-6.02E+00,0.256
-6.01E+00,0.252
-6.01E+00,0.244
-6.01E+00,0.252
-6.01E+00,0.248
-6.01E+00,0.252
-6.00E+00,0.252
-6.00E+00,0.252
-6.00E+00,0.256
-6.00E+00,0.252
-6.00E+00,0.252
-5.99E+00,0.252
-5.99E+00,0.24
-5.99E+00,0.244
-5.99E+00,0.248
-5.99E+00,0.256
-5.98E+00,0.24
-5.98E+00,0.252
-5.98E+00,0.252
-5.98E+00,0.252
-5.98E+00,0.256
-5.97E+00,0.248
-5.97E+00,0.26
-5.97E+00,0.248
-5.97E+00,0.244
-5.97E+00,0.248
-5.96E+00,0.256
-5.96E+00,0.248
-5.96E+00,0.244
-5.96E+00,0.24
-5.96E+00,0.244
-5.95E+00,0.236
-5.95E+00,0.26
-5.95E+00,0.24
-5.95E+00,0.256
-5.95E+00,0.244
-5.94E+00,0.256
-5.94E+00,0.248
-5.94E+00,0.252
-5.94E+00,0.252
-5.94E+00,0.24
-5.93E+00,0.256
-5.93E+00,0.244
-5.93E+00,0.256
-5.93E+00,0.264
-5.93E+00,0.256
-5.92E+00,0.252
-5.92E+00,0.244
-5.92E+00,0.248
-5.92E+00,0.252
-5.92E+00,0.24
-5.91E+00,0.24
-5.91E+00,0.248
-5.91E+00,0.248
-5.91E+00,0.24
-5.91E+00,0.252
-5.90E+00,0.244
-5.90E+00,0.252
-5.90E+00,0.24
-5.90E+00,0.248
-5.90E+00,0.244
-5.89E+00,0.252
-5.89E+00,0.252
-5.89E+00,0.256
-5.89E+00,0.248
-5.89E+00,0.256
-5.88E+00,0.256
-5.88E+00,0.26
-5.88E+00,0.252
-5.88E+00,0.244
-5.88E+00,0.26
-5.87E+00,0.244
-5.87E+00,0.244
-5.87E+00,0.252
-5.87E+00,0.252
-5.87E+00,0.244
-5.86E+00,0.248
-5.86E+00,0.252
-5.86E+00,0.248
-5.86E+00,0.256
-5.86E+00,0.252
-5.85E+00,0.248
-5.85E+00,0.248
-5.85E+00,0.24
-5.85E+00,0.252
-5.85E+00,0.252
-5.84E+00,0.252
-5.84E+00,0.248
-5.84E+00,0.244
-5.84E+00,0.244
-5.84E+00,0.244
-5.83E+00,0.24
-5.83E+00,0.252
-5.83E+00,0.264
-5.83E+00,0.248
-5.83E+00,0.248
-5.82E+00,0.252
-5.82E+00,0.244
-5.82E+00,0.248
-5.82E+00,0.252
-5.82E+00,0.252
-5.81E+00,0.244
-5.81E+00,0.244
-5.81E+00,0.252
-5.81E+00,0.252
-5.81E+00,0.244
-5.80E+00,0.256
-5.80E+00,0.252
-5.80E+00,0.252
-5.80E+00,0.248
-5.80E+00,0.244
-5.79E+00,0.252
-5.79E+00,0.24
-5.79E+00,0.248
-5.79E+00,0.244
-5.79E+00,0.256
-5.78E+00,0.252
-5.78E+00,0.248
-5.78E+00,0.248
-5.78E+00,0.248
-5.78E+00,0.244
-5.77E+00,0.248
-5.77E+00,0.252
-5.77E+00,0.24
-5.77E+00,0.252
-5.77E+00,0.24
-5.76E+00,0.252
-5.76E+00,0.252
-5.76E+00,0.252
-5.76E+00,0.252
-5.76E+00,0.244
-5.75E+00,0.244
-5.75E+00,0.256
-5.75E+00,0.26
-5.75E+00,0.248
-5.75E+00,0.248
-5.74E+00,0.252
-5.74E+00,0.256
-5.74E+00,0.252
-5.74E+00,0.248
-5.74E+00,0.248
-5.73E+00,0.264
-5.73E+00,0.244
-5.73E+00,0.252
-5.73E+00,0.26
-5.73E+00,0.252
-5.72E+00,0.252
-5.72E+00,0.256
-5.72E+00,0.252
-5.72E+00,0.252
-5.72E+00,0.252
-5.71E+00,0.26
-5.71E+00,0.252
-5.71E+00,0.256
-5.71E+00,0.244
-5.71E+00,0.248
-5.70E+00,0.248
-5.70E+00,0.252
-5.70E+00,0.26
-5.70E+00,0.252
-5.70E+00,0.252
-5.69E+00,0.252
-5.69E+00,0.252
-5.69E+00,0.256
-5.69E+00,0.256
-5.69E+00,0.256
-5.68E+00,0.248
-5.68E+00,0.256
-5.68E+00,0.256
-5.68E+00,0.26
-5.68E+00,0.252
-5.67E+00,0.248
-5.67E+00,0.252
-5.67E+00,0.252
-5.67E+00,0.256
-5.67E+00,0.252
-5.66E+00,0.252
-5.66E+00,0.252
-5.66E+00,0.252
-5.66E+00,0.252
-5.66E+00,0.256
-5.65E+00,0.248
-5.65E+00,0.252
-5.65E+00,0.264
-5.65E+00,0.256
-5.65E+00,0.252
-5.64E+00,0.252
-5.64E+00,0.256
-5.64E+00,0.252
-5.64E+00,0.256
-5.64E+00,0.26
-5.63E+00,0.252
-5.63E+00,0.256
-5.63E+00,0.252
-5.63E+00,0.256
-5.63E+00,0.248
-5.62E+00,0.252
-5.62E+00,0.256
-5.62E+00,0.244
-5.62E+00,0.252
-5.62E+00,0.26
-5.61E+00,0.252
-5.61E+00,0.248
-5.61E+00,0.256
-5.61E+00,0.248
-5.61E+00,0.248
-5.60E+00,0.256
-5.60E+00,0.244
-5.60E+00,0.26
-5.60E+00,0.244
-5.60E+00,0.256
-5.59E+00,0.24
-5.59E+00,0.248
-5.59E+00,0.248
-5.59E+00,0.252
-5.59E+00,0.26
-5.58E+00,0.252
-5.58E+00,0.248
-5.58E+00,0.248
-5.58E+00,0.24
-5.58E+00,0.248
-5.57E+00,0.248
-5.57E+00,0.252
-5.57E+00,0.256
-5.57E+00,0.244
-5.57E+00,0.256
-5.56E+00,0.248
-5.56E+00,0.252
-5.56E+00,0.244
-5.56E+00,0.248
-5.56E+00,0.248
-5.55E+00,0.26
-5.55E+00,0.256
-5.55E+00,0.24
-5.55E+00,0.248
-5.55E+00,0.256
-5.54E+00,0.244
-5.54E+00,0.252
-5.54E+00,0.252
-5.54E+00,0.252
-5.54E+00,0.244
-5.53E+00,0.232
-5.53E+00,0.256
-5.53E+00,0.252
-5.53E+00,0.24
-5.53E+00,0.252
-5.52E+00,0.252
-5.52E+00,0.24
-5.52E+00,0.24
-5.52E+00,0.244
-5.52E+00,0.252
-5.51E+00,0.24
-5.51E+00,0.248
-5.51E+00,0.248
-5.51E+00,0.24
-5.51E+00,0.24
-5.50E+00,0.248
-5.50E+00,0.248
-5.50E+00,0.24
-5.50E+00,0.244
-5.50E+00,0.252
-5.49E+00,0.248
-5.49E+00,0.252
-5.49E+00,0.252
-5.49E+00,0.256
-5.49E+00,0.24
-5.48E+00,0.256
-5.48E+00,0.24
-5.48E+00,0.244
-5.48E+00,0.244
-5.48E+00,0.252
-5.47E+00,0.244
-5.47E+00,0.232
-5.47E+00,0.256
-5.47E+00,0.248
-5.47E+00,0.248
-5.46E+00,0.236
-5.46E+00,0.248
-5.46E+00,0.252
-5.46E+00,0.252
-5.46E+00,0.24
-5.45E+00,0.248
-5.45E+00,0.248
-5.45E+00,0.24
-5.45E+00,0.252
-5.45E+00,0.24
-5.44E+00,0.252
-5.44E+00,0.244
-5.44E+00,0.244
-5.44E+00,0.232
-5.44E+00,0.252
-5.43E+00,0.244
-5.43E+00,0.24
-5.43E+00,0.232
-5.43E+00,0.236
-5.43E+00,0.24
-5.42E+00,0.24
-5.42E+00,0.252
-5.42E+00,0.24
-5.42E+00,0.252
-5.42E+00,0.252
-5.41E+00,0.24
-5.41E+00,0.24
-5.41E+00,0.256
-5.41E+00,0.252
-5.41E+00,0.252
-5.40E+00,0.244
-5.40E+00,0.26
-5.40E+00,0.244
-5.40E+00,0.244
-5.40E+00,0.26
-5.39E+00,0.216
-5.39E+00,0.236
-5.39E+00,0.252
-5.39E+00,0.244
-5.39E+00,0.256
-5.38E+00,0.252
-5.38E+00,0.256
-5.38E+00,0.252
-5.38E+00,0.252
-5.38E+00,0.236
-5.37E+00,0.252
-5.37E+00,0.256
-5.37E+00,0.252
-5.37E+00,0.248
-5.37E+00,0.248
-5.36E+00,0.252
-5.36E+00,0.244
-5.36E+00,0.244
-5.36E+00,0.248
-5.36E+00,0.248
-5.35E+00,0.26
-5.35E+00,0.24
-5.35E+00,0.248
-5.35E+00,0.252
-5.35E+00,0.252
-5.34E+00,0.248
-5.34E+00,0.252
-5.34E+00,0.252
-5.34E+00,0.256
-5.34E+00,0.252
-5.33E+00,0.248
-5.33E+00,0.26
-5.33E+00,0.248
-5.33E+00,0.252
-5.33E+00,0.26
-5.32E+00,0.244
-5.32E+00,0.244
-5.32E+00,0.256
-5.32E+00,0.24
-5.32E+00,0.252
-5.31E+00,0.24
-5.31E+00,0.252
-5.31E+00,0.252
-5.31E+00,0.244
-5.31E+00,0.252
-5.30E+00,0.24
-5.30E+00,0.26
-5.30E+00,0.244
-5.30E+00,0.244
-5.30E+00,0.244
-5.29E+00,0.236
-5.29E+00,0.248
-5.29E+00,0.244
-5.29E+00,0.248
-5.29E+00,0.256
-5.28E+00,0.252
-5.28E+00,0.244
-5.28E+00,0.236
-5.28E+00,0.252
-5.28E+00,0.244
-5.27E+00,0.248
-5.27E+00,0.256
-5.27E+00,0.248
-5.27E+00,0.252
-5.27E+00,0.252
-5.26E+00,0.252
-5.26E+00,0.24
-5.26E+00,0.236
-5.26E+00,0.252
-5.26E+00,0.248
-5.25E+00,0.256
-5.25E+00,0.248
-5.25E+00,0.252
-5.25E+00,0.24
-5.25E+00,0.248
-5.24E+00,0.252
-5.24E+00,0.244
-5.24E+00,0.244
-5.24E+00,0.248
-5.24E+00,0.244
-5.23E+00,0.24
-5.23E+00,0.244
-5.23E+00,0.248
-5.23E+00,0.24
-5.23E+00,0.248
-5.22E+00,0.244
-5.22E+00,0.252
-5.22E+00,0.244
-5.22E+00,0.244
-5.22E+00,0.244
-5.21E+00,0.244
-5.21E+00,0.252
-5.21E+00,0.252
-5.21E+00,0.244
-5.21E+00,0.248
-5.20E+00,0.244
-5.20E+00,0.244
-5.20E+00,0.252
-5.20E+00,0.24
-5.20E+00,0.24
-5.19E+00,0.244
-5.19E+00,0.236
-5.19E+00,0.24
-5.19E+00,0.244
-5.19E+00,0.248
-5.18E+00,0.244
-5.18E+00,0.24
-5.18E+00,0.244
-5.18E+00,0.252
-5.18E+00,0.236
-5.17E+00,0.244
-5.17E+00,0.24
-5.17E+00,0.244
-5.17E+00,0.244
-5.17E+00,0.248
-5.16E+00,0.24
-5.16E+00,0.252
-5.16E+00,0.24
-5.16E+00,0.24
-5.16E+00,0.236
-5.15E+00,0.256
-5.15E+00,0.24
-5.15E+00,0.24
-5.15E+00,0.248
-5.15E+00,0.252
-5.14E+00,0.244
-5.14E+00,0.24
-5.14E+00,0.248
-5.14E+00,0.248
-5.14E+00,0.248
-5.13E+00,0.248
-5.13E+00,0.248
-5.13E+00,0.248
-5.13E+00,0.244
-5.13E+00,0.24
-5.12E+00,0.244
-5.12E+00,0.24
-5.12E+00,0.248
-5.12E+00,0.252
-5.12E+00,0.248
-5.11E+00,0.244
-5.11E+00,0.24
-5.11E+00,0.248
-5.11E+00,0.24
-5.11E+00,0.28
-5.10E+00,0.24
-5.10E+00,0.244
-5.10E+00,0.256
-5.10E+00,0.252
-5.10E+00,0.248
-5.09E+00,0.248
-5.09E+00,0.244
-5.09E+00,0.248
-5.09E+00,0.24
-5.09E+00,0.24
-5.08E+00,0.252
-5.08E+00,0.248
-5.08E+00,0.24
-5.08E+00,0.24
-5.08E+00,0.236
-5.07E+00,0.248
-5.07E+00,0.24
-5.07E+00,0.244
-5.07E+00,0.232
-5.07E+00,0.248
-5.06E+00,0.244
-5.06E+00,0.24
-5.06E+00,0.24
-5.06E+00,0.252
-5.06E+00,0.236
-5.05E+00,0.248
-5.05E+00,0.24
-5.05E+00,0.248
-5.05E+00,0.252
-5.05E+00,0.244
-5.04E+00,0.24
-5.04E+00,0.244
-5.04E+00,0.24
-5.04E+00,0.252
-5.04E+00,0.248
-5.03E+00,0.24
-5.03E+00,0.244
-5.03E+00,0.248
-5.03E+00,0.252
-5.03E+00,0.24
-5.02E+00,0.248
-5.02E+00,0.24
-5.02E+00,0.252
-5.02E+00,0.248
-5.02E+00,0.244
-5.01E+00,0.252
-5.01E+00,0.248
-5.01E+00,0.24
-5.01E+00,0.252
-5.01E+00,0.252
-5.00E+00,0.24
-5.00E+00,0.236
-5.00E+00,0.24
-5.00E+00,0.252
-5.00E+00,0.244
-4.99E+00,0.244
-4.99E+00,0.24
-4.99E+00,0.248
-4.99E+00,0.244
-4.99E+00,0.244
-4.98E+00,0.248
-4.98E+00,0.244
-4.98E+00,0.248
-4.98E+00,0.244
-4.98E+00,0.24
-4.97E+00,0.24
-4.97E+00,0.244
-4.97E+00,0.24
-4.97E+00,0.244
-4.97E+00,0.244
-4.96E+00,0.244
-4.96E+00,0.248
-4.96E+00,0.248
-4.96E+00,0.236
-4.96E+00,0.248
-4.95E+00,0.252
-4.95E+00,0.24
-4.95E+00,0.244
-4.95E+00,0.244
-4.95E+00,0.24
-4.94E+00,0.248
-4.94E+00,0.24
-4.94E+00,0.24
-4.94E+00,0.24
-4.94E+00,0.252
-4.93E+00,0.24
-4.93E+00,0.236
-4.93E+00,0.244
-4.93E+00,0.256
-4.93E+00,0.244
-4.92E+00,0.24
-4.92E+00,0.252
-4.92E+00,0.244
-4.92E+00,0.248
-4.92E+00,0.252
-4.91E+00,0.248
-4.91E+00,0.244
-4.91E+00,0.248
-4.91E+00,0.248
-4.91E+00,0.232
-4.90E+00,0.24
-4.90E+00,0.236
-4.90E+00,0.252
-4.90E+00,0.244
-4.90E+00,0.248
-4.89E+00,0.236
-4.89E+00,0.248
-4.89E+00,0.244
-4.89E+00,0.248
-4.89E+00,0.244
-4.88E+00,0.244
-4.88E+00,0.244
-4.88E+00,0.24
-4.88E+00,0.244
-4.88E+00,0.244
-4.87E+00,0.244
-4.87E+00,0.244
-4.87E+00,0.248
-4.87E+00,0.236
-4.87E+00,0.244
-4.86E+00,0.244
-4.86E+00,0.244
-4.86E+00,0.24
-4.86E+00,0.248
-4.86E+00,0.24
-4.85E+00,0.244
-4.85E+00,0.248
-4.85E+00,0.244
-4.85E+00,0.24
-4.85E+00,0.244
-4.84E+00,0.24
-4.84E+00,0.24
-4.84E+00,0.24
-4.84E+00,0.24
-4.84E+00,0.256
-4.83E+00,0.24
-4.83E+00,0.244
-4.83E+00,0.244
-4.83E+00,0.24
-4.83E+00,0.248
-4.82E+00,0.244
-4.82E+00,0.236
-4.82E+00,0.244
-4.82E+00,0.248
-4.82E+00,0.244
-4.81E+00,0.24
-4.81E+00,0.252
-4.81E+00,0.252
-4.81E+00,0.24
-4.81E+00,0.244
-4.80E+00,0.248
-4.80E+00,0.248
-4.80E+00,0.24
-4.80E+00,0.24
-4.80E+00,0.24
-4.79E+00,0.244
-4.79E+00,0.24
-4.79E+00,0.24
-4.79E+00,0.236
-4.79E+00,0.24
-4.78E+00,0.244
-4.78E+00,0.256
-4.78E+00,0.252
-4.78E+00,0.24
-4.78E+00,0.244
-4.77E+00,0.244
-4.77E+00,0.248
-4.77E+00,0.236
-4.77E+00,0.24
-4.77E+00,0.248
-4.76E+00,0.24
-4.76E+00,0.248
-4.76E+00,0.24
-4.76E+00,0.236
-4.76E+00,0.24
-4.75E+00,0.24
-4.75E+00,0.24
-4.75E+00,0.24
-4.75E+00,0.244
-4.75E+00,0.244
-4.74E+00,0.232
-4.74E+00,0.236
-4.74E+00,0.252
-4.74E+00,0.244
-4.74E+00,0.248
-4.73E+00,0.236
-4.73E+00,0.24
-4.73E+00,0.244
-4.73E+00,0.24
-4.73E+00,0.244
-4.72E+00,0.244
-4.72E+00,0.24
-4.72E+00,0.232
-4.72E+00,0.24
-4.72E+00,0.244
-4.71E+00,0.252
-4.71E+00,0.232
-4.71E+00,0.248
-4.71E+00,0.244
-4.71E+00,0.256
-4.70E+00,0.24
-4.70E+00,0.252
-4.70E+00,0.24
-4.70E+00,0.232
-4.70E+00,0.24
-4.69E+00,0.248
-4.69E+00,0.236
-4.69E+00,0.244
-4.69E+00,0.24
-4.69E+00,0.248
-4.68E+00,0.244
-4.68E+00,0.24
-4.68E+00,0.24
-4.68E+00,0.24
-4.68E+00,0.236
-4.67E+00,0.244
-4.67E+00,0.252
-4.67E+00,0.24
-4.67E+00,0.244
-4.67E+00,0.244
-4.66E+00,0.244
-4.66E+00,0.24
-4.66E+00,0.244
-4.66E+00,0.24
-4.66E+00,0.24
-4.65E+00,0.248
-4.65E+00,0.252
-4.65E+00,0.24
-4.65E+00,0.24
-4.65E+00,0.248
-4.64E+00,0.22
-4.64E+00,0.236
-4.64E+00,0.232
-4.64E+00,0.244
-4.64E+00,0.252
-4.63E+00,0.236
-4.63E+00,0.24
-4.63E+00,0.236
-4.63E+00,0.24
-4.63E+00,0.224
-4.62E+00,0.248
-4.62E+00,0.252
-4.62E+00,0.244
-4.62E+00,0.248
-4.62E+00,0.248
-4.61E+00,0.24
-4.61E+00,0.244
-4.61E+00,0.244
-4.61E+00,0.244
-4.61E+00,0.24
-4.60E+00,0.24
-4.60E+00,0.248
-4.60E+00,0.24
-4.60E+00,0.232
-4.60E+00,0.236
-4.59E+00,0.232
-4.59E+00,0.244
-4.59E+00,0.236
-4.59E+00,0.236
-4.59E+00,0.248
-4.58E+00,0.24
-4.58E+00,0.24
-4.58E+00,0.244
-4.58E+00,0.256
-4.58E+00,0.24
-4.57E+00,0.24
-4.57E+00,0.244
-4.57E+00,0.24
-4.57E+00,0.252
-4.57E+00,0.24
-4.56E+00,0.24
-4.56E+00,0.24
-4.56E+00,0.236
-4.56E+00,0.248
-4.56E+00,0.24
-4.55E+00,0.24
-4.55E+00,0.232
-4.55E+00,0.24
-4.55E+00,0.228
-4.55E+00,0.24
-4.54E+00,0.24
-4.54E+00,0.244
-4.54E+00,0.236
-4.54E+00,0.24
-4.54E+00,0.244
-4.53E+00,0.248
-4.53E+00,0.232
-4.53E+00,0.232
-4.53E+00,0.244
-4.53E+00,0.236
-4.52E+00,0.228
-4.52E+00,0.24
-4.52E+00,0.24
-4.52E+00,0.24
-4.52E+00,0.24
-4.51E+00,0.236
-4.51E+00,0.24
-4.51E+00,0.24
-4.51E+00,0.252
-4.51E+00,0.24
-4.50E+00,0.24
-4.50E+00,0.244
-4.50E+00,0.24
-4.50E+00,0.244
-4.50E+00,0.24
-4.49E+00,0.236
-4.49E+00,0.236
-4.49E+00,0.236
-4.49E+00,0.236
-4.49E+00,0.24
-4.48E+00,0.248
-4.48E+00,0.244
-4.48E+00,0.24
-4.48E+00,0.24
-4.48E+00,0.236
-4.47E+00,0.252
-4.47E+00,0.236
-4.47E+00,0.26
-4.47E+00,0.24
-4.47E+00,0.24
-4.46E+00,0.24
-4.46E+00,0.236
-4.46E+00,0.24
-4.46E+00,0.236
-4.46E+00,0.248
-4.45E+00,0.24
-4.45E+00,0.24
-4.45E+00,0.236
-4.45E+00,0.236
-4.45E+00,0.236
-4.44E+00,0.236
-4.44E+00,0.248
-4.44E+00,0.236
-4.44E+00,0.248
-4.44E+00,0.24
-4.43E+00,0.24
-4.43E+00,0.24
-4.43E+00,0.24
-4.43E+00,0.236
-4.43E+00,0.24
-4.42E+00,0.256
-4.42E+00,0.24
-4.42E+00,0.24
-4.42E+00,0.244
-4.42E+00,0.24
-4.41E+00,0.244
-4.41E+00,0.24
-4.41E+00,0.244
-4.41E+00,0.244
-4.41E+00,0.24
-4.40E+00,0.24
-4.40E+00,0.236
-4.40E+00,0.248
-4.40E+00,0.232
-4.40E+00,0.236
-4.39E+00,0.24
-4.39E+00,0.24
-4.39E+00,0.232
-4.39E+00,0.244
-4.39E+00,0.236
-4.38E+00,0.24
-4.38E+00,0.24
-4.38E+00,0.236
-4.38E+00,0.248
-4.38E+00,0.248
-4.37E+00,0.26
-4.37E+00,0.236
-4.37E+00,0.236
-4.37E+00,0.236
-4.37E+00,0.268
-4.36E+00,0.24
-4.36E+00,0.232
-4.36E+00,0.236
-4.36E+00,0.24
-4.36E+00,0.236
-4.35E+00,0.228
-4.35E+00,0.24
-4.35E+00,0.24
-4.35E+00,0.248
-4.35E+00,0.24
-4.34E+00,0.236
-4.34E+00,0.256
-4.34E+00,0.24
-4.34E+00,0.24
-4.34E+00,0.24
-4.33E+00,0.232
-4.33E+00,0.236
-4.33E+00,0.236
-4.33E+00,0.248
-4.33E+00,0.24
-4.32E+00,0.248
-4.32E+00,0.24
-4.32E+00,0.248
-4.32E+00,0.24
-4.32E+00,0.236
-4.31E+00,0.24
-4.31E+00,0.24
-4.31E+00,0.24
-4.31E+00,0.248
-4.31E+00,0.224
-4.30E+00,0.24
-4.30E+00,0.244
-4.30E+00,0.236
-4.30E+00,0.244
-4.30E+00,0.24
-4.29E+00,0.244
-4.29E+00,0.244
-4.29E+00,0.236
-4.29E+00,0.24
-4.29E+00,0.244
-4.28E+00,0.236
-4.28E+00,0.24
-4.28E+00,0.236
-4.28E+00,0.24
-4.28E+00,0.232
-4.27E+00,0.24
-4.27E+00,0.232
-4.27E+00,0.236
-4.27E+00,0.24
-4.27E+00,0.24
-4.26E+00,0.24
-4.26E+00,0.24
-4.26E+00,0.24
-4.26E+00,0.24
-4.26E+00,0.244
-4.25E+00,0.26
-4.25E+00,0.236
-4.25E+00,0.24
-4.25E+00,0.24
-4.25E+00,0.232
-4.24E+00,0.232
-4.24E+00,0.248
-4.24E+00,0.248
-4.24E+00,0.236
-4.24E+00,0.24
-4.23E+00,0.236
-4.23E+00,0.236
-4.23E+00,0.236
-4.23E+00,0.244
-4.23E+00,0.24
-4.22E+00,0.24
-4.22E+00,0.24
-4.22E+00,0.248
-4.22E+00,0.24
-4.22E+00,0.236
-4.21E+00,0.24
-4.21E+00,0.244
-4.21E+00,0.236
-4.21E+00,0.24
-4.21E+00,0.244
-4.20E+00,0.228
-4.20E+00,0.24
-4.20E+00,0.24
-4.20E+00,0.24
-4.20E+00,0.236
-4.19E+00,0.236
-4.19E+00,0.232
-4.19E+00,0.24
-4.19E+00,0.24
-4.19E+00,0.24
-4.18E+00,0.228
-4.18E+00,0.256
-4.18E+00,0.228
-4.18E+00,0.24
-4.18E+00,0.232
-4.17E+00,0.24
-4.17E+00,0.236
-4.17E+00,0.24
-4.17E+00,0.236
-4.17E+00,0.232
-4.16E+00,0.24
-4.16E+00,0.24
-4.16E+00,0.24
-4.16E+00,0.244
-4.16E+00,0.252
-4.15E+00,0.244
-4.15E+00,0.24
-4.15E+00,0.24
-4.15E+00,0.24
-4.15E+00,0.24
-4.14E+00,0.232
-4.14E+00,0.236
-4.14E+00,0.228
-4.14E+00,0.232
-4.14E+00,0.24
-4.13E+00,0.24
-4.13E+00,0.236
-4.13E+00,0.228
-4.13E+00,0.232
-4.13E+00,0.228
-4.12E+00,0.232
-4.12E+00,0.232
-4.12E+00,0.24
-4.12E+00,0.24
-4.12E+00,0.24
-4.11E+00,0.236
-4.11E+00,0.236
-4.11E+00,0.232
-4.11E+00,0.232
-4.11E+00,0.236
-4.10E+00,0.236
-4.10E+00,0.236
-4.10E+00,0.24
-4.10E+00,0.232
-4.10E+00,0.22
-4.09E+00,0.24
-4.09E+00,0.236
-4.09E+00,0.232
-4.09E+00,0.252
-4.09E+00,0.236
-4.08E+00,0.224
-4.08E+00,0.232
-4.08E+00,0.232
-4.08E+00,0.236
-4.08E+00,0.236
-4.07E+00,0.236
-4.07E+00,0.24
-4.07E+00,0.236
-4.07E+00,0.232
-4.07E+00,0.232
-4.06E+00,0.236
-4.06E+00,0.232
-4.06E+00,0.232
-4.06E+00,0.228
-4.06E+00,0.24
-4.05E+00,0.236
-4.05E+00,0.236
-4.05E+00,0.24
-4.05E+00,0.236
-4.05E+00,0.24
-4.04E+00,0.236
-4.04E+00,0.26
-4.04E+00,0.24
-4.04E+00,0.236
-4.04E+00,0.24
-4.03E+00,0.24
-4.03E+00,0.24
-4.03E+00,0.236
-4.03E+00,0.232
-4.03E+00,0.232
-4.02E+00,0.224
-4.02E+00,0.236
-4.02E+00,0.228
-4.02E+00,0.24
-4.02E+00,0.24
-4.01E+00,0.24
-4.01E+00,0.24
-4.01E+00,0.236
-4.01E+00,0.232
-4.01E+00,0.236
-4.00E+00,0.236
-4.00E+00,0.24
-4.00E+00,0.24
-4.00E+00,0.236
-4.00E+00,0.248
-3.99E+00,0.236
-3.99E+00,0.244
-3.99E+00,0.236
-3.99E+00,0.232
-3.99E+00,0.24
-3.98E+00,0.208
-3.98E+00,0.24
-3.98E+00,0.24
-3.98E+00,0.24
-3.98E+00,0.236
-3.97E+00,0.24
-3.97E+00,0.244
-3.97E+00,0.228
-3.97E+00,0.232
-3.97E+00,0.24
-3.96E+00,0.236
-3.96E+00,0.24
-3.96E+00,0.236
-3.96E+00,0.236
-3.96E+00,0.24
-3.95E+00,0.24
-3.95E+00,0.244
-3.95E+00,0.224
-3.95E+00,0.24
-3.95E+00,0.244
-3.94E+00,0.24
-3.94E+00,0.244
-3.94E+00,0.24
-3.94E+00,0.236
-3.94E+00,0.236
-3.93E+00,0.24
-3.93E+00,0.232
-3.93E+00,0.236
-3.93E+00,0.24
-3.93E+00,0.236
-3.92E+00,0.244
-3.92E+00,0.24
-3.92E+00,0.232
-3.92E+00,0.24
-3.92E+00,0.236
-3.91E+00,0.232
-3.91E+00,0.24
-3.91E+00,0.236
-3.91E+00,0.228
-3.91E+00,0.24
-3.90E+00,0.24
-3.90E+00,0.236
-3.90E+00,0.232
-3.90E+00,0.232
-3.90E+00,0.236
-3.89E+00,0.24
-3.89E+00,0.24
-3.89E+00,0.232
-3.89E+00,0.24
-3.89E+00,0.236
-3.88E+00,0.232
-3.88E+00,0.232
-3.88E+00,0.232
-3.88E+00,0.24
-3.88E+00,0.232
-3.87E+00,0.244
-3.87E+00,0.252
-3.87E+00,0.24
-3.87E+00,0.232
-3.87E+00,0.236
-3.86E+00,0.24
-3.86E+00,0.232
-3.86E+00,0.24
-3.86E+00,0.24
-3.86E+00,0.24
-3.85E+00,0.232
-3.85E+00,0.24
-3.85E+00,0.236
-3.85E+00,0.248
-3.85E+00,0.24
-3.84E+00,0.24
-3.84E+00,0.224
-3.84E+00,0.232
-3.84E+00,0.232
-3.84E+00,0.232
-3.83E+00,0.232
-3.83E+00,0.228
-3.83E+00,0.24
-3.83E+00,0.228
-3.83E+00,0.24
-3.82E+00,0.24
-3.82E+00,0.24
-3.82E+00,0.232
-3.82E+00,0.236
-3.82E+00,0.236
-3.81E+00,0.236
-3.81E+00,0.236
-3.81E+00,0.224
-3.81E+00,0.236
-3.81E+00,0.24
-3.80E+00,0.236
-3.80E+00,0.232
-3.80E+00,0.24
-3.80E+00,0.236
-3.80E+00,0.224
-3.79E+00,0.236
-3.79E+00,0.228
-3.79E+00,0.236
-3.79E+00,0.24
-3.79E+00,0.24
-3.78E+00,0.228
-3.78E+00,0.232
-3.78E+00,0.252
-3.78E+00,0.232
-3.78E+00,0.232
-3.77E+00,0.24
-3.77E+00,0.232
-3.77E+00,0.232
-3.77E+00,0.232
-3.77E+00,0.236
-3.76E+00,0.228
-3.76E+00,0.236
-3.76E+00,0.228
-3.76E+00,0.24
-3.76E+00,0.24
-3.75E+00,0.228
-3.75E+00,0.236
-3.75E+00,0.236
-3.75E+00,0.224
-3.75E+00,0.24
-3.74E+00,0.24
-3.74E+00,0.232
-3.74E+00,0.236
-3.74E+00,0.236
-3.74E+00,0.236
-3.73E+00,0.24
-3.73E+00,0.236
-3.73E+00,0.228
-3.73E+00,0.228
-3.73E+00,0.24
-3.72E+00,0.232
-3.72E+00,0.232
-3.72E+00,0.232
-3.72E+00,0.24
-3.72E+00,0.236
-3.71E+00,0.24
-3.71E+00,0.24
-3.71E+00,0.236
-3.71E+00,0.232
-3.71E+00,0.232
-3.70E+00,0.228
-3.70E+00,0.232
-3.70E+00,0.236
-3.70E+00,0.232
-3.70E+00,0.236
-3.69E+00,0.232
-3.69E+00,0.236
-3.69E+00,0.24
-3.69E+00,0.24
-3.69E+00,0.24
-3.68E+00,0.236
-3.68E+00,0.232
-3.68E+00,0.232
-3.68E+00,0.24
-3.68E+00,0.228
-3.67E+00,0.232
-3.67E+00,0.24
-3.67E+00,0.236
-3.67E+00,0.232
-3.67E+00,0.24
-3.66E+00,0.24
-3.66E+00,0.232
-3.66E+00,0.24
-3.66E+00,0.232
-3.66E+00,0.236
-3.65E+00,0.232
-3.65E+00,0.232
-3.65E+00,0.24
-3.65E+00,0.232
-3.65E+00,0.224
-3.64E+00,0.232
-3.64E+00,0.24
-3.64E+00,0.232
-3.64E+00,0.236
-3.64E+00,0.232
-3.63E+00,0.236
-3.63E+00,0.24
-3.63E+00,0.228
-3.63E+00,0.228
-3.63E+00,0.228
-3.62E+00,0.232
-3.62E+00,0.232
-3.62E+00,0.232
-3.62E+00,0.236
-3.62E+00,0.236
-3.61E+00,0.232
-3.61E+00,0.228
-3.61E+00,0.228
-3.61E+00,0.232
-3.61E+00,0.232
-3.60E+00,0.228
-3.60E+00,0.232
-3.60E+00,0.232
-3.60E+00,0.216
-3.60E+00,0.236
-3.59E+00,0.228
-3.59E+00,0.232
-3.59E+00,0.24
-3.59E+00,0.228
-3.59E+00,0.224
-3.58E+00,0.24
-3.58E+00,0.228
-3.58E+00,0.236
-3.58E+00,0.232
-3.58E+00,0.232
-3.57E+00,0.24
-3.57E+00,0.236
-3.57E+00,0.224
-3.57E+00,0.24
-3.57E+00,0.232
-3.56E+00,0.236
-3.56E+00,0.24
-3.56E+00,0.232
-3.56E+00,0.232
-3.56E+00,0.224
-3.55E+00,0.244
-3.55E+00,0.236
-3.55E+00,0.232
-3.55E+00,0.224
-3.55E+00,0.228
-3.54E+00,0.236
-3.54E+00,0.232
-3.54E+00,0.232
-3.54E+00,0.224
-3.54E+00,0.232
-3.53E+00,0.232
-3.53E+00,0.228
-3.53E+00,0.24
-3.53E+00,0.224
-3.53E+00,0.224
-3.52E+00,0.228
-3.52E+00,0.228
-3.52E+00,0.228
-3.52E+00,0.22
-3.52E+00,0.224
-3.51E+00,0.232
-3.51E+00,0.236
-3.51E+00,0.232
-3.51E+00,0.236
-3.51E+00,0.236
-3.50E+00,0.216
-3.50E+00,0.232
-3.50E+00,0.232
-3.50E+00,0.232
-3.50E+00,0.228
-3.49E+00,0.228
-3.49E+00,0.236
-3.49E+00,0.228
-3.49E+00,0.232
-3.49E+00,0.236
-3.48E+00,0.22
-3.48E+00,0.228
-3.48E+00,0.232
-3.48E+00,0.232
-3.48E+00,0.232
-3.47E+00,0.232
-3.47E+00,0.232
-3.47E+00,0.232
-3.47E+00,0.224
-3.47E+00,0.228
-3.46E+00,0.232
-3.46E+00,0.232
-3.46E+00,0.236
-3.46E+00,0.232
-3.46E+00,0.228
-3.45E+00,0.232
-3.45E+00,0.236
-3.45E+00,0.228
-3.45E+00,0.224
-3.45E+00,0.232
-3.44E+00,0.224
-3.44E+00,0.224
-3.44E+00,0.228
-3.44E+00,0.224
-3.44E+00,0.224
-3.43E+00,0.224
-3.43E+00,0.232
-3.43E+00,0.24
-3.43E+00,0.228
-3.43E+00,0.22
-3.42E+00,0.224
-3.42E+00,0.224
-3.42E+00,0.232
-3.42E+00,0.232
-3.42E+00,0.228
-3.41E+00,0.224
-3.41E+00,0.236
-3.41E+00,0.216
-3.41E+00,0.216
-3.41E+00,0.228
-3.40E+00,0.232
-3.40E+00,0.224
-3.40E+00,0.232
-3.40E+00,0.228
-3.40E+00,0.232
-3.39E+00,0.232
-3.39E+00,0.232
-3.39E+00,0.236
-3.39E+00,0.232
-3.39E+00,0.212
-3.38E+00,0.228
-3.38E+00,0.228
-3.38E+00,0.232
-3.38E+00,0.236
-3.38E+00,0.232
-3.37E+00,0.228
-3.37E+00,0.228
-3.37E+00,0.224
-3.37E+00,0.236
-3.37E+00,0.232
-3.36E+00,0.232
-3.36E+00,0.232
-3.36E+00,0.232
-3.36E+00,0.22
-3.36E+00,0.22
-3.35E+00,0.22
-3.35E+00,0.228
-3.35E+00,0.232
-3.35E+00,0.224
-3.35E+00,0.236
-3.34E+00,0.232
-3.34E+00,0.224
-3.34E+00,0.228
-3.34E+00,0.224
-3.34E+00,0.24
-3.33E+00,0.22
-3.33E+00,0.228
-3.33E+00,0.232
-3.33E+00,0.232
-3.33E+00,0.228
-3.32E+00,0.228
-3.32E+00,0.212
-3.32E+00,0.232
-3.32E+00,0.228
-3.32E+00,0.228
-3.31E+00,0.244
-3.31E+00,0.232
-3.31E+00,0.224
-3.31E+00,0.232
-3.31E+00,0.224
-3.30E+00,0.232
-3.30E+00,0.236
-3.30E+00,0.228
-3.30E+00,0.224
-3.30E+00,0.232
-3.29E+00,0.224
-3.29E+00,0.22
-3.29E+00,0.232
-3.29E+00,0.224
-3.29E+00,0.208
-3.28E+00,0.228
-3.28E+00,0.22
-3.28E+00,0.228
-3.28E+00,0.232
-3.28E+00,0.24
-3.27E+00,0.228
-3.27E+00,0.22
-3.27E+00,0.232
-3.27E+00,0.224
-3.27E+00,0.236
-3.26E+00,0.224
-3.26E+00,0.236
-3.26E+00,0.232
-3.26E+00,0.232
-3.26E+00,0.22
-3.25E+00,0.236
-3.25E+00,0.224
-3.25E+00,0.22
-3.25E+00,0.228
-3.25E+00,0.232
-3.24E+00,0.232
-3.24E+00,0.224
-3.24E+00,0.228
-3.24E+00,0.228
-3.24E+00,0.24
-3.23E+00,0.208
-3.23E+00,0.224
-3.23E+00,0.224
-3.23E+00,0.224
-3.23E+00,0.22
-3.22E+00,0.224
-3.22E+00,0.232
-3.22E+00,0.236
-3.22E+00,0.224
-3.22E+00,0.224
-3.21E+00,0.232
-3.21E+00,0.22
-3.21E+00,0.224
-3.21E+00,0.232
-3.21E+00,0.22
-3.20E+00,0.22
-3.20E+00,0.224
-3.20E+00,0.228
-3.20E+00,0.228
-3.20E+00,0.228
-3.19E+00,0.224
-3.19E+00,0.22
-3.19E+00,0.228
-3.19E+00,0.228
-3.19E+00,0.224
-3.18E+00,0.224
-3.18E+00,0.232
-3.18E+00,0.22
-3.18E+00,0.228
-3.18E+00,0.228
-3.17E+00,0.224
-3.17E+00,0.228
-3.17E+00,0.22
-3.17E+00,0.224
-3.17E+00,0.224
-3.16E+00,0.22
-3.16E+00,0.224
-3.16E+00,0.22
-3.16E+00,0.224
-3.16E+00,0.236
-3.15E+00,0.224
-3.15E+00,0.22
-3.15E+00,0.224
-3.15E+00,0.22
-3.15E+00,0.224
-3.14E+00,0.236
-3.14E+00,0.228
-3.14E+00,0.22
-3.14E+00,0.212
-3.14E+00,0.224
-3.13E+00,0.204
-3.13E+00,0.232
-3.13E+00,0.228
-3.13E+00,0.224
-3.13E+00,0.224
-3.12E+00,0.216
-3.12E+00,0.228
-3.12E+00,0.216
-3.12E+00,0.22
-3.12E+00,0.22
-3.11E+00,0.216
-3.11E+00,0.22
-3.11E+00,0.22
-3.11E+00,0.224
-3.11E+00,0.232
-3.10E+00,0.228
-3.10E+00,0.232
-3.10E+00,0.216
-3.10E+00,0.22
-3.10E+00,0.224
-3.09E+00,0.224
-3.09E+00,0.232
-3.09E+00,0.224
-3.09E+00,0.22
-3.09E+00,0.212
-3.08E+00,0.224
-3.08E+00,0.224
-3.08E+00,0.22
-3.08E+00,0.216
-3.08E+00,0.224
-3.07E+00,0.22
-3.07E+00,0.22
-3.07E+00,0.22
-3.07E+00,0.208
-3.07E+00,0.22
-3.06E+00,0.22
-3.06E+00,0.224
-3.06E+00,0.224
-3.06E+00,0.22
-3.06E+00,0.22
-3.05E+00,0.228
-3.05E+00,0.24
-3.05E+00,0.22
-3.05E+00,0.22
-3.05E+00,0.212
-3.04E+00,0.224
-3.04E+00,0.22
-3.04E+00,0.228
-3.04E+00,0.228
-3.04E+00,0.216
-3.03E+00,0.224
-3.03E+00,0.216
-3.03E+00,0.216
-3.03E+00,0.22
-3.03E+00,0.22
-3.02E+00,0.232
-3.02E+00,0.22
-3.02E+00,0.224
-3.02E+00,0.216
-3.02E+00,0.22
-3.01E+00,0.228
-3.01E+00,0.228
-3.01E+00,0.224
-3.01E+00,0.224
-3.01E+00,0.228
-3.00E+00,0.224
-3.00E+00,0.22
-3.00E+00,0.224
-3.00E+00,0.224
-3.00E+00,0.216
-2.99E+00,0.224
-2.99E+00,0.224
-2.99E+00,0.228
-2.99E+00,0.228
-2.99E+00,0.224
-2.98E+00,0.228
-2.98E+00,0.224
-2.98E+00,0.22
-2.98E+00,0.216
-2.98E+00,0.212
-2.97E+00,0.224
-2.97E+00,0.224
-2.97E+00,0.216
-2.97E+00,0.224
-2.97E+00,0.22
-2.96E+00,0.228
-2.96E+00,0.22
-2.96E+00,0.22
-2.96E+00,0.216
-2.96E+00,0.212
-2.95E+00,0.22
-2.95E+00,0.224
-2.95E+00,0.208
-2.95E+00,0.224
-2.95E+00,0.224
-2.94E+00,0.224
-2.94E+00,0.224
-2.94E+00,0.22
-2.94E+00,0.224
-2.94E+00,0.208
-2.93E+00,0.216
-2.93E+00,0.232
-2.93E+00,0.224
-2.93E+00,0.216
-2.93E+00,0.212
-2.92E+00,0.228
-2.92E+00,0.212
-2.92E+00,0.22
-2.92E+00,0.22
-2.92E+00,0.212
-2.91E+00,0.224
-2.91E+00,0.22
-2.91E+00,0.22
-2.91E+00,0.22
-2.91E+00,0.22
-2.90E+00,0.22
-2.90E+00,0.224
-2.90E+00,0.216
-2.90E+00,0.224
-2.90E+00,0.22
-2.89E+00,0.216
-2.89E+00,0.22
-2.89E+00,0.212
-2.89E+00,0.22
-2.89E+00,0.224
-2.88E+00,0.208
-2.88E+00,0.184
-2.88E+00,0.224
-2.88E+00,0.216
-2.88E+00,0.216
-2.87E+00,0.216
-2.87E+00,0.216
-2.87E+00,0.22
-2.87E+00,0.22
-2.87E+00,0.22
-2.86E+00,0.216
-2.86E+00,0.216
-2.86E+00,0.22
-2.86E+00,0.224
-2.86E+00,0.216
-2.85E+00,0.216
-2.85E+00,0.212
-2.85E+00,0.22
-2.85E+00,0.228
-2.85E+00,0.224
-2.84E+00,0.22
-2.84E+00,0.212
-2.84E+00,0.216
-2.84E+00,0.212
-2.84E+00,0.216
-2.83E+00,0.22
-2.83E+00,0.216
-2.83E+00,0.212
-2.83E+00,0.216
-2.83E+00,0.216
-2.82E+00,0.212
-2.82E+00,0.22
-2.82E+00,0.212
-2.82E+00,0.224
-2.82E+00,0.22
-2.81E+00,0.216
-2.81E+00,0.236
-2.81E+00,0.208
-2.81E+00,0.228
-2.81E+00,0.216
-2.80E+00,0.224
-2.80E+00,0.22
-2.80E+00,0.216
-2.80E+00,0.22
-2.80E+00,0.212
-2.79E+00,0.216
-2.79E+00,0.22
-2.79E+00,0.212
-2.79E+00,0.204
-2.79E+00,0.212
-2.78E+00,0.22
-2.78E+00,0.212
-2.78E+00,0.224
-2.78E+00,0.22
-2.78E+00,0.22
-2.77E+00,0.212
-2.77E+00,0.212
-2.77E+00,0.212
-2.77E+00,0.224
-2.77E+00,0.216
-2.76E+00,0.224
-2.76E+00,0.212
-2.76E+00,0.22
-2.76E+00,0.22
-2.76E+00,0.216
-2.75E+00,0.216
-2.75E+00,0.208
-2.75E+00,0.216
-2.75E+00,0.212
-2.75E+00,0.224
-2.74E+00,0.22
-2.74E+00,0.212
-2.74E+00,0.216
-2.74E+00,0.224
-2.74E+00,0.212
-2.73E+00,0.228
-2.73E+00,0.224
-2.73E+00,0.228
-2.73E+00,0.224
-2.73E+00,0.216
-2.72E+00,0.212
-2.72E+00,0.216
-2.72E+00,0.22
-2.72E+00,0.212
-2.72E+00,0.22
-2.71E+00,0.212
-2.71E+00,0.212
-2.71E+00,0.216
-2.71E+00,0.212
-2.71E+00,0.22
-2.70E+00,0.212
-2.70E+00,0.212
-2.70E+00,0.216
-2.70E+00,0.212
-2.70E+00,0.216
-2.69E+00,0.216
-2.69E+00,0.216
-2.69E+00,0.22
-2.69E+00,0.216
-2.69E+00,0.224
-2.68E+00,0.212
-2.68E+00,0.216
-2.68E+00,0.232
-2.68E+00,0.208
-2.68E+00,0.208
-2.67E+00,0.216
-2.67E+00,0.216
-2.67E+00,0.22
-2.67E+00,0.208
-2.67E+00,0.22
-2.66E+00,0.224
-2.66E+00,0.216
-2.66E+00,0.208
-2.66E+00,0.22
-2.66E+00,0.2
-2.65E+00,0.212
-2.65E+00,0.22
-2.65E+00,0.212
-2.65E+00,0.212
-2.65E+00,0.212
-2.64E+00,0.22
-2.64E+00,0.216
-2.64E+00,0.216
-2.64E+00,0.212
-2.64E+00,0.216
-2.63E+00,0.216
-2.63E+00,0.216
-2.63E+00,0.208
-2.63E+00,0.216
-2.63E+00,0.216
-2.62E+00,0.216
-2.62E+00,0.216
-2.62E+00,0.212
-2.62E+00,0.22
-2.62E+00,0.216
-2.61E+00,0.212
-2.61E+00,0.196
-2.61E+00,0.224
-2.61E+00,0.212
-2.61E+00,0.216
-2.60E+00,0.204
-2.60E+00,0.212
-2.60E+00,0.212
-2.60E+00,0.216
-2.60E+00,0.212
-2.59E+00,0.212
-2.59E+00,0.208
-2.59E+00,0.212
-2.59E+00,0.196
-2.59E+00,0.2
-2.58E+00,0.212
-2.58E+00,0.212
-2.58E+00,0.208
-2.58E+00,0.212
-2.58E+00,0.208
-2.57E+00,0.22
-2.57E+00,0.216
-2.57E+00,0.212
-2.57E+00,0.204
-2.57E+00,0.2
-2.56E+00,0.212
-2.56E+00,0.216
-2.56E+00,0.212
-2.56E+00,0.216
-2.56E+00,0.212
-2.55E+00,0.22
-2.55E+00,0.208
-2.55E+00,0.208
-2.55E+00,0.204
-2.55E+00,0.216
-2.54E+00,0.208
-2.54E+00,0.204
-2.54E+00,0.216
-2.54E+00,0.208
-2.54E+00,0.22
-2.53E+00,0.224
-2.53E+00,0.212
-2.53E+00,0.208
-2.53E+00,0.208
-2.53E+00,0.212
-2.52E+00,0.208
-2.52E+00,0.212
-2.52E+00,0.212
-2.52E+00,0.212
-2.52E+00,0.212
-2.51E+00,0.216
-2.51E+00,0.208
-2.51E+00,0.216
-2.51E+00,0.208
-2.51E+00,0.208
-2.50E+00,0.212
-2.50E+00,0.212
-2.50E+00,0.2
-2.50E+00,0.212
-2.50E+00,0.196
-2.49E+00,0.208
-2.49E+00,0.208
-2.49E+00,0.212
-2.49E+00,0.22
-2.49E+00,0.216
-2.48E+00,0.212
-2.48E+00,0.2
-2.48E+00,0.212
-2.48E+00,0.224
-2.48E+00,0.212
-2.47E+00,0.212
-2.47E+00,0.216
-2.47E+00,0.212
-2.47E+00,0.212
-2.47E+00,0.212
-2.46E+00,0.2
-2.46E+00,0.204
-2.46E+00,0.212
-2.46E+00,0.208
-2.46E+00,0.216
-2.45E+00,0.22
-2.45E+00,0.212
-2.45E+00,0.2
-2.45E+00,0.208
-2.45E+00,0.204
-2.44E+00,0.22
-2.44E+00,0.204
-2.44E+00,0.204
-2.44E+00,0.2
-2.44E+00,0.212
-2.43E+00,0.188
-2.43E+00,0.204
-2.43E+00,0.208
-2.43E+00,0.208
-2.43E+00,0.208
-2.42E+00,0.208
-2.42E+00,0.212
-2.42E+00,0.22
-2.42E+00,0.208
-2.42E+00,0.196
-2.41E+00,0.208
-2.41E+00,0.208
-2.41E+00,0.216
-2.41E+00,0.208
-2.41E+00,0.204
-2.40E+00,0.212
-2.40E+00,0.208
-2.40E+00,0.224
-2.40E+00,0.212
-2.40E+00,0.208
-2.39E+00,0.208
-2.39E+00,0.208
-2.39E+00,0.204
-2.39E+00,0.204
-2.39E+00,0.2
-2.38E+00,0.204
-2.38E+00,0.212
-2.38E+00,0.208
-2.38E+00,0.208
-2.38E+00,0.204
-2.37E+00,0.208
-2.37E+00,0.212
-2.37E+00,0.208
-2.37E+00,0.2
-2.37E+00,0.2
-2.36E+00,0.208
-2.36E+00,0.22
-2.36E+00,0.212
-2.36E+00,0.208
-2.36E+00,0.208
-2.35E+00,0.22
-2.35E+00,0.208
-2.35E+00,0.204
-2.35E+00,0.204
-2.35E+00,0.208
-2.34E+00,0.2
-2.34E+00,0.208
-2.34E+00,0.2
-2.34E+00,0.212
-2.34E+00,0.204
-2.33E+00,0.2
-2.33E+00,0.212
-2.33E+00,0.2
-2.33E+00,0.204
-2.33E+00,0.204
-2.32E+00,0.208
-2.32E+00,0.204
-2.32E+00,0.212
-2.32E+00,0.204
-2.32E+00,0.212
-2.31E+00,0.204
-2.31E+00,0.212
-2.31E+00,0.22
-2.31E+00,0.208
-2.31E+00,0.2
-2.30E+00,0.212
-2.30E+00,0.216
-2.30E+00,0.204
-2.30E+00,0.208
-2.30E+00,0.212
-2.29E+00,0.22
-2.29E+00,0.204
-2.29E+00,0.2
-2.29E+00,0.2
-2.29E+00,0.204
-2.28E+00,0.204
-2.28E+00,0.2
-2.28E+00,0.208
-2.28E+00,0.196
-2.28E+00,0.22
-2.27E+00,0.208
-2.27E+00,0.2
-2.27E+00,0.204
-2.27E+00,0.212
-2.27E+00,0.204
-2.26E+00,0.2
-2.26E+00,0.208
-2.26E+00,0.212
-2.26E+00,0.208
-2.26E+00,0.208
-2.25E+00,0.204
-2.25E+00,0.212
-2.25E+00,0.2
-2.25E+00,0.212
-2.25E+00,0.204
-2.24E+00,0.212
-2.24E+00,0.204
-2.24E+00,0.212
-2.24E+00,0.208
-2.24E+00,0.2
-2.23E+00,0.196
-2.23E+00,0.196
-2.23E+00,0.22
-2.23E+00,0.196
-2.23E+00,0.212
-2.22E+00,0.204
-2.22E+00,0.208
-2.22E+00,0.2
-2.22E+00,0.204
-2.22E+00,0.204
-2.21E+00,0.212
-2.21E+00,0.204
-2.21E+00,0.22
-2.21E+00,0.212
-2.21E+00,0.204
-2.20E+00,0.2
-2.20E+00,0.204
-2.20E+00,0.196
-2.20E+00,0.204
-2.20E+00,0.204
-2.19E+00,0.196
-2.19E+00,0.2
-2.19E+00,0.2
-2.19E+00,0.204
-2.19E+00,0.2
-2.18E+00,0.2
-2.18E+00,0.2
-2.18E+00,0.2
-2.18E+00,0.2
-2.18E+00,0.208
-2.17E+00,0.196
-2.17E+00,0.2
-2.17E+00,0.204
-2.17E+00,0.2
-2.17E+00,0.196
-2.16E+00,0.212
-2.16E+00,0.204
-2.16E+00,0.196
-2.16E+00,0.204
-2.16E+00,0.212
-2.15E+00,0.204
-2.15E+00,0.204
-2.15E+00,0.192
-2.15E+00,0.2
-2.15E+00,0.192
-2.14E+00,0.2
-2.14E+00,0.2
-2.14E+00,0.204
-2.14E+00,0.2
-2.14E+00,0.2
-2.13E+00,0.192
-2.13E+00,0.196
-2.13E+00,0.204
-2.13E+00,0.204
-2.13E+00,0.204
-2.12E+00,0.204
-2.12E+00,0.192
-2.12E+00,0.204
-2.12E+00,0.2
-2.12E+00,0.204
-2.11E+00,0.196
-2.11E+00,0.204
-2.11E+00,0.18
-2.11E+00,0.2
-2.11E+00,0.2
-2.10E+00,0.196
-2.10E+00,0.204
-2.10E+00,0.192
-2.10E+00,0.204
-2.10E+00,0.2
-2.09E+00,0.216
-2.09E+00,0.2
-2.09E+00,0.192
-2.09E+00,0.196
-2.09E+00,0.208
-2.08E+00,0.192
-2.08E+00,0.196
-2.08E+00,0.2
-2.08E+00,0.208
-2.08E+00,0.204
-2.07E+00,0.208
-2.07E+00,0.2
-2.07E+00,0.192
-2.07E+00,0.196
-2.07E+00,0.196
-2.06E+00,0.204
-2.06E+00,0.2
-2.06E+00,0.196
-2.06E+00,0.196
-2.06E+00,0.188
-2.05E+00,0.192
-2.05E+00,0.196
-2.05E+00,0.196
-2.05E+00,0.208
-2.05E+00,0.204
-2.04E+00,0.196
-2.04E+00,0.196
-2.04E+00,0.188
-2.04E+00,0.2
-2.04E+00,0.196
-2.03E+00,0.196
-2.03E+00,0.196
-2.03E+00,0.204
-2.03E+00,0.188
-2.03E+00,0.2
-2.02E+00,0.192
-2.02E+00,0.208
-2.02E+00,0.196
-2.02E+00,0.2
-2.02E+00,0.196
-2.01E+00,0.188
-2.01E+00,0.196
-2.01E+00,0.204
-2.01E+00,0.196
-2.01E+00,0.196
-2.00E+00,0.192
-2.00E+00,0.192
-2.00E+00,0.2
-2.00E+00,0.204
-2.00E+00,0.192
-1.99E+00,0.204
-1.99E+00,0.18
-1.99E+00,0.192
-1.99E+00,0.196
-1.99E+00,0.188
-1.98E+00,0.192
-1.98E+00,0.204
-1.98E+00,0.192
-1.98E+00,0.188
-1.98E+00,0.196
-1.97E+00,0.196
-1.97E+00,0.196
-1.97E+00,0.192
-1.97E+00,0.192
-1.97E+00,0.176
-1.96E+00,0.192
-1.96E+00,0.196
-1.96E+00,0.184
-1.96E+00,0.184
-1.96E+00,0.192
-1.95E+00,0.196
-1.95E+00,0.204
-1.95E+00,0.208
-1.95E+00,0.192
-1.95E+00,0.2
-1.94E+00,0.196
-1.94E+00,0.192
-1.94E+00,0.2
-1.94E+00,0.192
-1.94E+00,0.204
-1.93E+00,0.196
-1.93E+00,0.196
-1.93E+00,0.192
-1.93E+00,0.188
-1.93E+00,0.188
-1.92E+00,0.184
-1.92E+00,0.188
-1.92E+00,0.2
-1.92E+00,0.196
-1.92E+00,0.196
-1.91E+00,0.192
-1.91E+00,0.192
-1.91E+00,0.184
-1.91E+00,0.196
-1.91E+00,0.192
-1.90E+00,0.184
-1.90E+00,0.196
-1.90E+00,0.188
-1.90E+00,0.192
-1.90E+00,0.184
-1.89E+00,0.188
-1.89E+00,0.192
-1.89E+00,0.196
-1.89E+00,0.196
-1.89E+00,0.2
-1.88E+00,0.192
-1.88E+00,0.188
-1.88E+00,0.188
-1.88E+00,0.192
-1.88E+00,0.184
-1.87E+00,0.204
-1.87E+00,0.192
-1.87E+00,0.188
-1.87E+00,0.176
-1.87E+00,0.192
-1.86E+00,0.188
-1.86E+00,0.2
-1.86E+00,0.188
-1.86E+00,0.18
-1.86E+00,0.188
-1.85E+00,0.188
-1.85E+00,0.192
-1.85E+00,0.196
-1.85E+00,0.196
-1.85E+00,0.2
-1.84E+00,0.192
-1.84E+00,0.184
-1.84E+00,0.188
-1.84E+00,0.188
-1.84E+00,0.196
-1.83E+00,0.188
-1.83E+00,0.184
-1.83E+00,0.184
-1.83E+00,0.188
-1.83E+00,0.188
-1.82E+00,0.184
-1.82E+00,0.184
-1.82E+00,0.188
-1.82E+00,0.188
-1.82E+00,0.192
-1.81E+00,0.188
-1.81E+00,0.188
-1.81E+00,0.192
-1.81E+00,0.18
-1.81E+00,0.196
-1.80E+00,0.188
-1.80E+00,0.192
-1.80E+00,0.192
-1.80E+00,0.188
-1.80E+00,0.188
-1.79E+00,0.188
-1.79E+00,0.188
-1.79E+00,0.172
-1.79E+00,0.204
-1.79E+00,0.184
-1.78E+00,0.188
-1.78E+00,0.192
-1.78E+00,0.18
-1.78E+00,0.188
-1.78E+00,0.184
-1.77E+00,0.18
-1.77E+00,0.204
-1.77E+00,0.192
-1.77E+00,0.18
-1.77E+00,0.188
-1.76E+00,0.18
-1.76E+00,0.18
-1.76E+00,0.184
-1.76E+00,0.18
-1.76E+00,0.188
-1.75E+00,0.188
-1.75E+00,0.184
-1.75E+00,0.18
-1.75E+00,0.184
-1.75E+00,0.18
-1.74E+00,0.188
-1.74E+00,0.192
-1.74E+00,0.18
-1.74E+00,0.192
-1.74E+00,0.18
-1.73E+00,0.184
-1.73E+00,0.176
-1.73E+00,0.18
-1.73E+00,0.18
-1.73E+00,0.188
-1.72E+00,0.188
-1.72E+00,0.188
-1.72E+00,0.188
-1.72E+00,0.184
-1.72E+00,0.176
-1.71E+00,0.184
-1.71E+00,0.184
-1.71E+00,0.18
-1.71E+00,0.18
-1.71E+00,0.184
-1.70E+00,0.18
-1.70E+00,0.176
-1.70E+00,0.18
-1.70E+00,0.176
-1.70E+00,0.184
-1.69E+00,0.188
-1.69E+00,0.176
-1.69E+00,0.18
-1.69E+00,0.176
-1.69E+00,0.18
-1.68E+00,0.18
-1.68E+00,0.184
-1.68E+00,0.184
-1.68E+00,0.184
-1.68E+00,0.188
-1.67E+00,0.18
-1.67E+00,0.192
-1.67E+00,0.184
-1.67E+00,0.176
-1.67E+00,0.184
-1.66E+00,0.18
-1.66E+00,0.184
-1.66E+00,0.176
-1.66E+00,0.176
-1.66E+00,0.176
-1.65E+00,0.176
-1.65E+00,0.188
-1.65E+00,0.176
-1.65E+00,0.176
-1.65E+00,0.18
-1.64E+00,0.184
-1.64E+00,0.18
-1.64E+00,0.18
-1.64E+00,0.188
-1.64E+00,0.176
-1.63E+00,0.184
-1.63E+00,0.184
-1.63E+00,0.168
-1.63E+00,0.18
-1.63E+00,0.172
-1.62E+00,0.18
-1.62E+00,0.176
-1.62E+00,0.176
-1.62E+00,0.176
-1.62E+00,0.18
-1.61E+00,0.18
-1.61E+00,0.176
-1.61E+00,0.172
-1.61E+00,0.188
-1.61E+00,0.184
-1.60E+00,0.168
-1.60E+00,0.16
-1.60E+00,0.156
-1.60E+00,0.172
-1.60E+00,0.184
-1.59E+00,0.184
-1.59E+00,0.18
-1.59E+00,0.18
-1.59E+00,0.168
-1.59E+00,0.184
-1.58E+00,0.18
-1.58E+00,0.176
-1.58E+00,0.172
-1.58E+00,0.18
-1.58E+00,0.168
-1.57E+00,0.18
-1.57E+00,0.176
-1.57E+00,0.172
-1.57E+00,0.18
-1.57E+00,0.172
-1.56E+00,0.172
-1.56E+00,0.18
-1.56E+00,0.172
-1.56E+00,0.176
-1.56E+00,0.176
-1.55E+00,0.168
-1.55E+00,0.18
-1.55E+00,0.176
-1.55E+00,0.176
-1.55E+00,0.168
-1.54E+00,0.184
-1.54E+00,0.18
-1.54E+00,0.176
-1.54E+00,0.18
-1.54E+00,0.168
-1.53E+00,0.18
-1.53E+00,0.176
-1.53E+00,0.18
-1.53E+00,0.18
-1.53E+00,0.176
-1.52E+00,0.172
-1.52E+00,0.172
-1.52E+00,0.176
-1.52E+00,0.168
-1.52E+00,0.176
-1.51E+00,0.18
-1.51E+00,0.176
-1.51E+00,0.168
-1.51E+00,0.176
-1.51E+00,0.172
-1.50E+00,0.168
-1.50E+00,0.176
-1.50E+00,0.176
-1.50E+00,0.176
-1.50E+00,0.172
-1.49E+00,0.172
-1.49E+00,0.168
-1.49E+00,0.168
-1.49E+00,0.164
-1.49E+00,0.18
-1.48E+00,0.176
-1.48E+00,0.16
-1.48E+00,0.168
-1.48E+00,0.168
-1.48E+00,0.164
-1.47E+00,0.172
-1.47E+00,0.168
-1.47E+00,0.176
-1.47E+00,0.156
-1.47E+00,0.164
-1.46E+00,0.164
-1.46E+00,0.168
-1.46E+00,0.168
-1.46E+00,0.16
-1.46E+00,0.168
-1.45E+00,0.176
-1.45E+00,0.168
-1.45E+00,0.164
-1.45E+00,0.192
-1.45E+00,0.168
-1.44E+00,0.168
-1.44E+00,0.16
-1.44E+00,0.168
-1.44E+00,0.172
-1.44E+00,0.168
-1.43E+00,0.176
-1.43E+00,0.164
-1.43E+00,0.156
-1.43E+00,0.18
-1.43E+00,0.164
-1.42E+00,0.164
-1.42E+00,0.16
-1.42E+00,0.176
-1.42E+00,0.168
-1.42E+00,0.168
-1.41E+00,0.164
-1.41E+00,0.164
-1.41E+00,0.16
-1.41E+00,0.16
-1.41E+00,0.16
-1.40E+00,0.164
-1.40E+00,0.168
-1.40E+00,0.168
-1.40E+00,0.164
-1.40E+00,0.16
-1.39E+00,0.16
-1.39E+00,0.164
-1.39E+00,0.168
-1.39E+00,0.156
-1.39E+00,0.16
-1.38E+00,0.164
-1.38E+00,0.172
-1.38E+00,0.16
-1.38E+00,0.152
-1.38E+00,0.164
-1.37E+00,0.164
-1.37E+00,0.164
-1.37E+00,0.164
-1.37E+00,0.16
-1.37E+00,0.168
-1.36E+00,0.156
-1.36E+00,0.16
-1.36E+00,0.156
-1.36E+00,0.152
-1.36E+00,0.164
-1.35E+00,0.16
-1.35E+00,0.156
-1.35E+00,0.16
-1.35E+00,0.168
-1.35E+00,0.164
-1.34E+00,0.164
-1.34E+00,0.16
-1.34E+00,0.156
-1.34E+00,0.164
-1.34E+00,0.156
-1.33E+00,0.164
-1.33E+00,0.16
-1.33E+00,0.156
-1.33E+00,0.156
-1.33E+00,0.164
-1.32E+00,0.16
-1.32E+00,0.172
-1.32E+00,0.164
-1.32E+00,0.16
-1.32E+00,0.164
-1.31E+00,0.16
-1.31E+00,0.156
-1.31E+00,0.168
-1.31E+00,0.156
-1.31E+00,0.16
-1.30E+00,0.156
-1.30E+00,0.16
-1.30E+00,0.152
-1.30E+00,0.16
-1.30E+00,0.16
-1.29E+00,0.148
-1.29E+00,0.148
-1.29E+00,0.16
-1.29E+00,0.164
-1.29E+00,0.156
-1.28E+00,0.16
-1.28E+00,0.148
-1.28E+00,0.16
-1.28E+00,0.156
-1.28E+00,0.164
-1.27E+00,0.152
-1.27E+00,0.152
-1.27E+00,0.16
-1.27E+00,0.148
-1.27E+00,0.156
-1.26E+00,0.152
-1.26E+00,0.148
-1.26E+00,0.148
-1.26E+00,0.148
-1.26E+00,0.164
-1.25E+00,0.156
-1.25E+00,0.152
-1.25E+00,0.156
-1.25E+00,0.148
-1.25E+00,0.144
-1.24E+00,0.148
-1.24E+00,0.152
-1.24E+00,0.152
-1.24E+00,0.16
-1.24E+00,0.156
-1.23E+00,0.152
-1.23E+00,0.172
-1.23E+00,0.148
-1.23E+00,0.144
-1.23E+00,0.156
-1.22E+00,0.152
-1.22E+00,0.152
-1.22E+00,0.156
-1.22E+00,0.16
-1.22E+00,0.144
-1.21E+00,0.148
-1.21E+00,0.152
-1.21E+00,0.16
-1.21E+00,0.16
-1.21E+00,0.156
-1.20E+00,0.148
-1.20E+00,0.144
-1.20E+00,0.148
-1.20E+00,0.148
-1.20E+00,0.148
-1.19E+00,0.152
-1.19E+00,0.152
-1.19E+00,0.16
-1.19E+00,0.156
-1.19E+00,0.14
-1.18E+00,0.152
-1.18E+00,0.144
-1.18E+00,0.132
-1.18E+00,0.144
-1.18E+00,0.14
-1.17E+00,0.144
-1.17E+00,0.152
-1.17E+00,0.148
-1.17E+00,0.144
-1.17E+00,0.148
-1.16E+00,0.144
-1.16E+00,0.14
-1.16E+00,0.144
-1.16E+00,0.152
-1.16E+00,0.148
-1.15E+00,0.144
-1.15E+00,0.152
-1.15E+00,0.136
-1.15E+00,0.156
-1.15E+00,0.148
-1.14E+00,0.144
-1.14E+00,0.144
-1.14E+00,0.152
-1.14E+00,0.14
-1.14E+00,0.144
-1.13E+00,0.14
-1.13E+00,0.152
-1.13E+00,0.144
-1.13E+00,0.152
-1.13E+00,0.14
-1.12E+00,0.14
-1.12E+00,0.136
-1.12E+00,0.144
-1.12E+00,0.148
-1.12E+00,0.144
-1.11E+00,0.144
-1.11E+00,0.136
-1.11E+00,0.136
-1.11E+00,0.14
-1.11E+00,0.148
-1.10E+00,0.144
-1.10E+00,0.136
-1.10E+00,0.144
-1.10E+00,0.14
-1.10E+00,0.144
-1.09E+00,0.148
-1.09E+00,0.136
-1.09E+00,0.144
-1.09E+00,0.14
-1.09E+00,0.14
-1.08E+00,0.148
-1.08E+00,0.14
-1.08E+00,0.152
-1.08E+00,0.152
-1.08E+00,0.136
-1.07E+00,0.132
-1.07E+00,0.148
-1.07E+00,0.14
-1.07E+00,0.144
-1.07E+00,0.14
-1.06E+00,0.136
-1.06E+00,0.144
-1.06E+00,0.136
-1.06E+00,0.148
-1.06E+00,0.14
-1.05E+00,0.144
-1.05E+00,0.144
-1.05E+00,0.136
-1.05E+00,0.136
-1.05E+00,0.148
-1.04E+00,0.14
-1.04E+00,0.14
-1.04E+00,0.128
-1.04E+00,0.136
-1.04E+00,0.128
-1.03E+00,0.14
-1.03E+00,0.156
-1.03E+00,0.144
-1.03E+00,0.144
-1.03E+00,0.128
-1.02E+00,0.144
-1.02E+00,0.144
-1.02E+00,0.132
-1.02E+00,0.144
-1.02E+00,0.136
-1.01E+00,0.144
-1.01E+00,0.136
-1.01E+00,0.14
-1.01E+00,0.136
-1.01E+00,0.128
-1.00E+00,0.132
-1.00E+00,0.136
-1.00E+00,0.136
-9.98E-01,0.144
-9.96E-01,0.14
-9.94E-01,0.156
-9.92E-01,0.136
-9.90E-01,0.132
-9.88E-01,0.128
-9.86E-01,0.16
-9.84E-01,0.132
-9.82E-01,0.128
-9.80E-01,0.136
-9.78E-01,0.14
-9.76E-01,0.144
-9.74E-01,0.128
-9.72E-01,0.132
-9.70E-01,0.136
-9.68E-01,0.132
-9.66E-01,0.132
-9.64E-01,0.136
-9.62E-01,0.132
-9.60E-01,0.128
-9.58E-01,0.116
-9.56E-01,0.124
-9.54E-01,0.136
-9.52E-01,0.128
-9.50E-01,0.132
-9.48E-01,0.128
-9.46E-01,0.132
-9.44E-01,0.136
-9.42E-01,0.132
-9.40E-01,0.128
-9.38E-01,0.12
-9.36E-01,0.132
-9.34E-01,0.14
-9.32E-01,0.132
-9.30E-01,0.128
-9.28E-01,0.124
-9.26E-01,0.136
-9.24E-01,0.12
-9.22E-01,0.128
-9.20E-01,0.132
-9.18E-01,0.124
-9.16E-01,0.116
-9.14E-01,0.124
-9.12E-01,0.128
-9.10E-01,0.128
-9.08E-01,0.116
-9.06E-01,0.124
-9.04E-01,0.132
-9.02E-01,0.124
-9.00E-01,0.132
-8.98E-01,0.12
-8.96E-01,0.136
-8.94E-01,0.124
-8.92E-01,0.124
-8.90E-01,0.136
-8.88E-01,0.128
-8.86E-01,0.128
-8.84E-01,0.128
-8.82E-01,0.132
-8.80E-01,0.136
-8.78E-01,0.128
-8.76E-01,0.128
-8.74E-01,0.128
-8.72E-01,0.124
-8.70E-01,0.128
-8.68E-01,0.128
-8.66E-01,0.124
-8.64E-01,0.124
-8.62E-01,0.124
-8.60E-01,0.132
-8.58E-01,0.128
-8.56E-01,0.124
-8.54E-01,0.132
-8.52E-01,0.12
-8.50E-01,0.128
-8.48E-01,0.128
-8.46E-01,0.112
-8.44E-01,0.12
-8.42E-01,0.128
-8.40E-01,0.124
-8.38E-01,0.124
-8.36E-01,0.12
-8.34E-01,0.12
-8.32E-01,0.124
-8.30E-01,0.124
-8.28E-01,0.124
-8.26E-01,0.124
-8.24E-01,0.116
-8.22E-01,0.124
-8.20E-01,0.124
-8.18E-01,0.132
-8.16E-01,0.124
-8.14E-01,0.12
-8.12E-01,0.112
-8.10E-01,0.116
-8.08E-01,0.164
-8.06E-01,0.128
-8.04E-01,0.116
-8.02E-01,0.128
-8.00E-01,0.12
-7.98E-01,0.116
-7.96E-01,0.116
-7.94E-01,0.124
-7.92E-01,0.124
-7.90E-01,0.12
-7.88E-01,0.116
-7.86E-01,0.124
-7.84E-01,0.124
-7.82E-01,0.112
-7.80E-01,0.116
-7.78E-01,0.112
-7.76E-01,0.124
-7.74E-01,0.112
-7.72E-01,0.112
-7.70E-01,0.116
-7.68E-01,0.116
-7.66E-01,0.112
-7.64E-01,0.116
-7.62E-01,0.112
-7.60E-01,0.128
-7.58E-01,0.124
-7.56E-01,0.116
-7.54E-01,0.116
-7.52E-01,0.112
-7.50E-01,0.12
-7.48E-01,0.12
-7.46E-01,0.116
-7.44E-01,0.124
-7.42E-01,0.12
-7.40E-01,0.116
-7.38E-01,0.112
-7.36E-01,0.12
-7.34E-01,0.112
-7.32E-01,0.112
-7.30E-01,0.112
-7.28E-01,0.116
-7.26E-01,0.12
-7.24E-01,0.116
-7.22E-01,0.112
-7.20E-01,0.112
-7.18E-01,0.112
-7.16E-01,0.108
-7.14E-01,0.096
-7.12E-01,0.116
-7.10E-01,0.116
-7.08E-01,0.128
-7.06E-01,0.112
-7.04E-01,0.112
-7.02E-01,0.116
-7.00E-01,0.116
-6.98E-01,0.108
-6.96E-01,0.116
-6.94E-01,0.108
-6.92E-01,0.108
-6.90E-01,0.112
-6.88E-01,0.112
-6.86E-01,0.108
-6.84E-01,0.116
-6.82E-01,0.116
-6.80E-01,0.112
-6.78E-01,0.1
-6.76E-01,0.108
-6.74E-01,0.116
-6.72E-01,0.108
-6.70E-01,0.1
-6.68E-01,0.112
-6.66E-01,0.104
-6.64E-01,0.112
-6.62E-01,0.108
-6.60E-01,0.12
-6.58E-01,0.108
-6.56E-01,0.116
-6.54E-01,0.116
-6.52E-01,0.112
-6.50E-01,0.108
-6.48E-01,0.112
-6.46E-01,0.12
-6.44E-01,0.112
-6.42E-01,0.116
-6.40E-01,0.088
-6.38E-01,0.112
-6.36E-01,0.112
-6.34E-01,0.108
-6.32E-01,0.108
-6.30E-01,0.124
-6.28E-01,0.108
-6.26E-01,0.104
-6.24E-01,0.112
-6.22E-01,0.104
-6.20E-01,0.104
-6.18E-01,0.104
-6.16E-01,0.116
-6.14E-01,0.108
-6.12E-01,0.088
-6.10E-01,0.104
-6.08E-01,0.108
-6.06E-01,0.108
-6.04E-01,0.108
-6.02E-01,0.104
-6.00E-01,0.104
-5.98E-01,0.1
-5.96E-01,0.12
-5.94E-01,0.112
-5.92E-01,0.112
-5.90E-01,0.104
-5.88E-01,0.108
-5.86E-01,0.108
-5.84E-01,0.096
-5.82E-01,0.1
-5.80E-01,0.112
-5.78E-01,0.104
-5.76E-01,0.116
-5.74E-01,0.108
-5.72E-01,0.104
-5.70E-01,0.1
-5.68E-01,0.104
-5.66E-01,0.104
-5.64E-01,0.104
-5.62E-01,0.108
-5.60E-01,0.104
-5.58E-01,0.096
-5.56E-01,0.092
-5.54E-01,0.1
-5.52E-01,0.104
-5.50E-01,0.108
-5.48E-01,0.1
-5.46E-01,0.1
-5.44E-01,0.112
-5.42E-01,0.1
-5.40E-01,0.1
-5.38E-01,0.104
-5.36E-01,0.104
-5.34E-01,0.104
-5.32E-01,0.108
-5.30E-01,0.104
-5.28E-01,0.112
-5.26E-01,0.104
-5.24E-01,0.1
-5.22E-01,0.108
-5.20E-01,0.104
-5.18E-01,0.104
-5.16E-01,0.104
-5.14E-01,0.108
-5.12E-01,0.112
-5.10E-01,0.1
-5.08E-01,0.116
-5.06E-01,0.104
-5.04E-01,0.1
-5.02E-01,0.1
-5.00E-01,0.112
-4.98E-01,0.096
-4.96E-01,0.104
-4.94E-01,0.088
-4.92E-01,0.112
-4.90E-01,0.112
-4.88E-01,0.12
-4.86E-01,0.1
-4.84E-01,0.096
-4.82E-01,0.096
-4.80E-01,0.092
-4.78E-01,0.1
-4.76E-01,0.112
-4.74E-01,0.092
-4.72E-01,0.1
-4.70E-01,0.1
-4.68E-01,0.096
-4.66E-01,0.104
-4.64E-01,0.108
-4.62E-01,0.096
-4.60E-01,0.104
-4.58E-01,0.112
-4.56E-01,0.1
-4.54E-01,0.1
-4.52E-01,0.096
-4.50E-01,0.1
-4.48E-01,0.096
-4.46E-01,0.108
-4.44E-01,0.092
-4.42E-01,0.092
-4.40E-01,0.1
-4.38E-01,0.104
-4.36E-01,0.104
-4.34E-01,0.092
-4.32E-01,0.096
-4.30E-01,0.108
-4.28E-01,0.104
-4.26E-01,0.104
-4.24E-01,0.096
-4.22E-01,0.092
-4.20E-01,0.092
-4.18E-01,0.1
-4.16E-01,0.092
-4.14E-01,0.096
-4.12E-01,0.108
-4.10E-01,0.104
-4.08E-01,0.104
-4.06E-01,0.096
-4.04E-01,0.092
-4.02E-01,0.096
-4.00E-01,0.108
-3.98E-01,0.1
-3.96E-01,0.096
-3.94E-01,0.108
-3.92E-01,0.112
-3.90E-01,0.1
-3.88E-01,0.104
-3.86E-01,0.076
-3.84E-01,0.1
-3.82E-01,0.104
-3.80E-01,0.1
-3.78E-01,0.088
-3.76E-01,0.092
-3.74E-01,0.096
-3.72E-01,0.108
-3.70E-01,0.092
-3.68E-01,0.12
-3.66E-01,0.108
-3.64E-01,0.096
-3.62E-01,0.092
-3.60E-01,0.096
-3.58E-01,0.1
-3.56E-01,0.092
-3.54E-01,0.104
-3.52E-01,0.1
-3.50E-01,0.092
-3.48E-01,0.096
-3.46E-01,0.096
-3.44E-01,0.092
-3.42E-01,0.096
-3.40E-01,0.1
-3.38E-01,0.088
-3.36E-01,0.088
-3.34E-01,0.092
-3.32E-01,0.108
-3.30E-01,0.108
-3.28E-01,0.096
-3.26E-01,0.092
-3.24E-01,0.1
-3.22E-01,0.1
-3.20E-01,0.096
-3.18E-01,0.1
-3.16E-01,0.1
-3.14E-01,0.112
-3.12E-01,0.104
-3.10E-01,0.096
-3.08E-01,0.1
-3.06E-01,0.1
-3.04E-01,0.1
-3.02E-01,0.1
-3.00E-01,0.092
-2.98E-01,0.088
-2.96E-01,0.1
-2.94E-01,0.096
-2.92E-01,0.104
-2.90E-01,0.1
-2.88E-01,0.096
-2.86E-01,0.092
-2.84E-01,0.1
-2.82E-01,0.104
-2.80E-01,0.1
-2.78E-01,0.092
-2.76E-01,0.092
-2.74E-01,0.108
-2.72E-01,0.104
-2.70E-01,0.104
-2.68E-01,0.104
-2.66E-01,0.092
-2.64E-01,0.104
-2.62E-01,0.1
-2.60E-01,0.096
-2.58E-01,0.096
-2.56E-01,0.112
-2.54E-01,0.104
-2.52E-01,0.12
-2.50E-01,0.092
-2.48E-01,0.104
-2.46E-01,0.104
-2.44E-01,0.096
-2.42E-01,0.092
-2.40E-01,0.092
-2.38E-01,0.1
-2.36E-01,0.104
-2.34E-01,0.092
-2.32E-01,0.096
-2.30E-01,0.096
-2.28E-01,0.096
-2.26E-01,0.104
-2.24E-01,0.1
-2.22E-01,0.1
-2.20E-01,0.096
-2.18E-01,0.104
-2.16E-01,0.104
-2.14E-01,0.1
-2.12E-01,0.088
-2.10E-01,0.112
-2.08E-01,0.1
-2.06E-01,0.1
-2.04E-01,0.104
-2.02E-01,0.096
-2.00E-01,0.112
-1.98E-01,0.096
-1.96E-01,0.1
-1.94E-01,0.104
-1.92E-01,0.092
-1.90E-01,0.104
-1.88E-01,0.104
-1.86E-01,0.096
-1.84E-01,0.1
-1.82E-01,0.116
-1.80E-01,0.104
-1.78E-01,0.096
-1.76E-01,0.096
-1.74E-01,0.108
-1.72E-01,0.108
-1.70E-01,0.108
-1.68E-01,0.1
-1.66E-01,0.104
-1.64E-01,0.1
-1.62E-01,0.1
-1.60E-01,0.096
-1.58E-01,0.096
-1.56E-01,0.096
-1.54E-01,0.112
-1.52E-01,0.112
-1.50E-01,0.112
-1.48E-01,0.104
-1.46E-01,0.1
-1.44E-01,0.104
-1.42E-01,0.1
-1.40E-01,0.104
-1.38E-01,0.1
-1.36E-01,0.112
-1.34E-01,0.112
-1.32E-01,0.096
-1.30E-01,0.112
-1.28E-01,0.104
-1.26E-01,0.104
-1.24E-01,0.1
-1.22E-01,0.112
-1.20E-01,0.108
-1.18E-01,0.112
-1.16E-01,0.1
-1.14E-01,0.088
-1.12E-01,0.096
-1.10E-01,0.112
-1.08E-01,0.112
-1.06E-01,0.104
-1.04E-01,0.1
-1.02E-01,0.096
-1.00E-01,0.096
-9.80E-02,0.112
-9.60E-02,0.104
-9.40E-02,0.1
-9.20E-02,0.092
-9.00E-02,0.108
-8.80E-02,0.104
-8.60E-02,0.112
-8.40E-02,0.1
-8.20E-02,0.112
-8.00E-02,0.112
-7.80E-02,0.112
-7.60E-02,0.104
-7.40E-02,0.108
-7.20E-02,0.108
-7.00E-02,0.104
-6.80E-02,0.112
-6.60E-02,0.108
-6.40E-02,0.112
-6.20E-02,0.096
-6.00E-02,0.104
-5.80E-02,0.104
-5.60E-02,0.112
-5.40E-02,0.108
-5.20E-02,0.108
-5.00E-02,0.104
-4.80E-02,0.104
-4.60E-02,0.12
-4.40E-02,0.116
-4.20E-02,0.112
-4.00E-02,0.112
-3.80E-02,0.116
-3.60E-02,0.112
-3.40E-02,0.108
-3.20E-02,0.112
-3.00E-02,0.12
-2.80E-02,0.116
-2.60E-02,0.116
-2.40E-02,0.112
-2.20E-02,0.108
-2.00E-02,0.104
-1.80E-02,0.112
-1.60E-02,0.112
-1.40E-02,0.104
-1.20E-02,0.116
-1.00E-02,0.108
-8.00E-03,0.104
-6.00E-03,0.108
-4.00E-03,0.108
-2.00E-03,0.112
8.00E-15,0.112
2.00E-03,0.108
4.00E-03,0.112
6.00E-03,0.116
8.00E-03,0.112
1.00E-02,0.112
1.20E-02,0.124
1.40E-02,0.108
1.60E-02,0.116
1.80E-02,0.112
2.00E-02,0.112
2.20E-02,0.116
2.40E-02,0.128
2.60E-02,0.12
2.80E-02,0.12
3.00E-02,0.116
3.20E-02,0.12
3.40E-02,0.108
3.60E-02,0.108
3.80E-02,0.112
4.00E-02,0.12
4.20E-02,0.12
4.40E-02,0.124
4.60E-02,0.12
4.80E-02,0.116
5.00E-02,0.12
5.20E-02,0.116
5.40E-02,0.112
5.60E-02,0.116
5.80E-02,0.112
6.00E-02,0.116
6.20E-02,0.124
6.40E-02,0.116
6.60E-02,0.116
6.80E-02,0.132
7.00E-02,0.12
7.20E-02,0.124
7.40E-02,0.132
7.60E-02,0.12
7.80E-02,0.112
8.00E-02,0.12
8.20E-02,0.116
8.40E-02,0.12
8.60E-02,0.124
8.80E-02,0.128
9.00E-02,0.116
9.20E-02,0.128
9.40E-02,0.116
9.60E-02,0.116
9.80E-02,0.12
1.00E-01,0.124
1.02E-01,0.12
1.04E-01,0.124
1.06E-01,0.124
1.08E-01,0.116
1.10E-01,0.116
1.12E-01,0.116
1.14E-01,0.124
1.16E-01,0.124
1.18E-01,0.128
1.20E-01,0.124
1.22E-01,0.124
1.24E-01,0.124
1.26E-01,0.128
1.28E-01,0.128
1.30E-01,0.124
1.32E-01,0.124
1.34E-01,0.128
1.36E-01,0.128
1.38E-01,0.124
1.40E-01,0.14
1.42E-01,0.124
1.44E-01,0.128
1.46E-01,0.124
1.48E-01,0.128
1.50E-01,0.124
1.52E-01,0.128
1.54E-01,0.128
1.56E-01,0.136
1.58E-01,0.128
1.60E-01,0.12
1.62E-01,0.12
1.64E-01,0.132
1.66E-01,0.132
1.68E-01,0.132
1.70E-01,0.128
1.72E-01,0.128
1.74E-01,0.128
1.76E-01,0.132
1.78E-01,0.136
1.80E-01,0.128
1.82E-01,0.136
1.84E-01,0.132
1.86E-01,0.164
1.88E-01,0.132
1.90E-01,0.132
1.92E-01,0.132
1.94E-01,0.136
1.96E-01,0.136
1.98E-01,0.128
2.00E-01,0.136
2.02E-01,0.132
2.04E-01,0.128
2.06E-01,0.124
2.08E-01,0.132
2.10E-01,0.14
2.12E-01,0.136
2.14E-01,0.124
2.16E-01,0.14
2.18E-01,0.14
2.20E-01,0.128
2.22E-01,0.14
2.24E-01,0.14
2.26E-01,0.132
2.28E-01,0.14
2.30E-01,0.128
2.32E-01,0.128
2.34E-01,0.128
2.36E-01,0.136
2.38E-01,0.14
2.40E-01,0.14
2.42E-01,0.136
2.44E-01,0.148
2.46E-01,0.136
2.48E-01,0.152
2.50E-01,0.144
2.52E-01,0.168
2.54E-01,0.132
2.56E-01,0.136
2.58E-01,0.136
2.60E-01,0.132
2.62E-01,0.14
2.64E-01,0.152
2.66E-01,0.14
2.68E-01,0.14
2.70E-01,0.14
2.72E-01,0.14
2.74E-01,0.14
2.76E-01,0.144
2.78E-01,0.14
2.80E-01,0.148
2.82E-01,0.148
2.84E-01,0.152
2.86E-01,0.14
2.88E-01,0.144
2.90E-01,0.144
2.92E-01,0.144
2.94E-01,0.148
2.96E-01,0.148
2.98E-01,0.14
3.00E-01,0.156
3.02E-01,0.144
3.04E-01,0.148
3.06E-01,0.144
3.08E-01,0.144
3.10E-01,0.156
3.12E-01,0.152
3.14E-01,0.152
3.16E-01,0.152
3.18E-01,0.148
3.20E-01,0.152
3.22E-01,0.156
3.24E-01,0.144
3.26E-01,0.156
3.28E-01,0.168
3.30E-01,0.152
3.32E-01,0.144
3.34E-01,0.136
3.36E-01,0.144
3.38E-01,0.152
3.40E-01,0.152
3.42E-01,0.148
3.44E-01,0.152
3.46E-01,0.148
3.48E-01,0.152
3.50E-01,0.144
3.52E-01,0.148
3.54E-01,0.152
3.56E-01,0.14
3.58E-01,0.148
3.60E-01,0.148
3.62E-01,0.156
3.64E-01,0.144
3.66E-01,0.144
3.68E-01,0.148
3.70E-01,0.152
3.72E-01,0.148
3.74E-01,0.148
3.76E-01,0.144
3.78E-01,0.156
3.80E-01,0.156
3.82E-01,0.144
3.84E-01,0.156
3.86E-01,0.16
3.88E-01,0.156
3.90E-01,0.16
3.92E-01,0.148
3.94E-01,0.16
3.96E-01,0.168
3.98E-01,0.148
4.00E-01,0.156
4.02E-01,0.152
4.04E-01,0.136
4.06E-01,0.16
4.08E-01,0.16
4.10E-01,0.152
4.12E-01,0.156
4.14E-01,0.156
4.16E-01,0.164
4.18E-01,0.144
4.20E-01,0.164
4.22E-01,0.16
4.24E-01,0.16
4.26E-01,0.156
4.28E-01,0.156
4.30E-01,0.156
4.32E-01,0.152
4.34E-01,0.164
4.36E-01,0.152
4.38E-01,0.16
4.40E-01,0.148
4.42E-01,0.152
4.44E-01,0.156
4.46E-01,0.16
4.48E-01,0.156
4.50E-01,0.156
4.52E-01,0.16
4.54E-01,0.164
4.56E-01,0.152
4.58E-01,0.16
4.60E-01,0.164
4.62E-01,0.156
4.64E-01,0.164
4.66E-01,0.152
4.68E-01,0.164
4.70E-01,0.156
4.72E-01,0.164
4.74E-01,0.156
4.76E-01,0.164
4.78E-01,0.172
4.80E-01,0.164
4.82E-01,0.16
4.84E-01,0.164
4.86E-01,0.152
4.88E-01,0.16
4.90E-01,0.16
4.92E-01,0.16
4.94E-01,0.164
4.96E-01,0.164
4.98E-01,0.156
5.00E-01,0.172
5.02E-01,0.164
5.04E-01,0.156
5.06E-01,0.16
5.08E-01,0.172
5.10E-01,0.16
5.12E-01,0.164
5.14E-01,0.168
5.16E-01,0.16
5.18E-01,0.16
5.20E-01,0.164
5.22E-01,0.164
5.24E-01,0.164
5.26E-01,0.164
5.28E-01,0.168
5.30E-01,0.168
5.32E-01,0.156
5.34E-01,0.168
5.36E-01,0.168
5.38E-01,0.168
5.40E-01,0.176
5.42E-01,0.176
5.44E-01,0.168
5.46E-01,0.16
5.48E-01,0.164
5.50E-01,0.164
5.52E-01,0.176
5.54E-01,0.168
5.56E-01,0.16
5.58E-01,0.16
5.60E-01,0.16
5.62E-01,0.168
5.64E-01,0.168
5.66E-01,0.172
5.68E-01,0.168
5.70E-01,0.16
5.72E-01,0.172
5.74E-01,0.172
5.76E-01,0.164
5.78E-01,0.176
5.80E-01,0.164
5.82E-01,0.168
5.84E-01,0.164
5.86E-01,0.168
5.88E-01,0.164
5.90E-01,0.168
5.92E-01,0.164
5.94E-01,0.168
5.96E-01,0.168
5.98E-01,0.164
6.00E-01,0.16
6.02E-01,0.164
6.04E-01,0.168
6.06E-01,0.168
6.08E-01,0.172
6.10E-01,0.164
6.12E-01,0.16
6.14E-01,0.176
6.16E-01,0.172
6.18E-01,0.176
6.20E-01,0.164
6.22E-01,0.168
6.24E-01,0.164
6.26E-01,0.192
6.28E-01,0.156
6.30E-01,0.172
6.32E-01,0.172
6.34E-01,0.172
6.36E-01,0.172
6.38E-01,0.164
6.40E-01,0.168
6.42E-01,0.168
6.44E-01,0.16
6.46E-01,0.172
6.48E-01,0.176
6.50E-01,0.172
6.52E-01,0.176
6.54E-01,0.176
6.56E-01,0.168
6.58E-01,0.168
6.60E-01,0.168
6.62E-01,0.176
6.64E-01,0.168
6.66E-01,0.172
6.68E-01,0.176
6.70E-01,0.176
6.72E-01,0.164
6.74E-01,0.168
6.76E-01,0.168
6.78E-01,0.168
6.80E-01,0.172
6.82E-01,0.168
6.84E-01,0.168
6.86E-01,0.168
6.88E-01,0.172
6.90E-01,0.172
6.92E-01,0.168
6.94E-01,0.18
6.96E-01,0.172
6.98E-01,0.164
7.00E-01,0.176
7.02E-01,0.176
7.04E-01,0.164
7.06E-01,0.168
7.08E-01,0.168
7.10E-01,0.176
7.12E-01,0.156
7.14E-01,0.208
7.16E-01,0.176
7.18E-01,0.176
7.20E-01,0.18
7.22E-01,0.172
7.24E-01,0.168
7.26E-01,0.164
7.28E-01,0.168
7.30E-01,0.168
7.32E-01,0.176
7.34E-01,0.176
7.36E-01,0.172
7.38E-01,0.168
7.40E-01,0.176
7.42E-01,0.168
7.44E-01,0.168
7.46E-01,0.176
7.48E-01,0.176
7.50E-01,0.172
7.52E-01,0.172
7.54E-01,0.168
7.56E-01,0.172
7.58E-01,0.176
7.60E-01,0.18
7.62E-01,0.176
7.64E-01,0.18
7.66E-01,0.172
7.68E-01,0.184
7.70E-01,0.172
7.72E-01,0.18
7.74E-01,0.176
7.76E-01,0.176
7.78E-01,0.184
7.80E-01,0.18
7.82E-01,0.172
7.84E-01,0.172
7.86E-01,0.172
7.88E-01,0.184
7.90E-01,0.176
7.92E-01,0.18
7.94E-01,0.176
7.96E-01,0.18
7.98E-01,0.18
8.00E-01,0.176
8.02E-01,0.176
8.04E-01,0.18
8.06E-01,0.18
8.08E-01,0.176
8.10E-01,0.18
8.12E-01,0.176
8.14E-01,0.172
8.16E-01,0.164
8.18E-01,0.18
8.20E-01,0.176
8.22E-01,0.176
8.24E-01,0.18
8.26E-01,0.184
8.28E-01,0.18
8.30E-01,0.18
8.32E-01,0.184
8.34E-01,0.184
8.36E-01,0.176
8.38E-01,0.18
8.40E-01,0.172
8.42E-01,0.176
8.44E-01,0.18
8.46E-01,0.18
8.48E-01,0.168
8.50E-01,0.18
8.52E-01,0.188
8.54E-01,0.184
8.56E-01,0.176
8.58E-01,0.18
8.60E-01,0.176
8.62E-01,0.18
8.64E-01,0.172
8.66E-01,0.18
8.68E-01,0.172
8.70E-01,0.18
8.72E-01,0.204
8.74E-01,0.18
8.76E-01,0.18
8.78E-01,0.184
8.80E-01,0.192
8.82E-01,0.184
8.84E-01,0.16
8.86E-01,0.192
8.88E-01,0.18
8.90E-01,0.18
8.92E-01,0.176
8.94E-01,0.188
8.96E-01,0.176
8.98E-01,0.176
9.00E-01,0.176
9.02E-01,0.184
9.04E-01,0.172
9.06E-01,0.18
9.08E-01,0.188
9.10E-01,0.18
9.12E-01,0.188
9.14E-01,0.18
9.16E-01,0.184
9.18E-01,0.188
9.20E-01,0.184
9.22E-01,0.18
9.24E-01,0.196
9.26E-01,0.196
9.28E-01,0.188
9.30E-01,0.172
9.32E-01,0.188
9.34E-01,0.188
9.36E-01,0.188
9.38E-01,0.18
9.40E-01,0.184
9.42E-01,0.188
9.44E-01,0.176
9.46E-01,0.188
9.48E-01,0.18
9.50E-01,0.184
9.52E-01,0.188
9.54E-01,0.164
9.56E-01,0.176
9.58E-01,0.192
9.60E-01,0.184
9.62E-01,0.192
9.64E-01,0.172
9.66E-01,0.188
9.68E-01,0.184
9.70E-01,0.188
9.72E-01,0.18
9.74E-01,0.184
9.76E-01,0.188
9.78E-01,0.188
9.80E-01,0.18
9.82E-01,0.18
9.84E-01,0.176
9.86E-01,0.196
9.88E-01,0.18
9.90E-01,0.188
9.92E-01,0.18
9.94E-01,0.188
9.96E-01,0.184
9.98E-01,0.18
1.00E+00,0.18
1.00E+00,0.188
1.00E+00,0.192
1.01E+00,0.18
1.01E+00,0.18
1.01E+00,0.176
1.01E+00,0.192
1.01E+00,0.184
1.02E+00,0.188
1.02E+00,0.184
1.02E+00,0.176
1.02E+00,0.196
1.02E+00,0.148
1.03E+00,0.184
1.03E+00,0.184
1.03E+00,0.188
1.03E+00,0.188
1.03E+00,0.192
1.04E+00,0.184
1.04E+00,0.188
1.04E+00,0.188
1.04E+00,0.188
1.04E+00,0.188
1.05E+00,0.188
1.05E+00,0.188
1.05E+00,0.192
1.05E+00,0.184
1.05E+00,0.18
1.06E+00,0.2
1.06E+00,0.188
1.06E+00,0.188
1.06E+00,0.188
1.06E+00,0.188
1.07E+00,0.192
1.07E+00,0.18
1.07E+00,0.192
1.07E+00,0.188
1.07E+00,0.188
1.08E+00,0.188
1.08E+00,0.188
1.08E+00,0.188
1.08E+00,0.196
1.08E+00,0.192
1.09E+00,0.196
1.09E+00,0.2
1.09E+00,0.172
1.09E+00,0.188
1.09E+00,0.212
1.10E+00,0.192
1.10E+00,0.188
1.10E+00,0.188
1.10E+00,0.196
1.10E+00,0.184
1.11E+00,0.192
1.11E+00,0.184
1.11E+00,0.192
1.11E+00,0.18
1.11E+00,0.192
1.12E+00,0.184
1.12E+00,0.196
1.12E+00,0.188
1.12E+00,0.196
1.12E+00,0.188
1.13E+00,0.192
1.13E+00,0.184
1.13E+00,0.188
1.13E+00,0.192
1.13E+00,0.188
1.14E+00,0.188
1.14E+00,0.192
1.14E+00,0.188
1.14E+00,0.196
1.14E+00,0.18
1.15E+00,0.2
1.15E+00,0.196
1.15E+00,0.188
1.15E+00,0.196
1.15E+00,0.192
1.16E+00,0.196
1.16E+00,0.188
1.16E+00,0.188
1.16E+00,0.188
1.16E+00,0.188
1.17E+00,0.184
1.17E+00,0.188
1.17E+00,0.196
1.17E+00,0.188
1.17E+00,0.196
1.18E+00,0.188
1.18E+00,0.196
1.18E+00,0.196
1.18E+00,0.188
1.18E+00,0.188
1.19E+00,0.196
1.19E+00,0.184
1.19E+00,0.192
1.19E+00,0.2
1.19E+00,0.196
1.20E+00,0.188
1.20E+00,0.192
1.20E+00,0.2
1.20E+00,0.188
1.20E+00,0.188
1.21E+00,0.2
1.21E+00,0.2
1.21E+00,0.192
1.21E+00,0.192
1.21E+00,0.184
1.22E+00,0.196
1.22E+00,0.188
1.22E+00,0.188
1.22E+00,0.2
1.22E+00,0.188
1.23E+00,0.2
1.23E+00,0.192
1.23E+00,0.196
1.23E+00,0.2
1.23E+00,0.188
1.24E+00,0.188
1.24E+00,0.196
1.24E+00,0.192
1.24E+00,0.192
1.24E+00,0.184
1.25E+00,0.176
1.25E+00,0.196
1.25E+00,0.188
1.25E+00,0.196
1.25E+00,0.204
1.26E+00,0.18
1.26E+00,0.192
1.26E+00,0.192
1.26E+00,0.212
1.26E+00,0.2
1.27E+00,0.188
1.27E+00,0.192
1.27E+00,0.196
1.27E+00,0.192
1.27E+00,0.188
1.28E+00,0.196
1.28E+00,0.196
1.28E+00,0.196
1.28E+00,0.2
1.28E+00,0.204
1.29E+00,0.196
1.29E+00,0.188
1.29E+00,0.188
1.29E+00,0.188
1.29E+00,0.204
1.30E+00,0.204
1.30E+00,0.208
1.30E+00,0.2
1.30E+00,0.192
1.30E+00,0.2
1.31E+00,0.192
1.31E+00,0.2
1.31E+00,0.184
1.31E+00,0.196
1.31E+00,0.2
1.32E+00,0.208
1.32E+00,0.208
1.32E+00,0.208
1.32E+00,0.2
1.32E+00,0.192
1.33E+00,0.2
1.33E+00,0.2
1.33E+00,0.2
1.33E+00,0.2
1.33E+00,0.2
1.34E+00,0.196
1.34E+00,0.216
1.34E+00,0.192
1.34E+00,0.2
1.34E+00,0.204
1.35E+00,0.2
1.35E+00,0.208
1.35E+00,0.208
1.35E+00,0.2
1.35E+00,0.2
1.36E+00,0.208
1.36E+00,0.2
1.36E+00,0.208
1.36E+00,0.2
1.36E+00,0.2
1.37E+00,0.196
1.37E+00,0.2
1.37E+00,0.196
1.37E+00,0.204
1.37E+00,0.204
1.38E+00,0.2
1.38E+00,0.2
1.38E+00,0.208
1.38E+00,0.208
1.38E+00,0.204
1.39E+00,0.188
1.39E+00,0.204
1.39E+00,0.2
1.39E+00,0.196
1.39E+00,0.2
1.40E+00,0.196
1.40E+00,0.204
1.40E+00,0.2
1.40E+00,0.208
1.40E+00,0.196
1.41E+00,0.2
1.41E+00,0.204
1.41E+00,0.196
1.41E+00,0.2
1.41E+00,0.192
1.42E+00,0.192
1.42E+00,0.208
1.42E+00,0.2
1.42E+00,0.208
1.42E+00,0.192
1.43E+00,0.2
1.43E+00,0.208
1.43E+00,0.2
1.43E+00,0.208
1.43E+00,0.204
1.44E+00,0.2
1.44E+00,0.208
1.44E+00,0.2
1.44E+00,0.204
1.44E+00,0.2
1.45E+00,0.196
1.45E+00,0.208
1.45E+00,0.196
1.45E+00,0.204
1.45E+00,0.2
1.46E+00,0.204
1.46E+00,0.204
1.46E+00,0.2
1.46E+00,0.196
1.46E+00,0.204
1.47E+00,0.2
1.47E+00,0.204
1.47E+00,0.2
1.47E+00,0.192
1.47E+00,0.208
1.48E+00,0.204
1.48E+00,0.204
1.48E+00,0.204
1.48E+00,0.208
1.48E+00,0.2
1.49E+00,0.208
1.49E+00,0.2
1.49E+00,0.204
1.49E+00,0.2
1.49E+00,0.208
1.50E+00,0.212
1.50E+00,0.208
1.50E+00,0.2
1.50E+00,0.204
1.50E+00,0.204
1.51E+00,0.196
1.51E+00,0.2
1.51E+00,0.204
1.51E+00,0.2
1.51E+00,0.212
1.52E+00,0.2
1.52E+00,0.204
1.52E+00,0.204
1.52E+00,0.204
1.52E+00,0.208
1.53E+00,0.188
1.53E+00,0.208
1.53E+00,0.204
1.53E+00,0.2
1.53E+00,0.208
1.54E+00,0.208
1.54E+00,0.208
1.54E+00,0.208
1.54E+00,0.192
1.54E+00,0.204
1.55E+00,0.2
1.55E+00,0.204
1.55E+00,0.208
1.55E+00,0.192
1.55E+00,0.216
1.56E+00,0.2
1.56E+00,0.208
1.56E+00,0.212
1.56E+00,0.212
1.56E+00,0.196
1.57E+00,0.208
1.57E+00,0.196
1.57E+00,0.204
1.57E+00,0.2
1.57E+00,0.2
1.58E+00,0.204
1.58E+00,0.208
1.58E+00,0.208
1.58E+00,0.212
1.58E+00,0.212
1.59E+00,0.208
1.59E+00,0.2
1.59E+00,0.212
1.59E+00,0.204
1.59E+00,0.208
1.60E+00,0.196
1.60E+00,0.2
1.60E+00,0.208
1.60E+00,0.212
1.60E+00,0.204
1.61E+00,0.212
1.61E+00,0.212
1.61E+00,0.22
1.61E+00,0.2
1.61E+00,0.2
1.62E+00,0.204
1.62E+00,0.212
1.62E+00,0.212
1.62E+00,0.208
1.62E+00,0.2
1.63E+00,0.204
1.63E+00,0.2
1.63E+00,0.212
1.63E+00,0.208
1.63E+00,0.192
1.64E+00,0.212
1.64E+00,0.208
1.64E+00,0.204
1.64E+00,0.196
1.64E+00,0.216
1.65E+00,0.208
1.65E+00,0.204
1.65E+00,0.216
1.65E+00,0.208
1.65E+00,0.212
1.66E+00,0.216
1.66E+00,0.212
1.66E+00,0.208
1.66E+00,0.208
1.66E+00,0.212
1.67E+00,0.188
1.67E+00,0.208
1.67E+00,0.208
1.67E+00,0.208
1.67E+00,0.216
1.68E+00,0.208
1.68E+00,0.216
1.68E+00,0.212
1.68E+00,0.212
1.68E+00,0.204
1.69E+00,0.212
1.69E+00,0.208
1.69E+00,0.212
1.69E+00,0.208
1.69E+00,0.216
1.70E+00,0.204
1.70E+00,0.22
1.70E+00,0.216
1.70E+00,0.216
1.70E+00,0.228
1.71E+00,0.212
1.71E+00,0.208
1.71E+00,0.216
1.71E+00,0.22
1.71E+00,0.216
1.72E+00,0.216
1.72E+00,0.208
1.72E+00,0.208
1.72E+00,0.208
1.72E+00,0.212
1.73E+00,0.208
1.73E+00,0.216
1.73E+00,0.204
1.73E+00,0.212
1.73E+00,0.2
1.74E+00,0.208
1.74E+00,0.208
1.74E+00,0.212
1.74E+00,0.208
1.74E+00,0.216
1.75E+00,0.208
1.75E+00,0.212
1.75E+00,0.224
1.75E+00,0.212
1.75E+00,0.212
1.76E+00,0.208
1.76E+00,0.212
1.76E+00,0.228
1.76E+00,0.2
1.76E+00,0.208
1.77E+00,0.216
1.77E+00,0.22
1.77E+00,0.22
1.77E+00,0.212
1.77E+00,0.22
1.78E+00,0.216
1.78E+00,0.216
1.78E+00,0.216
1.78E+00,0.212
1.78E+00,0.212
1.79E+00,0.208
1.79E+00,0.208
1.79E+00,0.224
1.79E+00,0.22
1.79E+00,0.216
1.80E+00,0.208
1.80E+00,0.208
1.80E+00,0.22
1.80E+00,0.22
1.80E+00,0.216
1.81E+00,0.22
1.81E+00,0.208
1.81E+00,0.212
1.81E+00,0.22
1.81E+00,0.208
1.82E+00,0.204
1.82E+00,0.212
1.82E+00,0.216
1.82E+00,0.24
1.82E+00,0.208
1.83E+00,0.204
1.83E+00,0.224
1.83E+00,0.22
1.83E+00,0.212
1.83E+00,0.22
1.84E+00,0.204
1.84E+00,0.224
1.84E+00,0.212
1.84E+00,0.216
1.84E+00,0.208
1.85E+00,0.22
1.85E+00,0.22
1.85E+00,0.228
1.85E+00,0.212
1.85E+00,0.204
1.86E+00,0.216
1.86E+00,0.22
1.86E+00,0.212
1.86E+00,0.224
1.86E+00,0.224
1.87E+00,0.216
1.87E+00,0.212
1.87E+00,0.216
1.87E+00,0.208
1.87E+00,0.22
1.88E+00,0.22
1.88E+00,0.216
1.88E+00,0.228
1.88E+00,0.22
1.88E+00,0.22
1.89E+00,0.22
1.89E+00,0.22
1.89E+00,0.216
1.89E+00,0.212
1.89E+00,0.216
1.90E+00,0.208
1.90E+00,0.224
1.90E+00,0.22
1.90E+00,0.228
1.90E+00,0.22
1.91E+00,0.232
1.91E+00,0.216
1.91E+00,0.212
1.91E+00,0.224
1.91E+00,0.224
1.92E+00,0.22
1.92E+00,0.22
1.92E+00,0.22
1.92E+00,0.228
1.92E+00,0.216
1.93E+00,0.252
1.93E+00,0.216
1.93E+00,0.22
1.93E+00,0.216
1.93E+00,0.224
1.94E+00,0.216
1.94E+00,0.216
1.94E+00,0.22
1.94E+00,0.22
1.94E+00,0.212
1.95E+00,0.228
1.95E+00,0.224
1.95E+00,0.216
1.95E+00,0.224
1.95E+00,0.208
1.96E+00,0.212
1.96E+00,0.224
1.96E+00,0.212
1.96E+00,0.216
1.96E+00,0.216
1.97E+00,0.224
1.97E+00,0.22
1.97E+00,0.224
1.97E+00,0.224
1.97E+00,0.22
1.98E+00,0.216
1.98E+00,0.232
1.98E+00,0.224
1.98E+00,0.224
1.98E+00,0.224
1.99E+00,0.224
1.99E+00,0.22
1.99E+00,0.216
1.99E+00,0.216
1.99E+00,0.224
2.00E+00,0.248
2.00E+00,0.224
2.00E+00,0.232
2.00E+00,0.22
2.00E+00,0.228
2.01E+00,0.224
2.01E+00,0.216
2.01E+00,0.228
2.01E+00,0.216
2.01E+00,0.228
2.02E+00,0.2
2.02E+00,0.216
2.02E+00,0.228
2.02E+00,0.224
2.02E+00,0.228
2.03E+00,0.224
2.03E+00,0.216
2.03E+00,0.216
2.03E+00,0.204
2.03E+00,0.212
2.04E+00,0.22
2.04E+00,0.22
2.04E+00,0.22
2.04E+00,0.216
2.04E+00,0.22
2.05E+00,0.224
2.05E+00,0.228
2.05E+00,0.228
2.05E+00,0.22
2.05E+00,0.22
2.06E+00,0.224
2.06E+00,0.216
2.06E+00,0.22
2.06E+00,0.224
2.06E+00,0.228
2.07E+00,0.208
2.07E+00,0.224
2.07E+00,0.232
2.07E+00,0.232
2.07E+00,0.232
2.08E+00,0.22
2.08E+00,0.228
2.08E+00,0.216
2.08E+00,0.22
2.08E+00,0.224
2.09E+00,0.204
2.09E+00,0.22
2.09E+00,0.228
2.09E+00,0.22
2.09E+00,0.232
2.10E+00,0.216
2.10E+00,0.216
2.10E+00,0.216
2.10E+00,0.216
2.10E+00,0.228
2.11E+00,0.22
2.11E+00,0.22
2.11E+00,0.224
2.11E+00,0.224
2.11E+00,0.224
2.12E+00,0.22
2.12E+00,0.22
2.12E+00,0.216
2.12E+00,0.252
2.12E+00,0.228
2.13E+00,0.22
2.13E+00,0.22
2.13E+00,0.228
2.13E+00,0.22
2.13E+00,0.228
2.14E+00,0.208
2.14E+00,0.216
2.14E+00,0.228
2.14E+00,0.22
2.14E+00,0.22
2.15E+00,0.236
2.15E+00,0.22
2.15E+00,0.22
2.15E+00,0.224
2.15E+00,0.216
2.16E+00,0.22
2.16E+00,0.22
2.16E+00,0.232
2.16E+00,0.224
2.16E+00,0.224
2.17E+00,0.22
2.17E+00,0.228
2.17E+00,0.232
2.17E+00,0.224
2.17E+00,0.204
2.18E+00,0.232
2.18E+00,0.24
2.18E+00,0.224
2.18E+00,0.224
2.18E+00,0.232
2.19E+00,0.224
2.19E+00,0.224
2.19E+00,0.24
2.19E+00,0.228
2.19E+00,0.22
2.20E+00,0.232
2.20E+00,0.228
2.20E+00,0.224
2.20E+00,0.228
2.20E+00,0.224
2.21E+00,0.212
2.21E+00,0.224
2.21E+00,0.216
2.21E+00,0.22
2.21E+00,0.212
2.22E+00,0.224
2.22E+00,0.232
2.22E+00,0.228
2.22E+00,0.224
2.22E+00,0.224
2.23E+00,0.232
2.23E+00,0.224
2.23E+00,0.232
2.23E+00,0.212
2.23E+00,0.2
2.24E+00,0.224
2.24E+00,0.22
2.24E+00,0.224
2.24E+00,0.212
2.24E+00,0.228
2.25E+00,0.22
2.25E+00,0.224
2.25E+00,0.22
2.25E+00,0.228
2.25E+00,0.228
2.26E+00,0.228
2.26E+00,0.232
2.26E+00,0.224
2.26E+00,0.228
2.26E+00,0.232
2.27E+00,0.22
2.27E+00,0.22
2.27E+00,0.228
2.27E+00,0.224
2.27E+00,0.232
2.28E+00,0.228
2.28E+00,0.224
2.28E+00,0.22
2.28E+00,0.22
2.28E+00,0.228
2.29E+00,0.224
2.29E+00,0.228
2.29E+00,0.228
2.29E+00,0.228
2.29E+00,0.224
2.30E+00,0.232
2.30E+00,0.22
2.30E+00,0.22
2.30E+00,0.228
2.30E+00,0.232
2.31E+00,0.22
2.31E+00,0.216
2.31E+00,0.236
2.31E+00,0.224
2.31E+00,0.228
2.32E+00,0.224
2.32E+00,0.232
2.32E+00,0.232
2.32E+00,0.228
2.32E+00,0.22
2.33E+00,0.228
2.33E+00,0.228
2.33E+00,0.22
2.33E+00,0.236
2.33E+00,0.232
2.34E+00,0.22
2.34E+00,0.24
2.34E+00,0.22
2.34E+00,0.228
2.34E+00,0.22
2.35E+00,0.24
2.35E+00,0.22
2.35E+00,0.216
2.35E+00,0.228
2.35E+00,0.232
2.36E+00,0.228
2.36E+00,0.228
2.36E+00,0.228
2.36E+00,0.228
2.36E+00,0.232
2.37E+00,0.232
2.37E+00,0.232
2.37E+00,0.224
2.37E+00,0.228
2.37E+00,0.22
2.38E+00,0.232
2.38E+00,0.228
2.38E+00,0.216
2.38E+00,0.232
2.38E+00,0.228
2.39E+00,0.244
2.39E+00,0.232
2.39E+00,0.216
2.39E+00,0.22
2.39E+00,0.22
2.40E+00,0.224
2.40E+00,0.228
2.40E+00,0.228
2.40E+00,0.236
2.40E+00,0.228
2.41E+00,0.232
2.41E+00,0.228
2.41E+00,0.228
2.41E+00,0.216
2.41E+00,0.228
2.42E+00,0.224
2.42E+00,0.236
2.42E+00,0.236
2.42E+00,0.228
2.42E+00,0.236
2.43E+00,0.228
2.43E+00,0.232
2.43E+00,0.228
2.43E+00,0.232
2.43E+00,0.22
2.44E+00,0.228
2.44E+00,0.236
2.44E+00,0.224
2.44E+00,0.232
2.44E+00,0.244
2.45E+00,0.224
2.45E+00,0.232
2.45E+00,0.228
2.45E+00,0.228
2.45E+00,0.232
2.46E+00,0.216
2.46E+00,0.204
2.46E+00,0.232
2.46E+00,0.228
2.46E+00,0.232
2.47E+00,0.228
2.47E+00,0.224
2.47E+00,0.228
2.47E+00,0.236
2.47E+00,0.208
2.48E+00,0.216
2.48E+00,0.228
2.48E+00,0.236
2.48E+00,0.236
2.48E+00,0.232
2.49E+00,0.232
2.49E+00,0.232
2.49E+00,0.216
2.49E+00,0.232
2.49E+00,0.236
2.50E+00,0.24
2.50E+00,0.228
2.50E+00,0.228
2.50E+00,0.232
2.50E+00,0.232
2.51E+00,0.228
2.51E+00,0.232
2.51E+00,0.228
2.51E+00,0.228
2.51E+00,0.24
2.52E+00,0.228
2.52E+00,0.228
2.52E+00,0.224
2.52E+00,0.228
2.52E+00,0.232
2.53E+00,0.232
2.53E+00,0.228
2.53E+00,0.232
2.53E+00,0.232
2.53E+00,0.228
2.54E+00,0.228
2.54E+00,0.236
2.54E+00,0.24
2.54E+00,0.232
2.54E+00,0.22
2.55E+00,0.232
2.55E+00,0.232
2.55E+00,0.232
2.55E+00,0.232
2.55E+00,0.224
2.56E+00,0.228
2.56E+00,0.232
2.56E+00,0.232
2.56E+00,0.228
2.56E+00,0.232
2.57E+00,0.228
2.57E+00,0.232
2.57E+00,0.232
2.57E+00,0.232
2.57E+00,0.224
2.58E+00,0.236
2.58E+00,0.232
2.58E+00,0.232
2.58E+00,0.232
2.58E+00,0.228
2.59E+00,0.236
2.59E+00,0.228
2.59E+00,0.228
2.59E+00,0.22
2.59E+00,0.232
2.60E+00,0.232
2.60E+00,0.228
2.60E+00,0.232
2.60E+00,0.224
2.60E+00,0.24
2.61E+00,0.232
2.61E+00,0.236
2.61E+00,0.228
2.61E+00,0.228
2.61E+00,0.224
2.62E+00,0.228
2.62E+00,0.232
2.62E+00,0.232
2.62E+00,0.24
2.62E+00,0.236
2.63E+00,0.232
2.63E+00,0.24
2.63E+00,0.236
2.63E+00,0.24
2.63E+00,0.224
2.64E+00,0.232
2.64E+00,0.236
2.64E+00,0.232
2.64E+00,0.232
2.64E+00,0.232
2.65E+00,0.236
2.65E+00,0.236
2.65E+00,0.224
2.65E+00,0.236
2.65E+00,0.24
2.66E+00,0.232
2.66E+00,0.228
2.66E+00,0.232
2.66E+00,0.24
2.66E+00,0.232
2.67E+00,0.224
2.67E+00,0.224
2.67E+00,0.232
2.67E+00,0.236
2.67E+00,0.236
2.68E+00,0.236
2.68E+00,0.224
2.68E+00,0.232
2.68E+00,0.232
2.68E+00,0.24
2.69E+00,0.228
2.69E+00,0.24
2.69E+00,0.228
2.69E+00,0.24
2.69E+00,0.232
2.70E+00,0.228
2.70E+00,0.232
2.70E+00,0.236
2.70E+00,0.232
2.70E+00,0.232
2.71E+00,0.24
2.71E+00,0.232
2.71E+00,0.224
2.71E+00,0.24
2.71E+00,0.232
2.72E+00,0.232
2.72E+00,0.24
2.72E+00,0.228
2.72E+00,0.232
2.72E+00,0.236
2.73E+00,0.232
2.73E+00,0.232
2.73E+00,0.232
2.73E+00,0.232
2.73E+00,0.24
2.74E+00,0.232
2.74E+00,0.224
2.74E+00,0.24
2.74E+00,0.232
2.74E+00,0.24
2.75E+00,0.232
2.75E+00,0.24
2.75E+00,0.236
2.75E+00,0.24
2.75E+00,0.244
2.76E+00,0.228
2.76E+00,0.24
2.76E+00,0.232
2.76E+00,0.24
2.76E+00,0.236
2.77E+00,0.216
2.77E+00,0.24
2.77E+00,0.236
2.77E+00,0.236
2.77E+00,0.232
2.78E+00,0.232
2.78E+00,0.24
2.78E+00,0.236
2.78E+00,0.228
2.78E+00,0.212
2.79E+00,0.24
2.79E+00,0.228
2.79E+00,0.232
2.79E+00,0.232
2.79E+00,0.24
2.80E+00,0.236
2.80E+00,0.232
2.80E+00,0.244
2.80E+00,0.24
2.80E+00,0.24
2.81E+00,0.236
2.81E+00,0.252
2.81E+00,0.236
2.81E+00,0.236
2.81E+00,0.236
2.82E+00,0.236
2.82E+00,0.232
2.82E+00,0.24
2.82E+00,0.212
2.82E+00,0.228
2.83E+00,0.232
2.83E+00,0.24
2.83E+00,0.236
2.83E+00,0.236
2.83E+00,0.24
2.84E+00,0.232
2.84E+00,0.24
2.84E+00,0.232
2.84E+00,0.236
2.84E+00,0.228
2.85E+00,0.24
2.85E+00,0.224
2.85E+00,0.24
2.85E+00,0.232
2.85E+00,0.236
2.86E+00,0.24
2.86E+00,0.244
2.86E+00,0.232
2.86E+00,0.236
2.86E+00,0.236
2.87E+00,0.236
2.87E+00,0.24
2.87E+00,0.252
2.87E+00,0.24
2.87E+00,0.236
2.88E+00,0.232
2.88E+00,0.24
2.88E+00,0.232
2.88E+00,0.244
2.88E+00,0.24
2.89E+00,0.228
2.89E+00,0.232
2.89E+00,0.232
2.89E+00,0.24
2.89E+00,0.24
2.90E+00,0.236
2.90E+00,0.244
2.90E+00,0.24
2.90E+00,0.236
2.90E+00,0.24
2.91E+00,0.232
2.91E+00,0.244
2.91E+00,0.236
2.91E+00,0.236
2.91E+00,0.236
2.92E+00,0.236
2.92E+00,0.244
2.92E+00,0.232
2.92E+00,0.24
2.92E+00,0.24
2.93E+00,0.24
2.93E+00,0.236
2.93E+00,0.24
2.93E+00,0.24
2.93E+00,0.24
2.94E+00,0.216
2.94E+00,0.24
2.94E+00,0.232
2.94E+00,0.24
2.94E+00,0.236
2.95E+00,0.24
2.95E+00,0.232
2.95E+00,0.236
2.95E+00,0.236
2.95E+00,0.236
2.96E+00,0.236
2.96E+00,0.228
2.96E+00,0.244
2.96E+00,0.236
2.96E+00,0.244
2.97E+00,0.24
2.97E+00,0.24
2.97E+00,0.244
2.97E+00,0.24
2.97E+00,0.236
2.98E+00,0.24
2.98E+00,0.24
2.98E+00,0.24
2.98E+00,0.24
2.98E+00,0.244
2.99E+00,0.248
2.99E+00,0.24
2.99E+00,0.248
2.99E+00,0.24
2.99E+00,0.24
3.00E+00,0.24
3.00E+00,0.236
3.00E+00,0.236
3.00E+00,0.232
3.00E+00,0.236
3.01E+00,0.244
3.01E+00,0.24
3.01E+00,0.24
3.01E+00,0.232
3.01E+00,0.252
3.02E+00,0.244
3.02E+00,0.24
3.02E+00,0.24
3.02E+00,0.24
3.02E+00,0.244
3.03E+00,0.232
3.03E+00,0.24
3.03E+00,0.244
3.03E+00,0.24
3.03E+00,0.252
3.04E+00,0.228
3.04E+00,0.244
3.04E+00,0.236
3.04E+00,0.244
3.04E+00,0.24
3.05E+00,0.236
3.05E+00,0.236
3.05E+00,0.24
3.05E+00,0.236
3.05E+00,0.248
3.06E+00,0.276
3.06E+00,0.228
3.06E+00,0.24
3.06E+00,0.24
3.06E+00,0.244
3.07E+00,0.24
3.07E+00,0.236
3.07E+00,0.244
3.07E+00,0.24
3.07E+00,0.24
3.08E+00,0.248
3.08E+00,0.24
3.08E+00,0.236
3.08E+00,0.252
3.08E+00,0.252
3.09E+00,0.24
3.09E+00,0.228
3.09E+00,0.244
3.09E+00,0.236
3.09E+00,0.244
3.10E+00,0.24
3.10E+00,0.24
3.10E+00,0.24
3.10E+00,0.24
3.10E+00,0.24
3.11E+00,0.24
3.11E+00,0.24
3.11E+00,0.228
3.11E+00,0.24
3.11E+00,0.24
3.12E+00,0.244
3.12E+00,0.244
3.12E+00,0.244
3.12E+00,0.24
3.12E+00,0.248
3.13E+00,0.232
3.13E+00,0.248
3.13E+00,0.236
3.13E+00,0.24
3.13E+00,0.24
3.14E+00,0.24
3.14E+00,0.244
3.14E+00,0.248
3.14E+00,0.24
3.14E+00,0.24
3.15E+00,0.244
3.15E+00,0.236
3.15E+00,0.244
3.15E+00,0.244
3.15E+00,0.236
3.16E+00,0.232
3.16E+00,0.244
3.16E+00,0.24
3.16E+00,0.244
3.16E+00,0.248
3.17E+00,0.236
3.17E+00,0.24
3.17E+00,0.24
3.17E+00,0.24
3.17E+00,0.244
3.18E+00,0.24
3.18E+00,0.232
3.18E+00,0.244
3.18E+00,0.24
3.18E+00,0.252
3.19E+00,0.244
3.19E+00,0.24
3.19E+00,0.24
3.19E+00,0.232
3.19E+00,0.244
3.20E+00,0.236
3.20E+00,0.248
3.20E+00,0.24
3.20E+00,0.252
3.20E+00,0.244
3.21E+00,0.248
3.21E+00,0.24
3.21E+00,0.24
3.21E+00,0.248
3.21E+00,0.24
3.22E+00,0.256
3.22E+00,0.232
3.22E+00,0.252
3.22E+00,0.244
3.22E+00,0.244
3.23E+00,0.252
3.23E+00,0.24
3.23E+00,0.252
3.23E+00,0.244
3.23E+00,0.232
3.24E+00,0.244
3.24E+00,0.252
3.24E+00,0.248
3.24E+00,0.232
3.24E+00,0.244
3.25E+00,0.244
3.25E+00,0.228
3.25E+00,0.252
3.25E+00,0.248
3.25E+00,0.244
3.26E+00,0.248
3.26E+00,0.244
3.26E+00,0.248
3.26E+00,0.256
3.26E+00,0.248
3.27E+00,0.244
3.27E+00,0.248
3.27E+00,0.244
3.27E+00,0.232
3.27E+00,0.252
3.28E+00,0.24
3.28E+00,0.244
3.28E+00,0.244
3.28E+00,0.24
3.28E+00,0.24
3.29E+00,0.24
3.29E+00,0.24
3.29E+00,0.248
3.29E+00,0.252
3.29E+00,0.252
3.30E+00,0.248
3.30E+00,0.244
3.30E+00,0.244
3.30E+00,0.248
3.30E+00,0.244
3.31E+00,0.26
3.31E+00,0.256
3.31E+00,0.244
3.31E+00,0.24
3.31E+00,0.24
3.32E+00,0.248
3.32E+00,0.244
3.32E+00,0.252
3.32E+00,0.24
3.32E+00,0.244
3.33E+00,0.244
3.33E+00,0.244
3.33E+00,0.248
3.33E+00,0.248
3.33E+00,0.248
3.34E+00,0.248
3.34E+00,0.236
3.34E+00,0.24
3.34E+00,0.248
3.34E+00,0.248
3.35E+00,0.244
3.35E+00,0.244
3.35E+00,0.24
3.35E+00,0.244
3.35E+00,0.244
3.36E+00,0.24
3.36E+00,0.24
3.36E+00,0.244
3.36E+00,0.24
3.36E+00,0.24
3.37E+00,0.24
3.37E+00,0.252
3.37E+00,0.24
3.37E+00,0.248
3.37E+00,0.244
3.38E+00,0.232
3.38E+00,0.248
3.38E+00,0.248
3.38E+00,0.248
3.38E+00,0.244
3.39E+00,0.244
3.39E+00,0.244
3.39E+00,0.244
3.39E+00,0.256
3.39E+00,0.248
3.40E+00,0.228
3.40E+00,0.24
3.40E+00,0.252
3.40E+00,0.24
3.40E+00,0.244
3.41E+00,0.244
3.41E+00,0.244
3.41E+00,0.244
3.41E+00,0.248
3.41E+00,0.244
3.42E+00,0.248
3.42E+00,0.248
3.42E+00,0.244
3.42E+00,0.24
3.42E+00,0.244
3.43E+00,0.24
3.43E+00,0.228
3.43E+00,0.264
3.43E+00,0.236
3.43E+00,0.236
3.44E+00,0.248
3.44E+00,0.248
3.44E+00,0.244
3.44E+00,0.248
3.44E+00,0.248
3.45E+00,0.236
3.45E+00,0.252
3.45E+00,0.248
3.45E+00,0.24
3.45E+00,0.244
3.46E+00,0.248
3.46E+00,0.244
3.46E+00,0.232
3.46E+00,0.244
3.46E+00,0.24
3.47E+00,0.248
3.47E+00,0.24
3.47E+00,0.24
3.47E+00,0.244
3.47E+00,0.24
3.48E+00,0.236
3.48E+00,0.256
3.48E+00,0.24
3.48E+00,0.244
3.48E+00,0.244
3.49E+00,0.24
3.49E+00,0.244
3.49E+00,0.24
3.49E+00,0.24
3.49E+00,0.252
3.50E+00,0.248
3.50E+00,0.24
3.50E+00,0.24
3.50E+00,0.244
3.50E+00,0.24
3.51E+00,0.24
3.51E+00,0.244
3.51E+00,0.24
3.51E+00,0.244
3.51E+00,0.244
3.52E+00,0.248
3.52E+00,0.252
3.52E+00,0.244
3.52E+00,0.248
3.52E+00,0.24
3.53E+00,0.256
3.53E+00,0.24
3.53E+00,0.252
3.53E+00,0.252
3.53E+00,0.24
3.54E+00,0.248
3.54E+00,0.24
3.54E+00,0.248
3.54E+00,0.248
3.54E+00,0.24
3.55E+00,0.244
3.55E+00,0.248
3.55E+00,0.244
3.55E+00,0.236
3.55E+00,0.248
3.56E+00,0.244
3.56E+00,0.24
3.56E+00,0.256
3.56E+00,0.244
3.56E+00,0.248
3.57E+00,0.252
3.57E+00,0.24
3.57E+00,0.248
3.57E+00,0.244
3.57E+00,0.252
3.58E+00,0.248
3.58E+00,0.244
3.58E+00,0.244
3.58E+00,0.248
3.58E+00,0.248
3.59E+00,0.244
3.59E+00,0.244
3.59E+00,0.248
3.59E+00,0.248
3.59E+00,0.256
3.60E+00,0.248
3.60E+00,0.248
3.60E+00,0.248
3.60E+00,0.244
3.60E+00,0.244
3.61E+00,0.24
3.61E+00,0.244
3.61E+00,0.244
3.61E+00,0.24
3.61E+00,0.236
3.62E+00,0.24
3.62E+00,0.248
3.62E+00,0.24
3.62E+00,0.248
3.62E+00,0.256
3.63E+00,0.248
3.63E+00,0.24
3.63E+00,0.244
3.63E+00,0.252
3.63E+00,0.236
3.64E+00,0.252
3.64E+00,0.244
3.64E+00,0.252
3.64E+00,0.264
3.64E+00,0.248
3.65E+00,0.24
3.65E+00,0.244
3.65E+00,0.256
3.65E+00,0.248
3.65E+00,0.252
3.66E+00,0.244
3.66E+00,0.248
3.66E+00,0.252
3.66E+00,0.248
3.66E+00,0.248
3.67E+00,0.256
3.67E+00,0.252
3.67E+00,0.24
3.67E+00,0.244
3.67E+00,0.252
3.68E+00,0.252
3.68E+00,0.256
3.68E+00,0.26
3.68E+00,0.252
3.68E+00,0.256
3.69E+00,0.252
3.69E+00,0.252
3.69E+00,0.26
3.69E+00,0.244
3.69E+00,0.24
3.70E+00,0.264
3.70E+00,0.252
3.70E+00,0.244
3.70E+00,0.256
3.70E+00,0.248
3.71E+00,0.236
3.71E+00,0.248
3.71E+00,0.244
3.71E+00,0.248
3.71E+00,0.256
3.72E+00,0.252
3.72E+00,0.256
3.72E+00,0.248
3.72E+00,0.244
3.72E+00,0.252
3.73E+00,0.252
3.73E+00,0.252
3.73E+00,0.256
3.73E+00,0.24
3.73E+00,0.256
3.74E+00,0.256
3.74E+00,0.248
3.74E+00,0.248
3.74E+00,0.24
3.74E+00,0.248
3.75E+00,0.244
3.75E+00,0.248
3.75E+00,0.26
3.75E+00,0.256
3.75E+00,0.248
3.76E+00,0.244
3.76E+00,0.244
3.76E+00,0.244
3.76E+00,0.252
3.76E+00,0.252
3.77E+00,0.24
3.77E+00,0.26
3.77E+00,0.252
3.77E+00,0.256
3.77E+00,0.248
3.78E+00,0.26
3.78E+00,0.244
3.78E+00,0.268
3.78E+00,0.256
3.78E+00,0.24
3.79E+00,0.248
3.79E+00,0.24
3.79E+00,0.244
3.79E+00,0.256
3.79E+00,0.252
3.80E+00,0.248
3.80E+00,0.244
3.80E+00,0.252
3.80E+00,0.24
3.80E+00,0.248
3.81E+00,0.252
3.81E+00,0.252
3.81E+00,0.252
3.81E+00,0.24
3.81E+00,0.248
3.82E+00,0.256
3.82E+00,0.248
3.82E+00,0.248
3.82E+00,0.244
3.82E+00,0.26
3.83E+00,0.248
3.83E+00,0.244
3.83E+00,0.24
3.83E+00,0.248
3.83E+00,0.248
3.84E+00,0.252
3.84E+00,0.248
3.84E+00,0.244
3.84E+00,0.244
3.84E+00,0.252
3.85E+00,0.244
3.85E+00,0.248
3.85E+00,0.244
3.85E+00,0.252
3.85E+00,0.244
3.86E+00,0.256
3.86E+00,0.248
3.86E+00,0.26
3.86E+00,0.24
3.86E+00,0.248
3.87E+00,0.24
3.87E+00,0.248
3.87E+00,0.248
3.87E+00,0.248
3.87E+00,0.264
3.88E+00,0.256
3.88E+00,0.232
3.88E+00,0.248
3.88E+00,0.244
3.88E+00,0.24
3.89E+00,0.248
3.89E+00,0.26
3.89E+00,0.248
3.89E+00,0.244
3.89E+00,0.248
3.90E+00,0.248
3.90E+00,0.24
3.90E+00,0.252
3.90E+00,0.256
3.90E+00,0.24
3.91E+00,0.252
3.91E+00,0.244
3.91E+00,0.252
3.91E+00,0.252
3.91E+00,0.248
3.92E+00,0.244
3.92E+00,0.248
3.92E+00,0.244
3.92E+00,0.252
3.92E+00,0.248
3.93E+00,0.244
3.93E+00,0.264
3.93E+00,0.244
3.93E+00,0.26
3.93E+00,0.256
3.94E+00,0.252
3.94E+00,0.244
3.94E+00,0.248
3.94E+00,0.24
3.94E+00,0.244
3.95E+00,0.244
3.95E+00,0.24
3.95E+00,0.244
3.95E+00,0.248
3.95E+00,0.252
3.96E+00,0.24
3.96E+00,0.244
3.96E+00,0.24
3.96E+00,0.248
3.96E+00,0.24
3.97E+00,0.252
3.97E+00,0.256
3.97E+00,0.252
3.97E+00,0.252
3.97E+00,0.24
3.98E+00,0.252
3.98E+00,0.256
3.98E+00,0.24
3.98E+00,0.252
3.98E+00,0.252
3.99E+00,0.252
3.99E+00,0.248
3.99E+00,0.248
3.99E+00,0.244
3.99E+00,0.248
4.00E+00,0.248
4.00E+00,0.256
4.00E+00,0.236
4.00E+00,0.252
4.00E+00,0.252
4.01E+00,0.244
4.01E+00,0.244
4.01E+00,0.244
4.01E+00,0.252
4.01E+00,0.252
4.02E+00,0.252
4.02E+00,0.252
4.02E+00,0.248
4.02E+00,0.248
4.02E+00,0.252
4.03E+00,0.252
4.03E+00,0.256
4.03E+00,0.244
4.03E+00,0.252
4.03E+00,0.24
4.04E+00,0.244
4.04E+00,0.24
4.04E+00,0.244
4.04E+00,0.256
4.04E+00,0.252
4.05E+00,0.244
4.05E+00,0.256
4.05E+00,0.252
4.05E+00,0.24
4.05E+00,0.24
4.06E+00,0.26
4.06E+00,0.252
4.06E+00,0.252
4.06E+00,0.244
4.06E+00,0.256
4.07E+00,0.252
4.07E+00,0.248
4.07E+00,0.256
4.07E+00,0.252
4.07E+00,0.252
4.08E+00,0.248
4.08E+00,0.248
4.08E+00,0.252
4.08E+00,0.252
4.08E+00,0.252
4.09E+00,0.252
4.09E+00,0.252
4.09E+00,0.244
4.09E+00,0.248
4.09E+00,0.256
4.10E+00,0.248
4.10E+00,0.244
4.10E+00,0.26
4.10E+00,0.248
4.10E+00,0.256
4.11E+00,0.268
4.11E+00,0.244
4.11E+00,0.256
4.11E+00,0.248
4.11E+00,0.256
4.12E+00,0.252
4.12E+00,0.244
4.12E+00,0.256
4.12E+00,0.256
4.12E+00,0.26
4.13E+00,0.256
4.13E+00,0.252
4.13E+00,0.252
4.13E+00,0.252
4.13E+00,0.252
4.14E+00,0.256
4.14E+00,0.256
4.14E+00,0.248
4.14E+00,0.26
4.14E+00,0.264
4.15E+00,0.26
4.15E+00,0.252
4.15E+00,0.252
4.15E+00,0.244
4.15E+00,0.264
4.16E+00,0.248
4.16E+00,0.248
4.16E+00,0.252
4.16E+00,0.244
4.16E+00,0.26
4.17E+00,0.256
4.17E+00,0.256
4.17E+00,0.252
4.17E+00,0.256
4.17E+00,0.252
4.18E+00,0.252
4.18E+00,0.26
4.18E+00,0.268
4.18E+00,0.26
4.18E+00,0.252
4.19E+00,0.252
4.19E+00,0.252
4.19E+00,0.252
4.19E+00,0.252
4.19E+00,0.252
4.20E+00,0.244
4.20E+00,0.26
4.20E+00,0.252
4.20E+00,0.252
4.20E+00,0.256
4.21E+00,0.252
4.21E+00,0.252
4.21E+00,0.256
4.21E+00,0.26
4.21E+00,0.252
4.22E+00,0.26
4.22E+00,0.26
4.22E+00,0.256
4.22E+00,0.252
4.22E+00,0.256
4.23E+00,0.252
4.23E+00,0.252
4.23E+00,0.252
4.23E+00,0.26
4.23E+00,0.24
4.24E+00,0.256
4.24E+00,0.252
4.24E+00,0.26
4.24E+00,0.256
4.24E+00,0.256
4.25E+00,0.252
4.25E+00,0.252
4.25E+00,0.248
4.25E+00,0.264
4.25E+00,0.256
4.26E+00,0.244
4.26E+00,0.252
4.26E+00,0.248
4.26E+00,0.256
4.26E+00,0.248
4.27E+00,0.256
4.27E+00,0.252
4.27E+00,0.248
4.27E+00,0.244
4.27E+00,0.26
4.28E+00,0.248
4.28E+00,0.264
4.28E+00,0.252
4.28E+00,0.256
4.28E+00,0.248
4.29E+00,0.252
4.29E+00,0.264
4.29E+00,0.228
4.29E+00,0.24
4.29E+00,0.252
4.30E+00,0.248
4.30E+00,0.26
4.30E+00,0.26
4.30E+00,0.256
4.30E+00,0.256
4.31E+00,0.264
4.31E+00,0.244
4.31E+00,0.244
4.31E+00,0.248
4.31E+00,0.264
4.32E+00,0.252
4.32E+00,0.248
4.32E+00,0.256
4.32E+00,0.248
4.32E+00,0.252
4.33E+00,0.252
4.33E+00,0.24
4.33E+00,0.252
4.33E+00,0.24
4.33E+00,0.252
4.34E+00,0.244
4.34E+00,0.26
4.34E+00,0.252
4.34E+00,0.256
4.34E+00,0.252
4.35E+00,0.248
4.35E+00,0.248
4.35E+00,0.244
4.35E+00,0.236
4.35E+00,0.252
4.36E+00,0.256
4.36E+00,0.244
4.36E+00,0.248
4.36E+00,0.252
4.36E+00,0.26
4.37E+00,0.252
4.37E+00,0.252
4.37E+00,0.248
4.37E+00,0.248
4.37E+00,0.26
4.38E+00,0.264
4.38E+00,0.256
4.38E+00,0.26
4.38E+00,0.244
4.38E+00,0.252
4.39E+00,0.26
4.39E+00,0.252
4.39E+00,0.244
4.39E+00,0.24
4.39E+00,0.22
4.40E+00,0.26
4.40E+00,0.268
4.40E+00,0.256
4.40E+00,0.26
4.40E+00,0.256
4.41E+00,0.24
4.41E+00,0.256
4.41E+00,0.252
4.41E+00,0.268
4.41E+00,0.244
4.42E+00,0.248
4.42E+00,0.244
4.42E+00,0.256
4.42E+00,0.256
4.42E+00,0.252
4.43E+00,0.256
4.43E+00,0.252
4.43E+00,0.24
4.43E+00,0.252
4.43E+00,0.248
4.44E+00,0.26
4.44E+00,0.248
4.44E+00,0.244
4.44E+00,0.264
4.44E+00,0.252
4.45E+00,0.256
4.45E+00,0.236
4.45E+00,0.26
4.45E+00,0.252
4.45E+00,0.248
4.46E+00,0.256
4.46E+00,0.252
4.46E+00,0.252
4.46E+00,0.252
4.46E+00,0.256
4.47E+00,0.256
4.47E+00,0.26
4.47E+00,0.252
4.47E+00,0.252
4.47E+00,0.24
4.48E+00,0.252
4.48E+00,0.248
4.48E+00,0.244
4.48E+00,0.256
4.48E+00,0.252
4.49E+00,0.244
4.49E+00,0.256
4.49E+00,0.248
4.49E+00,0.248
4.49E+00,0.26
4.50E+00,0.26
4.50E+00,0.244
4.50E+00,0.256
4.50E+00,0.252
4.50E+00,0.244
4.51E+00,0.256
4.51E+00,0.24
4.51E+00,0.252
4.51E+00,0.252
4.51E+00,0.252
4.52E+00,0.26
4.52E+00,0.252
4.52E+00,0.248
4.52E+00,0.26
4.52E+00,0.252
4.53E+00,0.248
4.53E+00,0.252
4.53E+00,0.256
4.53E+00,0.256
4.53E+00,0.26
4.54E+00,0.252
4.54E+00,0.256
4.54E+00,0.24
4.54E+00,0.244
4.54E+00,0.252
4.55E+00,0.252
4.55E+00,0.252
4.55E+00,0.252
4.55E+00,0.256
4.55E+00,0.252
4.56E+00,0.26
4.56E+00,0.252
4.56E+00,0.256
4.56E+00,0.252
4.56E+00,0.252
4.57E+00,0.244
4.57E+00,0.252
4.57E+00,0.256
4.57E+00,0.248
4.57E+00,0.256
4.58E+00,0.248
4.58E+00,0.252
4.58E+00,0.248
4.58E+00,0.248
4.58E+00,0.248
4.59E+00,0.252
4.59E+00,0.252
4.59E+00,0.256
4.59E+00,0.268
4.59E+00,0.252
4.60E+00,0.248
4.60E+00,0.244
4.60E+00,0.248
4.60E+00,0.264
4.60E+00,0.252
4.61E+00,0.244
4.61E+00,0.252
4.61E+00,0.252
4.61E+00,0.248
4.61E+00,0.252
4.62E+00,0.248
4.62E+00,0.248
4.62E+00,0.26
4.62E+00,0.252
4.62E+00,0.252
4.63E+00,0.248
4.63E+00,0.256
4.63E+00,0.248
4.63E+00,0.256
4.63E+00,0.248
4.64E+00,0.256
4.64E+00,0.252
4.64E+00,0.252
4.64E+00,0.264
4.64E+00,0.256
4.65E+00,0.252
4.65E+00,0.252
4.65E+00,0.256
4.65E+00,0.252
4.65E+00,0.252
4.66E+00,0.252
4.66E+00,0.244
4.66E+00,0.248
4.66E+00,0.256
4.66E+00,0.24
4.67E+00,0.26
4.67E+00,0.244
4.67E+00,0.252
4.67E+00,0.256
4.67E+00,0.252
4.68E+00,0.252
4.68E+00,0.248
4.68E+00,0.252
4.68E+00,0.256
4.68E+00,0.248
4.69E+00,0.252
4.69E+00,0.244
4.69E+00,0.252
4.69E+00,0.256
4.69E+00,0.252
4.70E+00,0.256
4.70E+00,0.248
4.70E+00,0.244
4.70E+00,0.244
4.70E+00,0.26
4.71E+00,0.256
4.71E+00,0.252
4.71E+00,0.252
4.71E+00,0.248
4.71E+00,0.256
4.72E+00,0.252
4.72E+00,0.252
4.72E+00,0.252
4.72E+00,0.248
4.72E+00,0.248
4.73E+00,0.252
4.73E+00,0.26
4.73E+00,0.248
4.73E+00,0.26
4.73E+00,0.256
4.74E+00,0.252
4.74E+00,0.264
4.74E+00,0.252
4.74E+00,0.244
4.74E+00,0.252
4.75E+00,0.252
4.75E+00,0.244
4.75E+00,0.248
4.75E+00,0.256
4.75E+00,0.248
4.76E+00,0.26
4.76E+00,0.256
4.76E+00,0.256
4.76E+00,0.26
4.76E+00,0.252
4.77E+00,0.252
4.77E+00,0.256
4.77E+00,0.26
4.77E+00,0.264
4.77E+00,0.252
4.78E+00,0.248
4.78E+00,0.252
4.78E+00,0.256
4.78E+00,0.252
4.78E+00,0.256
4.79E+00,0.256
4.79E+00,0.256
4.79E+00,0.248
4.79E+00,0.26
4.79E+00,0.256
4.80E+00,0.252
4.80E+00,0.256
4.80E+00,0.252
4.80E+00,0.256
4.80E+00,0.256
4.81E+00,0.264
4.81E+00,0.252
4.81E+00,0.248
4.81E+00,0.256
4.81E+00,0.256
4.82E+00,0.256
4.82E+00,0.26
4.82E+00,0.26
4.82E+00,0.256
4.82E+00,0.244
4.83E+00,0.252
4.83E+00,0.248
4.83E+00,0.256
4.83E+00,0.244
4.83E+00,0.248
4.84E+00,0.252
4.84E+00,0.244
4.84E+00,0.244
4.84E+00,0.248
4.84E+00,0.248
4.85E+00,0.252
4.85E+00,0.256
4.85E+00,0.256
4.85E+00,0.252
4.85E+00,0.252
4.86E+00,0.256
4.86E+00,0.26
4.86E+00,0.252
4.86E+00,0.252
4.86E+00,0.26
4.87E+00,0.252
4.87E+00,0.252
4.87E+00,0.26
4.87E+00,0.252
4.87E+00,0.26
4.88E+00,0.252
4.88E+00,0.252
4.88E+00,0.244
4.88E+00,0.272
4.88E+00,0.26
4.89E+00,0.252
4.89E+00,0.26
4.89E+00,0.26
4.89E+00,0.248
4.89E+00,0.252
4.90E+00,0.256
4.90E+00,0.256
4.90E+00,0.24
4.90E+00,0.24
4.90E+00,0.256
4.91E+00,0.256
4.91E+00,0.252
4.91E+00,0.252
4.91E+00,0.256
4.91E+00,0.244
4.92E+00,0.26
4.92E+00,0.264
4.92E+00,0.26
4.92E+00,0.252
4.92E+00,0.252
4.93E+00,0.252
4.93E+00,0.248
4.93E+00,0.256
4.93E+00,0.26
4.93E+00,0.244
4.94E+00,0.26
4.94E+00,0.26
4.94E+00,0.252
4.94E+00,0.256
4.94E+00,0.24
4.95E+00,0.264
4.95E+00,0.252
4.95E+00,0.252
4.95E+00,0.252
4.95E+00,0.252
4.96E+00,0.256
4.96E+00,0.264
4.96E+00,0.252
4.96E+00,0.256
4.96E+00,0.26
4.97E+00,0.264
4.97E+00,0.252
4.97E+00,0.252
4.97E+00,0.26
4.97E+00,0.252
4.98E+00,0.268
4.98E+00,0.252
4.98E+00,0.264
4.98E+00,0.256
4.98E+00,0.252
4.99E+00,0.256
4.99E+00,0.256
4.99E+00,0.256
4.99E+00,0.256
4.99E+00,0.256
5.00E+00,0.244
5.00E+00,0.252
5.00E+00,0.256
5.00E+00,0.252
5.00E+00,0.264
5.01E+00,0.272
5.01E+00,0.26
5.01E+00,0.244
5.01E+00,0.252
5.01E+00,0.252
5.02E+00,0.26
5.02E+00,0.252
5.02E+00,0.26
5.02E+00,0.252
5.02E+00,0.26
5.03E+00,0.26
5.03E+00,0.256
5.03E+00,0.26
5.03E+00,0.26
5.03E+00,0.26
5.04E+00,0.256
5.04E+00,0.26
5.04E+00,0.26
5.04E+00,0.26
5.04E+00,0.26
5.05E+00,0.252
5.05E+00,0.26
5.05E+00,0.244
5.05E+00,0.256
5.05E+00,0.252
5.06E+00,0.26
5.06E+00,0.252
5.06E+00,0.256
5.06E+00,0.244
5.06E+00,0.252
5.07E+00,0.252
5.07E+00,0.264
5.07E+00,0.264
5.07E+00,0.252
5.07E+00,0.256
5.08E+00,0.252
5.08E+00,0.256
5.08E+00,0.248
5.08E+00,0.252
5.08E+00,0.252
5.09E+00,0.26
5.09E+00,0.256
5.09E+00,0.248
5.09E+00,0.252
5.09E+00,0.26
5.10E+00,0.256
5.10E+00,0.26
5.10E+00,0.252
5.10E+00,0.256
5.10E+00,0.256
5.11E+00,0.252
5.11E+00,0.26
5.11E+00,0.252
5.11E+00,0.252
5.11E+00,0.26
5.12E+00,0.24
5.12E+00,0.248
5.12E+00,0.252
5.12E+00,0.252
5.12E+00,0.26
5.13E+00,0.252
5.13E+00,0.248
5.13E+00,0.252
5.13E+00,0.248
5.13E+00,0.248
5.14E+00,0.256
5.14E+00,0.244
5.14E+00,0.248
5.14E+00,0.26
5.14E+00,0.252
5.15E+00,0.256
5.15E+00,0.244
5.15E+00,0.256
5.15E+00,0.248
5.15E+00,0.26
5.16E+00,0.244
5.16E+00,0.26
5.16E+00,0.256
5.16E+00,0.252
5.16E+00,0.26
5.17E+00,0.248
5.17E+00,0.256
5.17E+00,0.26
5.17E+00,0.244
5.17E+00,0.264
5.18E+00,0.244
5.18E+00,0.252
5.18E+00,0.252
5.18E+00,0.244
5.18E+00,0.252
5.19E+00,0.248
5.19E+00,0.256
5.19E+00,0.24
5.19E+00,0.26
5.19E+00,0.24
5.20E+00,0.248
5.20E+00,0.264
5.20E+00,0.248
5.20E+00,0.26
5.20E+00,0.26
5.21E+00,0.268
5.21E+00,0.256
5.21E+00,0.252
5.21E+00,0.252
5.21E+00,0.256
5.22E+00,0.244
5.22E+00,0.256
5.22E+00,0.244
5.22E+00,0.24
5.22E+00,0.248
5.23E+00,0.256
5.23E+00,0.24
5.23E+00,0.248
5.23E+00,0.248
5.23E+00,0.252
5.24E+00,0.248
5.24E+00,0.244
5.24E+00,0.248
5.24E+00,0.248
5.24E+00,0.256
5.25E+00,0.252
5.25E+00,0.252
5.25E+00,0.256
5.25E+00,0.252
5.25E+00,0.256
5.26E+00,0.248
5.26E+00,0.256
5.26E+00,0.256
5.26E+00,0.256
5.26E+00,0.252
5.27E+00,0.252
5.27E+00,0.244
5.27E+00,0.252
5.27E+00,0.244
5.27E+00,0.248
5.28E+00,0.256
5.28E+00,0.26
5.28E+00,0.26
5.28E+00,0.252
5.28E+00,0.252
5.29E+00,0.26
5.29E+00,0.264
5.29E+00,0.26
5.29E+00,0.248
5.29E+00,0.248
5.30E+00,0.256
5.30E+00,0.264
5.30E+00,0.268
5.30E+00,0.252
5.30E+00,0.248
5.31E+00,0.256
5.31E+00,0.26
5.31E+00,0.248
5.31E+00,0.244
5.31E+00,0.252
5.32E+00,0.244
5.32E+00,0.248
5.32E+00,0.26
5.32E+00,0.248
5.32E+00,0.248
5.33E+00,0.248
5.33E+00,0.26
5.33E+00,0.256
5.33E+00,0.26
5.33E+00,0.252
5.34E+00,0.252
5.34E+00,0.252
5.34E+00,0.26
5.34E+00,0.252
5.34E+00,0.256
5.35E+00,0.252
5.35E+00,0.248
5.35E+00,0.256
5.35E+00,0.236
5.35E+00,0.256
5.36E+00,0.26
5.36E+00,0.248
5.36E+00,0.256
5.36E+00,0.248
5.36E+00,0.252
5.37E+00,0.248
5.37E+00,0.26
5.37E+00,0.244
5.37E+00,0.252
5.37E+00,0.26
5.38E+00,0.256
5.38E+00,0.256
5.38E+00,0.248
5.38E+00,0.244
5.38E+00,0.248
5.39E+00,0.26
5.39E+00,0.256
5.39E+00,0.26
5.39E+00,0.252
5.39E+00,0.252
5.40E+00,0.26
5.40E+00,0.244
5.40E+00,0.252
5.40E+00,0.26
5.40E+00,0.248
5.41E+00,0.248
5.41E+00,0.24
5.41E+00,0.252
5.41E+00,0.252
5.41E+00,0.248
5.42E+00,0.26
5.42E+00,0.252
5.42E+00,0.252
5.42E+00,0.252
5.42E+00,0.252
5.43E+00,0.244
5.43E+00,0.252
5.43E+00,0.256
5.43E+00,0.24
5.43E+00,0.256
5.44E+00,0.252
5.44E+00,0.264
5.44E+00,0.244
5.44E+00,0.256
5.44E+00,0.26
5.45E+00,0.252
5.45E+00,0.264
5.45E+00,0.252
5.45E+00,0.256
5.45E+00,0.252
5.46E+00,0.256
5.46E+00,0.252
5.46E+00,0.248
5.46E+00,0.252
5.46E+00,0.252
5.47E+00,0.244
5.47E+00,0.252
5.47E+00,0.244
5.47E+00,0.268
5.47E+00,0.252
5.48E+00,0.244
5.48E+00,0.244
5.48E+00,0.26
5.48E+00,0.248
5.48E+00,0.252
5.49E+00,0.252
5.49E+00,0.248
5.49E+00,0.26
5.49E+00,0.256
5.49E+00,0.252
5.50E+00,0.26
5.50E+00,0.248
5.50E+00,0.26
5.50E+00,0.244
5.50E+00,0.264
5.51E+00,0.248
5.51E+00,0.252
5.51E+00,0.256
5.51E+00,0.252
5.51E+00,0.252
5.52E+00,0.252
5.52E+00,0.26
5.52E+00,0.256
5.52E+00,0.252
5.52E+00,0.244
5.53E+00,0.256
5.53E+00,0.256
5.53E+00,0.272
5.53E+00,0.252
5.53E+00,0.256
5.54E+00,0.252
5.54E+00,0.264
5.54E+00,0.24
5.54E+00,0.256
5.54E+00,0.256
5.55E+00,0.252
5.55E+00,0.24
5.55E+00,0.26
5.55E+00,0.252
5.55E+00,0.252
5.56E+00,0.256
5.56E+00,0.256
5.56E+00,0.26
5.56E+00,0.26
5.56E+00,0.244
5.57E+00,0.256
5.57E+00,0.252
5.57E+00,0.26
5.57E+00,0.252
5.57E+00,0.256
5.58E+00,0.248
5.58E+00,0.252
5.58E+00,0.256
5.58E+00,0.252
5.58E+00,0.252
5.59E+00,0.264
5.59E+00,0.24
5.59E+00,0.248
5.59E+00,0.256
5.59E+00,0.256
5.60E+00,0.264
5.60E+00,0.252
5.60E+00,0.244
5.60E+00,0.256
5.60E+00,0.252
5.61E+00,0.252
5.61E+00,0.252
5.61E+00,0.252
5.61E+00,0.252
5.61E+00,0.252
5.62E+00,0.252
5.62E+00,0.256
5.62E+00,0.248
5.62E+00,0.256
5.62E+00,0.256
5.63E+00,0.26
5.63E+00,0.252
5.63E+00,0.252
5.63E+00,0.248
5.63E+00,0.248
5.64E+00,0.252
5.64E+00,0.256
5.64E+00,0.268
5.64E+00,0.256
5.64E+00,0.252
5.65E+00,0.244
5.65E+00,0.248
5.65E+00,0.252
5.65E+00,0.26
5.65E+00,0.256
5.66E+00,0.252
5.66E+00,0.26
5.66E+00,0.256
5.66E+00,0.26
5.66E+00,0.256
5.67E+00,0.252
5.67E+00,0.256
5.67E+00,0.256
5.67E+00,0.256
5.67E+00,0.256
5.68E+00,0.244
5.68E+00,0.252
5.68E+00,0.256
5.68E+00,0.252
5.68E+00,0.248
5.69E+00,0.248
5.69E+00,0.256
5.69E+00,0.244
5.69E+00,0.252
5.69E+00,0.252
5.70E+00,0.26
5.70E+00,0.248
5.70E+00,0.248
5.70E+00,0.256
5.70E+00,0.248
5.71E+00,0.256
5.71E+00,0.252
5.71E+00,0.268
5.71E+00,0.26
5.71E+00,0.248
5.72E+00,0.252
5.72E+00,0.252
5.72E+00,0.256
5.72E+00,0.248
5.72E+00,0.26
5.73E+00,0.26
5.73E+00,0.244
5.73E+00,0.252
5.73E+00,0.252
5.73E+00,0.26
5.74E+00,0.256
5.74E+00,0.256
5.74E+00,0.264
5.74E+00,0.232
5.74E+00,0.244
5.75E+00,0.256
5.75E+00,0.256
5.75E+00,0.248
5.75E+00,0.256
5.75E+00,0.256
5.76E+00,0.252
5.76E+00,0.252
5.76E+00,0.248
5.76E+00,0.26
5.76E+00,0.264
5.77E+00,0.252
5.77E+00,0.256
5.77E+00,0.252
5.77E+00,0.252
5.77E+00,0.256
5.78E+00,0.256
5.78E+00,0.248
5.78E+00,0.26
5.78E+00,0.244
5.78E+00,0.256
5.79E+00,0.268
5.79E+00,0.256
5.79E+00,0.26
5.79E+00,0.26
5.79E+00,0.248
5.80E+00,0.26
5.80E+00,0.256
5.80E+00,0.252
5.80E+00,0.252
5.80E+00,0.252
5.81E+00,0.248
5.81E+00,0.256
5.81E+00,0.26
5.81E+00,0.256
5.81E+00,0.26
5.82E+00,0.256
5.82E+00,0.256
5.82E+00,0.252
5.82E+00,0.256
5.82E+00,0.252
5.83E+00,0.252
5.83E+00,0.256
5.83E+00,0.252
5.83E+00,0.256
5.83E+00,0.256
5.84E+00,0.248
5.84E+00,0.248
5.84E+00,0.264
5.84E+00,0.248
5.84E+00,0.26
5.85E+00,0.264
5.85E+00,0.256
5.85E+00,0.256
5.85E+00,0.244
5.85E+00,0.256
5.86E+00,0.252
5.86E+00,0.26
5.86E+00,0.26
5.86E+00,0.248
5.86E+00,0.252
5.87E+00,0.256
5.87E+00,0.248
5.87E+00,0.244
5.87E+00,0.252
5.87E+00,0.232
5.88E+00,0.252
5.88E+00,0.252
5.88E+00,0.26
5.88E+00,0.248
5.88E+00,0.256
5.89E+00,0.256
5.89E+00,0.256
5.89E+00,0.272
5.89E+00,0.256
5.89E+00,0.252
5.90E+00,0.248
5.90E+00,0.256
5.90E+00,0.252
5.90E+00,0.26
5.90E+00,0.252
5.91E+00,0.256
5.91E+00,0.248
5.91E+00,0.252
5.91E+00,0.244
5.91E+00,0.256
5.92E+00,0.252
5.92E+00,0.244
5.92E+00,0.256
5.92E+00,0.248
5.92E+00,0.252
5.93E+00,0.26
5.93E+00,0.256
5.93E+00,0.256
5.93E+00,0.252
5.93E+00,0.248
5.94E+00,0.252
5.94E+00,0.26
5.94E+00,0.248
5.94E+00,0.244
5.94E+00,0.248
5.95E+00,0.252
5.95E+00,0.256
5.95E+00,0.248
5.95E+00,0.24
5.95E+00,0.26
5.96E+00,0.252
5.96E+00,0.256
5.96E+00,0.252
5.96E+00,0.248
5.96E+00,0.252
5.97E+00,0.244
5.97E+00,0.256
5.97E+00,0.252
5.97E+00,0.248
5.97E+00,0.248
5.98E+00,0.26
5.98E+00,0.244
5.98E+00,0.248
5.98E+00,0.248
5.98E+00,0.248
5.99E+00,0.248
5.99E+00,0.252
5.99E+00,0.252
5.99E+00,0.26
5.99E+00,0.244
6.00E+00,0.244
6.00E+00,0.248
6.00E+00,0.232
6.00E+00,0.212
6.00E+00,0.24
6.01E+00,0.248
6.01E+00,0.232
6.01E+00,0.228
6.01E+00,0.228
6.01E+00,0.224
6.02E+00,0.224
6.02E+00,0.224
6.02E+00,0.22
6.02E+00,0.212
6.02E+00,0.212
6.03E+00,0.204
6.03E+00,0.188
6.03E+00,0.188
6.03E+00,0.18
6.03E+00,0.164
6.04E+00,0.168
6.04E+00,0.164
6.04E+00,0.14
6.04E+00,0.16
6.04E+00,0.156
6.05E+00,0.16
6.05E+00,0.144
6.05E+00,0.156
6.05E+00,0.148
6.05E+00,0.152
6.06E+00,0.144
6.06E+00,0.16
6.06E+00,0.164
6.06E+00,0.152
6.06E+00,0.152
6.07E+00,0.148
6.07E+00,0.152
6.07E+00,0.144
6.07E+00,0.124
6.07E+00,0.152
6.08E+00,0.16
6.08E+00,0.148
6.08E+00,0.164
6.08E+00,0.14
6.08E+00,0.14
6.09E+00,0.148
6.09E+00,0.144
6.09E+00,0.144
6.09E+00,0.14
6.09E+00,0.152
6.10E+00,0.144
6.10E+00,0.144
6.10E+00,0.144
6.10E+00,0.144
6.10E+00,0.148
6.11E+00,0.144
6.11E+00,0.152
6.11E+00,0.136
6.11E+00,0.148
6.11E+00,0.148
6.12E+00,0.144
6.12E+00,0.144
6.12E+00,0.148
6.12E+00,0.156
6.12E+00,0.144
6.13E+00,0.144
6.13E+00,0.152
6.13E+00,0.144
6.13E+00,0.144
6.13E+00,0.144
6.14E+00,0.144
6.14E+00,0.144
6.14E+00,0.144
6.14E+00,0.144
6.14E+00,0.136
6.15E+00,0.144
6.15E+00,0.148
6.15E+00,0.128
6.15E+00,0.148
6.15E+00,0.14
6.16E+00,0.144
6.16E+00,0.148
6.16E+00,0.144
6.16E+00,0.144
6.16E+00,0.136
6.17E+00,0.136
6.17E+00,0.136
6.17E+00,0.136
6.17E+00,0.136
6.17E+00,0.152
6.18E+00,0.148
6.18E+00,0.144
6.18E+00,0.16
6.18E+00,0.136
6.18E+00,0.144
6.19E+00,0.14
6.19E+00,0.14
6.19E+00,0.152
6.19E+00,0.144
6.19E+00,0.148
6.20E+00,0.14
6.20E+00,0.148
6.20E+00,0.14
6.20E+00,0.152
6.20E+00,0.144
6.21E+00,0.128
6.21E+00,0.144
6.21E+00,0.144
6.21E+00,0.14
6.21E+00,0.14
6.22E+00,0.144
6.22E+00,0.148
6.22E+00,0.148
6.22E+00,0.152
6.22E+00,0.148
6.23E+00,0.128
6.23E+00,0.144
6.23E+00,0.136
6.23E+00,0.164
6.23E+00,0.136
6.24E+00,0.144
6.24E+00,0.136
6.24E+00,0.148
6.24E+00,0.136
6.24E+00,0.148
6.25E+00,0.144
6.25E+00,0.14
6.25E+00,0.144
6.25E+00,0.152
6.25E+00,0.144
6.26E+00,0.136
6.26E+00,0.14
6.26E+00,0.144
6.26E+00,0.148
6.26E+00,0.14
6.27E+00,0.148
6.27E+00,0.136
6.27E+00,0.16
6.27E+00,0.136
6.27E+00,0.152
6.28E+00,0.148
6.28E+00,0.144
6.28E+00,0.148
6.28E+00,0.144
6.28E+00,0.144
6.29E+00,0.152
6.29E+00,0.152
6.29E+00,0.14
6.29E+00,0.16
6.29E+00,0.168
6.30E+00,0.152
6.30E+00,0.152
6.30E+00,0.148
6.30E+00,0.148
6.30E+00,0.168
6.31E+00,0.156
6.31E+00,0.148
6.31E+00,0.152
6.31E+00,0.148
6.31E+00,0.144
6.32E+00,0.152
6.32E+00,0.152
6.32E+00,0.148
6.32E+00,0.148
6.32E+00,0.152
6.33E+00,0.152
6.33E+00,0.156
6.33E+00,0.152
6.33E+00,0.156
6.33E+00,0.152
6.34E+00,0.152
6.34E+00,0.148
6.34E+00,0.148
6.34E+00,0.144
6.34E+00,0.148
6.35E+00,0.14
6.35E+00,0.144
6.35E+00,0.152
6.35E+00,0.144
6.35E+00,0.144
6.36E+00,0.148
6.36E+00,0.152
6.36E+00,0.152
6.36E+00,0.14
6.36E+00,0.14
6.37E+00,0.152
6.37E+00,0.144
6.37E+00,0.14
6.37E+00,0.148
6.37E+00,0.144
6.38E+00,0.14
6.38E+00,0.144
6.38E+00,0.152
6.38E+00,0.14
6.38E+00,0.144
6.39E+00,0.152
6.39E+00,0.152
6.39E+00,0.136
6.39E+00,0.152
6.39E+00,0.156
6.40E+00,0.136
6.40E+00,0.148
6.40E+00,0.144
6.40E+00,0.144
6.40E+00,0.144
6.41E+00,0.152
6.41E+00,0.152
6.41E+00,0.148
6.41E+00,0.124
6.41E+00,0.14
6.42E+00,0.152
6.42E+00,0.148
6.42E+00,0.144
6.42E+00,0.148
6.42E+00,0.156
6.43E+00,0.144
6.43E+00,0.144
6.43E+00,0.152
6.43E+00,0.156
6.43E+00,0.148
6.44E+00,0.14
6.44E+00,0.14
6.44E+00,0.14
6.44E+00,0.14
6.44E+00,0.144
6.45E+00,0.144
6.45E+00,0.14
6.45E+00,0.124
6.45E+00,0.14
6.45E+00,0.148
6.46E+00,0.152
6.46E+00,0.148
6.46E+00,0.136
6.46E+00,0.148
6.46E+00,0.144
6.47E+00,0.136
6.47E+00,0.156
6.47E+00,0.144
6.47E+00,0.14
6.47E+00,0.156
6.48E+00,0.148
6.48E+00,0.148
6.48E+00,0.144
6.48E+00,0.144
6.48E+00,0.148
6.49E+00,0.148
6.49E+00,0.144
6.49E+00,0.152
6.49E+00,0.148
6.49E+00,0.156
6.50E+00,0.14
6.50E+00,0.144
6.50E+00,0.14
6.50E+00,0.152
6.50E+00,0.148
6.51E+00,0.152
6.51E+00,0.144
6.51E+00,0.156
6.51E+00,0.144
6.51E+00,0.14
6.52E+00,0.148
6.52E+00,0.152
6.52E+00,0.144
6.52E+00,0.14
6.52E+00,0.148
6.53E+00,0.144
6.53E+00,0.152
6.53E+00,0.148
6.53E+00,0.144
6.53E+00,0.148
6.54E+00,0.144
6.54E+00,0.148
6.54E+00,0.152
6.54E+00,0.164
6.54E+00,0.148
6.55E+00,0.148
6.55E+00,0.144
6.55E+00,0.148
6.55E+00,0.148
6.55E+00,0.136
6.56E+00,0.152
6.56E+00,0.144
6.56E+00,0.148
6.56E+00,0.14
6.56E+00,0.148
6.57E+00,0.14
6.57E+00,0.132
6.57E+00,0.144
6.57E+00,0.148
6.57E+00,0.156
6.58E+00,0.148
6.58E+00,0.156
6.58E+00,0.148
6.58E+00,0.144
6.58E+00,0.148
6.59E+00,0.144
6.59E+00,0.136
6.59E+00,0.148
6.59E+00,0.148
6.59E+00,0.144
6.60E+00,0.152
6.60E+00,0.152
6.60E+00,0.152
6.60E+00,0.152
6.60E+00,0.148
6.61E+00,0.144
6.61E+00,0.14
6.61E+00,0.152
6.61E+00,0.144
6.61E+00,0.152
6.62E+00,0.152
6.62E+00,0.144
6.62E+00,0.136
6.62E+00,0.148
6.62E+00,0.144
6.63E+00,0.152
6.63E+00,0.156
6.63E+00,0.144
6.63E+00,0.136
6.63E+00,0.14
6.64E+00,0.148
6.64E+00,0.148
6.64E+00,0.144
6.64E+00,0.152
6.64E+00,0.144
6.65E+00,0.144
6.65E+00,0.148
6.65E+00,0.152
6.65E+00,0.164
6.65E+00,0.144
6.66E+00,0.148
6.66E+00,0.152
6.66E+00,0.136
6.66E+00,0.136
6.66E+00,0.144
6.67E+00,0.144
6.67E+00,0.144
6.67E+00,0.144
6.67E+00,0.152
6.67E+00,0.136
6.68E+00,0.14
6.68E+00,0.144
6.68E+00,0.148
6.68E+00,0.144
6.68E+00,0.152
6.69E+00,0.148
6.69E+00,0.152
6.69E+00,0.148
6.69E+00,0.152
6.69E+00,0.136
6.70E+00,0.164
6.70E+00,0.132
6.70E+00,0.152
6.70E+00,0.156
6.70E+00,0.144
6.71E+00,0.144
6.71E+00,0.144
6.71E+00,0.144
6.71E+00,0.144
6.71E+00,0.144
6.72E+00,0.152
6.72E+00,0.14
6.72E+00,0.148
6.72E+00,0.152
6.72E+00,0.152
6.73E+00,0.144
6.73E+00,0.136
6.73E+00,0.148
6.73E+00,0.144
6.73E+00,0.148
6.74E+00,0.144
6.74E+00,0.144
6.74E+00,0.164
6.74E+00,0.156
6.74E+00,0.148
6.75E+00,0.144
6.75E+00,0.148
6.75E+00,0.152
6.75E+00,0.144
6.75E+00,0.152
6.76E+00,0.148
6.76E+00,0.152
6.76E+00,0.172
6.76E+00,0.16
6.76E+00,0.14
6.77E+00,0.156
6.77E+00,0.144
6.77E+00,0.152
6.77E+00,0.156
6.77E+00,0.14
6.78E+00,0.148
6.78E+00,0.132
6.78E+00,0.148
6.78E+00,0.148
6.78E+00,0.152
6.79E+00,0.14
6.79E+00,0.144
6.79E+00,0.136
6.79E+00,0.152
6.79E+00,0.136
6.80E+00,0.144
6.80E+00,0.144
6.80E+00,0.14
6.80E+00,0.148
6.80E+00,0.144
6.81E+00,0.156
6.81E+00,0.144
6.81E+00,0.148
6.81E+00,0.148
6.81E+00,0.136
6.82E+00,0.148
6.82E+00,0.14
6.82E+00,0.148
6.82E+00,0.152
6.82E+00,0.136
6.83E+00,0.144
6.83E+00,0.132
6.83E+00,0.144
6.83E+00,0.148
6.83E+00,0.14
6.84E+00,0.148
6.84E+00,0.14
6.84E+00,0.136
6.84E+00,0.136
6.84E+00,0.144
6.85E+00,0.152
6.85E+00,0.148
6.85E+00,0.144
6.85E+00,0.132
6.85E+00,0.148
6.86E+00,0.156
6.86E+00,0.144
6.86E+00,0.156
6.86E+00,0.148
6.86E+00,0.144
6.87E+00,0.14
6.87E+00,0.144
6.87E+00,0.136
6.87E+00,0.144
6.87E+00,0.144
6.88E+00,0.14
6.88E+00,0.144
6.88E+00,0.14
6.88E+00,0.144
6.88E+00,0.156
6.89E+00,0.144
6.89E+00,0.148
6.89E+00,0.152
6.89E+00,0.14
6.89E+00,0.148
6.90E+00,0.14
6.90E+00,0.14
6.90E+00,0.148
6.90E+00,0.132
6.90E+00,0.144
6.91E+00,0.152
6.91E+00,0.148
6.91E+00,0.144
6.91E+00,0.14
6.91E+00,0.144
6.92E+00,0.148
6.92E+00,0.14
6.92E+00,0.144
6.92E+00,0.136
6.92E+00,0.164
6.93E+00,0.148
6.93E+00,0.152
6.93E+00,0.148
6.93E+00,0.132
6.93E+00,0.148
6.94E+00,0.144
6.94E+00,0.14
6.94E+00,0.148
6.94E+00,0.152
6.94E+00,0.144
6.95E+00,0.152
6.95E+00,0.132
6.95E+00,0.156
6.95E+00,0.148
6.95E+00,0.14
6.96E+00,0.14
6.96E+00,0.132
6.96E+00,0.14
6.96E+00,0.16
6.96E+00,0.136
6.97E+00,0.156
6.97E+00,0.136
6.97E+00,0.148
6.97E+00,0.144
6.97E+00,0.144
6.98E+00,0.14
6.98E+00,0.152
6.98E+00,0.144
6.98E+00,0.136
6.98E+00,0.152
6.99E+00,0.148
6.99E+00,0.136
6.99E+00,0.14
6.99E+00,0.144
6.99E+00,0.14
7.00E+00,0.144
7.00E+00,0.14
7.00E+00,0.144
7.00E+00,0.148
7.00E+00,0.136
7.01E+00,0.14
7.01E+00,0.136
7.01E+00,0.156
7.01E+00,0.14
7.01E+00,0.16
7.02E+00,0.136
7.02E+00,0.136
7.02E+00,0.124
7.02E+00,0.144
7.02E+00,0.14
7.03E+00,0.144
7.03E+00,0.14
7.03E+00,0.148
7.03E+00,0.148
7.03E+00,0.148
7.04E+00,0.144
7.04E+00,0.144
7.04E+00,0.132
7.04E+00,0.144
7.04E+00,0.144
7.05E+00,0.152
7.05E+00,0.148
7.05E+00,0.168
7.05E+00,0.136
7.05E+00,0.132
7.06E+00,0.152
7.06E+00,0.148
7.06E+00,0.144
7.06E+00,0.148
7.06E+00,0.144
7.07E+00,0.156
7.07E+00,0.144
7.07E+00,0.148
7.07E+00,0.14
7.07E+00,0.152
7.08E+00,0.136
7.08E+00,0.136
7.08E+00,0.152
7.08E+00,0.14
7.08E+00,0.14
7.09E+00,0.14
7.09E+00,0.148
7.09E+00,0.132
7.09E+00,0.14
7.09E+00,0.152
7.10E+00,0.148
7.10E+00,0.14
7.10E+00,0.136
7.10E+00,0.14
7.10E+00,0.144
7.11E+00,0.144
7.11E+00,0.148
7.11E+00,0.152
7.11E+00,0.148
7.11E+00,0.132
7.12E+00,0.132
7.12E+00,0.144
7.12E+00,0.16
7.12E+00,0.14
7.12E+00,0.14
7.13E+00,0.144
7.13E+00,0.144
7.13E+00,0.156
7.13E+00,0.152
7.13E+00,0.144
7.14E+00,0.148
7.14E+00,0.132
7.14E+00,0.148
7.14E+00,0.136
7.14E+00,0.148
7.15E+00,0.144
7.15E+00,0.148
7.15E+00,0.152
7.15E+00,0.152
7.15E+00,0.148
7.16E+00,0.144
7.16E+00,0.144
7.16E+00,0.148
7.16E+00,0.152
7.16E+00,0.144
7.17E+00,0.144
7.17E+00,0.144
7.17E+00,0.14
7.17E+00,0.152
7.17E+00,0.14
7.18E+00,0.144
7.18E+00,0.144
7.18E+00,0.148
7.18E+00,0.14
7.18E+00,0.144
7.19E+00,0.136
7.19E+00,0.144
7.19E+00,0.176
7.19E+00,0.144
7.19E+00,0.152
7.20E+00,0.144
7.20E+00,0.144
7.20E+00,0.144
7.20E+00,0.14
7.20E+00,0.152
7.21E+00,0.148
7.21E+00,0.152
7.21E+00,0.152
7.21E+00,0.136
7.21E+00,0.152
7.22E+00,0.132
7.22E+00,0.148
7.22E+00,0.14
7.22E+00,0.144
7.22E+00,0.148
7.23E+00,0.144
7.23E+00,0.136
7.23E+00,0.148
7.23E+00,0.152
7.23E+00,0.16
7.24E+00,0.148
7.24E+00,0.144
7.24E+00,0.144
7.24E+00,0.14
7.24E+00,0.152
7.25E+00,0.148
7.25E+00,0.148
7.25E+00,0.156
7.25E+00,0.148
7.25E+00,0.144
7.26E+00,0.152
7.26E+00,0.148
7.26E+00,0.152
7.26E+00,0.14
7.26E+00,0.144
7.27E+00,0.148
7.27E+00,0.148
7.27E+00,0.14
7.27E+00,0.14
7.27E+00,0.144
7.28E+00,0.14
7.28E+00,0.132
7.28E+00,0.14
7.28E+00,0.14
7.28E+00,0.156
7.29E+00,0.14
7.29E+00,0.152
7.29E+00,0.148
7.29E+00,0.136
7.29E+00,0.14
7.30E+00,0.148
7.30E+00,0.148
7.30E+00,0.14
7.30E+00,0.148
7.30E+00,0.14
7.31E+00,0.148
7.31E+00,0.148
7.31E+00,0.14
7.31E+00,0.144
7.31E+00,0.144
7.32E+00,0.152
7.32E+00,0.136
7.32E+00,0.136
7.32E+00,0.152
7.32E+00,0.136
7.33E+00,0.148
7.33E+00,0.14
7.33E+00,0.144
7.33E+00,0.152
7.33E+00,0.148
7.34E+00,0.144
7.34E+00,0.136
7.34E+00,0.152
7.34E+00,0.14
7.34E+00,0.14
7.35E+00,0.14
7.35E+00,0.148
7.35E+00,0.148
7.35E+00,0.144
7.35E+00,0.148
7.36E+00,0.144
7.36E+00,0.148
7.36E+00,0.148
7.36E+00,0.156
7.36E+00,0.148
7.37E+00,0.152
7.37E+00,0.152
7.37E+00,0.14
7.37E+00,0.144
7.37E+00,0.132
7.38E+00,0.148
7.38E+00,0.14
7.38E+00,0.156
7.38E+00,0.152
7.38E+00,0.144
7.39E+00,0.148
7.39E+00,0.144
7.39E+00,0.148
7.39E+00,0.148
7.39E+00,0.148
7.40E+00,0.14
7.40E+00,0.148
7.40E+00,0.148
7.40E+00,0.14
7.40E+00,0.144
7.41E+00,0.148
7.41E+00,0.144
7.41E+00,0.136
7.41E+00,0.156
7.41E+00,0.14
7.42E+00,0.148
7.42E+00,0.14
7.42E+00,0.14
7.42E+00,0.136
7.42E+00,0.148
7.43E+00,0.152
7.43E+00,0.14
7.43E+00,0.14
7.43E+00,0.148
7.43E+00,0.156
7.44E+00,0.148
7.44E+00,0.144
7.44E+00,0.144
7.44E+00,0.14
7.44E+00,0.144
7.45E+00,0.144
7.45E+00,0.144
7.45E+00,0.14
7.45E+00,0.144
7.45E+00,0.14
7.46E+00,0.152
7.46E+00,0.132
7.46E+00,0.144
7.46E+00,0.144
7.46E+00,0.144
7.47E+00,0.144
7.47E+00,0.152
7.47E+00,0.14
7.47E+00,0.148
7.47E+00,0.14
7.48E+00,0.16
7.48E+00,0.144
7.48E+00,0.144
7.48E+00,0.144
7.48E+00,0.14
7.49E+00,0.144
7.49E+00,0.136
7.49E+00,0.144
7.49E+00,0.144
7.49E+00,0.16
7.50E+00,0.148
7.50E+00,0.148
7.50E+00,0.148
7.50E+00,0.14
7.50E+00,0.144
7.51E+00,0.144
7.51E+00,0.136
7.51E+00,0.144
7.51E+00,0.144
7.51E+00,0.14
7.52E+00,0.144
7.52E+00,0.14
7.52E+00,0.148
7.52E+00,0.144
7.52E+00,0.148
7.53E+00,0.148
7.53E+00,0.156
7.53E+00,0.14
7.53E+00,0.132
7.53E+00,0.156
7.54E+00,0.16
7.54E+00,0.152
7.54E+00,0.152
7.54E+00,0.144
7.54E+00,0.156
7.55E+00,0.148
7.55E+00,0.152
7.55E+00,0.144
7.55E+00,0.144
7.55E+00,0.148
7.56E+00,0.144
7.56E+00,0.144
7.56E+00,0.144
7.56E+00,0.144
7.56E+00,0.144
7.57E+00,0.148
7.57E+00,0.14
7.57E+00,0.152
7.57E+00,0.148
7.57E+00,0.144
7.58E+00,0.144
7.58E+00,0.144
7.58E+00,0.14
7.58E+00,0.144
7.58E+00,0.144
7.59E+00,0.144
7.59E+00,0.14
7.59E+00,0.144
7.59E+00,0.144
7.59E+00,0.136
7.60E+00,0.136
7.60E+00,0.148
7.60E+00,0.148
7.60E+00,0.144
7.60E+00,0.144
7.61E+00,0.14
7.61E+00,0.14
7.61E+00,0.148
7.61E+00,0.152
7.61E+00,0.148
7.62E+00,0.148
7.62E+00,0.144
7.62E+00,0.144
7.62E+00,0.136
7.62E+00,0.156
7.63E+00,0.144
7.63E+00,0.148
7.63E+00,0.132
7.63E+00,0.148
7.63E+00,0.12
7.64E+00,0.144
7.64E+00,0.14
7.64E+00,0.14
7.64E+00,0.152
7.64E+00,0.144
7.65E+00,0.148
7.65E+00,0.14
7.65E+00,0.144
7.65E+00,0.14
7.65E+00,0.156
7.66E+00,0.144
7.66E+00,0.148
7.66E+00,0.14
7.66E+00,0.144
7.66E+00,0.156
7.67E+00,0.152
7.67E+00,0.144
7.67E+00,0.148
7.67E+00,0.14
7.67E+00,0.148
7.68E+00,0.144
7.68E+00,0.156
7.68E+00,0.148
7.68E+00,0.144
7.68E+00,0.148
7.69E+00,0.148
7.69E+00,0.14
7.69E+00,0.14
7.69E+00,0.156
7.69E+00,0.136
7.70E+00,0.148
7.70E+00,0.152
7.70E+00,0.148
7.70E+00,0.14
7.70E+00,0.144
7.71E+00,0.148
7.71E+00,0.14
7.71E+00,0.144
7.71E+00,0.148
7.71E+00,0.14
7.72E+00,0.148
7.72E+00,0.148
7.72E+00,0.144
7.72E+00,0.136
7.72E+00,0.148
7.73E+00,0.148
7.73E+00,0.144
7.73E+00,0.14
7.73E+00,0.152
7.73E+00,0.14
7.74E+00,0.14
7.74E+00,0.14
7.74E+00,0.136
7.74E+00,0.14
7.74E+00,0.172
7.75E+00,0.164
7.75E+00,0.148
7.75E+00,0.14
7.75E+00,0.156
7.75E+00,0.136
7.76E+00,0.148
7.76E+00,0.148
7.76E+00,0.148
7.76E+00,0.144
7.76E+00,0.14
7.77E+00,0.144
7.77E+00,0.148
7.77E+00,0.152
7.77E+00,0.144
7.77E+00,0.14
7.78E+00,0.14
7.78E+00,0.14
7.78E+00,0.156
7.78E+00,0.144
7.78E+00,0.144
7.79E+00,0.14
7.79E+00,0.136
7.79E+00,0.14
7.79E+00,0.152
7.79E+00,0.136
7.80E+00,0.164
7.80E+00,0.148
7.80E+00,0.148
7.80E+00,0.14
7.80E+00,0.144
7.81E+00,0.14
7.81E+00,0.144
7.81E+00,0.14
7.81E+00,0.14
7.81E+00,0.148
7.82E+00,0.148
7.82E+00,0.144
7.82E+00,0.144
7.82E+00,0.144
7.82E+00,0.148
7.83E+00,0.148
7.83E+00,0.14
7.83E+00,0.144
7.83E+00,0.14
7.83E+00,0.152
7.84E+00,0.148
7.84E+00,0.156
7.84E+00,0.144
7.84E+00,0.148
7.84E+00,0.152
7.85E+00,0.136
7.85E+00,0.152
7.85E+00,0.144
7.85E+00,0.152
7.85E+00,0.124
7.86E+00,0.156
7.86E+00,0.148
7.86E+00,0.148
7.86E+00,0.148
7.86E+00,0.148
7.87E+00,0.14
7.87E+00,0.152
7.87E+00,0.148
7.87E+00,0.148
7.87E+00,0.152
7.88E+00,0.144
7.88E+00,0.168
7.88E+00,0.152
7.88E+00,0.152
7.88E+00,0.152
7.89E+00,0.144
7.89E+00,0.144
7.89E+00,0.136
7.89E+00,0.148
7.89E+00,0.152
7.90E+00,0.148
7.90E+00,0.136
7.90E+00,0.152
7.90E+00,0.148
7.90E+00,0.144
7.91E+00,0.144
7.91E+00,0.148
7.91E+00,0.144
7.91E+00,0.144
7.91E+00,0.152
7.92E+00,0.14
7.92E+00,0.144
7.92E+00,0.144
7.92E+00,0.144
7.92E+00,0.14
7.93E+00,0.156
7.93E+00,0.156
7.93E+00,0.144
7.93E+00,0.14
7.93E+00,0.144
7.94E+00,0.156
7.94E+00,0.144
7.94E+00,0.144
7.94E+00,0.136
7.94E+00,0.14
7.95E+00,0.144
7.95E+00,0.152
7.95E+00,0.16
7.95E+00,0.14
7.95E+00,0.14
7.96E+00,0.128
7.96E+00,0.14
7.96E+00,0.152
7.96E+00,0.14
7.96E+00,0.144
7.97E+00,0.152
7.97E+00,0.144
7.97E+00,0.144
7.97E+00,0.14
7.97E+00,0.148
7.98E+00,0.148
7.98E+00,0.148
7.98E+00,0.14
7.98E+00,0.14
7.98E+00,0.156
7.99E+00,0.14
7.99E+00,0.14
7.99E+00,0.144
7.99E+00,0.152
7.99E+00,0.14
8.00E+00,0.144
8.00E+00,0.148
8.00E+00,0.144
8.00E+00,0.132
8.00E+00,0.144
8.01E+00,0.14
8.01E+00,0.148
8.01E+00,0.144
8.01E+00,0.14
8.01E+00,0.144
8.02E+00,0.144
8.02E+00,0.148
8.02E+00,0.148
8.02E+00,0.14
8.02E+00,0.156
8.03E+00,0.14
8.03E+00,0.152
8.03E+00,0.148
8.03E+00,0.136
8.03E+00,0.148
8.04E+00,0.152
8.04E+00,0.144
8.04E+00,0.144
8.04E+00,0.152
8.04E+00,0.148
8.05E+00,0.148
8.05E+00,0.132
8.05E+00,0.144
8.05E+00,0.144
8.05E+00,0.148
8.06E+00,0.136
8.06E+00,0.144
8.06E+00,0.14
8.06E+00,0.144
8.06E+00,0.144
8.07E+00,0.148
8.07E+00,0.152
8.07E+00,0.136
8.07E+00,0.152
8.07E+00,0.152
8.08E+00,0.14
8.08E+00,0.14
8.08E+00,0.14
8.08E+00,0.14
8.08E+00,0.144
8.09E+00,0.136
8.09E+00,0.136
8.09E+00,0.156
8.09E+00,0.152
8.09E+00,0.156
8.10E+00,0.136
8.10E+00,0.152
8.10E+00,0.144
8.10E+00,0.148
8.10E+00,0.144
8.11E+00,0.14
8.11E+00,0.14
8.11E+00,0.14
8.11E+00,0.152
8.11E+00,0.14
8.12E+00,0.144
8.12E+00,0.14
8.12E+00,0.14
8.12E+00,0.164
8.12E+00,0.144
8.13E+00,0.14
8.13E+00,0.128
8.13E+00,0.168
8.13E+00,0.144
8.13E+00,0.156
8.14E+00,0.152
8.14E+00,0.144
8.14E+00,0.148
8.14E+00,0.14
8.14E+00,0.14
8.15E+00,0.152
8.15E+00,0.14
8.15E+00,0.136
8.15E+00,0.144
8.15E+00,0.144
8.16E+00,0.136
8.16E+00,0.152
8.16E+00,0.148
8.16E+00,0.14
8.16E+00,0.148
8.17E+00,0.152
8.17E+00,0.144
8.17E+00,0.148
8.17E+00,0.144
8.17E+00,0.144
8.18E+00,0.144
8.18E+00,0.144
8.18E+00,0.144
8.18E+00,0.152
8.18E+00,0.148
8.19E+00,0.128
8.19E+00,0.136
8.19E+00,0.128
8.19E+00,0.144
8.19E+00,0.144
8.20E+00,0.152
8.20E+00,0.148
8.20E+00,0.144
8.20E+00,0.148
8.20E+00,0.144
8.21E+00,0.144
8.21E+00,0.14
8.21E+00,0.132
8.21E+00,0.144
8.21E+00,0.152
8.22E+00,0.152
8.22E+00,0.14
8.22E+00,0.132
8.22E+00,0.144
8.22E+00,0.14
8.23E+00,0.148
8.23E+00,0.136
8.23E+00,0.14
8.23E+00,0.156
8.23E+00,0.144
8.24E+00,0.144
8.24E+00,0.14
8.24E+00,0.14
8.24E+00,0.152
8.24E+00,0.148
8.25E+00,0.132
8.25E+00,0.136
8.25E+00,0.144
8.25E+00,0.14
8.25E+00,0.144
8.26E+00,0.144
8.26E+00,0.144
8.26E+00,0.16
8.26E+00,0.132
8.26E+00,0.144
8.27E+00,0.14
8.27E+00,0.14
8.27E+00,0.144
8.27E+00,0.14
8.27E+00,0.148
8.28E+00,0.152
8.28E+00,0.144
8.28E+00,0.152
8.28E+00,0.124
8.28E+00,0.144
8.29E+00,0.14
8.29E+00,0.14
8.29E+00,0.148
8.29E+00,0.144
8.29E+00,0.14
8.30E+00,0.152
8.30E+00,0.14
8.30E+00,0.16
8.30E+00,0.14
8.30E+00,0.144
8.31E+00,0.144
8.31E+00,0.14
8.31E+00,0.144
8.31E+00,0.144
8.31E+00,0.144
8.32E+00,0.148
8.32E+00,0.132
8.32E+00,0.148
8.32E+00,0.144
8.32E+00,0.148
8.33E+00,0.148
8.33E+00,0.144
8.33E+00,0.148
8.33E+00,0.136
8.33E+00,0.14
8.34E+00,0.144
8.34E+00,0.14
8.34E+00,0.148
8.34E+00,0.124
8.34E+00,0.14
8.35E+00,0.14
8.35E+00,0.144
8.35E+00,0.148
8.35E+00,0.14
8.35E+00,0.14
8.36E+00,0.14
8.36E+00,0.144
8.36E+00,0.14
8.36E+00,0.14
8.36E+00,0.148
8.37E+00,0.144
8.37E+00,0.144
8.37E+00,0.148
8.37E+00,0.14
8.37E+00,0.144
8.38E+00,0.14
8.38E+00,0.144
8.38E+00,0.14
8.38E+00,0.144
8.38E+00,0.14
8.39E+00,0.152
8.39E+00,0.148
8.39E+00,0.144
8.39E+00,0.144
8.39E+00,0.148
8.40E+00,0.148
8.40E+00,0.144
8.40E+00,0.144
8.40E+00,0.148
8.40E+00,0.14
8.41E+00,0.14
8.41E+00,0.148
8.41E+00,0.156
8.41E+00,0.14
8.41E+00,0.14
8.42E+00,0.14
8.42E+00,0.144
8.42E+00,0.14
8.42E+00,0.144
8.42E+00,0.152
8.43E+00,0.136
8.43E+00,0.144
8.43E+00,0.148
8.43E+00,0.136
8.43E+00,0.148
8.44E+00,0.148
8.44E+00,0.14
8.44E+00,0.136
8.44E+00,0.14
8.44E+00,0.156
8.45E+00,0.148
8.45E+00,0.148
8.45E+00,0.148
8.45E+00,0.144
8.45E+00,0.148
8.46E+00,0.144
8.46E+00,0.144
8.46E+00,0.14
8.46E+00,0.124
8.46E+00,0.152
8.47E+00,0.14
8.47E+00,0.156
8.47E+00,0.136
8.47E+00,0.132
8.47E+00,0.144
8.48E+00,0.152
8.48E+00,0.152
8.48E+00,0.148
8.48E+00,0.14
8.48E+00,0.144
8.49E+00,0.16
8.49E+00,0.148
8.49E+00,0.148
8.49E+00,0.144
8.49E+00,0.148
8.50E+00,0.152
8.50E+00,0.14
8.50E+00,0.148
8.50E+00,0.148
8.50E+00,0.14
8.51E+00,0.144
8.51E+00,0.14
8.51E+00,0.14
8.51E+00,0.148
8.51E+00,0.144
8.52E+00,0.124
8.52E+00,0.14
8.52E+00,0.144
8.52E+00,0.144
8.52E+00,0.14
8.53E+00,0.148
8.53E+00,0.144
8.53E+00,0.14
8.53E+00,0.144
8.53E+00,0.136
8.54E+00,0.14
8.54E+00,0.144
8.54E+00,0.152
8.54E+00,0.14
8.54E+00,0.148
8.55E+00,0.14
8.55E+00,0.156
8.55E+00,0.14
8.55E+00,0.136
8.55E+00,0.14
8.56E+00,0.148
8.56E+00,0.14
8.56E+00,0.156
8.56E+00,0.136
8.56E+00,0.144
8.57E+00,0.14
8.57E+00,0.144
8.57E+00,0.132
8.57E+00,0.132
8.57E+00,0.14
8.58E+00,0.144
8.58E+00,0.148
8.58E+00,0.148
8.58E+00,0.156
8.58E+00,0.144
8.59E+00,0.144
8.59E+00,0.148
8.59E+00,0.132
8.59E+00,0.144
8.59E+00,0.136
8.60E+00,0.144
8.60E+00,0.148
8.60E+00,0.148
8.60E+00,0.144
8.60E+00,0.148
8.61E+00,0.144
8.61E+00,0.14
8.61E+00,0.144
8.61E+00,0.148
8.61E+00,0.136
8.62E+00,0.14
8.62E+00,0.144
8.62E+00,0.136
8.62E+00,0.148
8.62E+00,0.14
8.63E+00,0.144
8.63E+00,0.144
8.63E+00,0.144
8.63E+00,0.14
8.63E+00,0.136
8.64E+00,0.144
8.64E+00,0.14
8.64E+00,0.14
8.64E+00,0.132
8.64E+00,0.14
8.65E+00,0.144
8.65E+00,0.148
8.65E+00,0.152
8.65E+00,0.156
8.65E+00,0.136
8.66E+00,0.156
8.66E+00,0.148
8.66E+00,0.14
8.66E+00,0.14
8.66E+00,0.12
8.67E+00,0.14
8.67E+00,0.144
8.67E+00,0.14
8.67E+00,0.14
8.67E+00,0.14
8.68E+00,0.148
8.68E+00,0.148
8.68E+00,0.144
8.68E+00,0.132
8.68E+00,0.148
8.69E+00,0.148
8.69E+00,0.148
8.69E+00,0.148
8.69E+00,0.144
8.69E+00,0.148
8.70E+00,0.148
8.70E+00,0.14
8.70E+00,0.14
8.70E+00,0.144
8.70E+00,0.144
8.71E+00,0.148
8.71E+00,0.14
8.71E+00,0.136
8.71E+00,0.152
8.71E+00,0.148
8.72E+00,0.136
8.72E+00,0.144
8.72E+00,0.144
8.72E+00,0.14
8.72E+00,0.152
8.73E+00,0.144
8.73E+00,0.152
8.73E+00,0.136
8.73E+00,0.148
8.73E+00,0.148
8.74E+00,0.152
8.74E+00,0.152
8.74E+00,0.14
8.74E+00,0.14
8.74E+00,0.148
8.75E+00,0.144
8.75E+00,0.144
8.75E+00,0.148
8.75E+00,0.152
8.75E+00,0.144
8.76E+00,0.136
8.76E+00,0.144
8.76E+00,0.128
8.76E+00,0.152
8.76E+00,0.14
8.77E+00,0.144
8.77E+00,0.152
8.77E+00,0.156
8.77E+00,0.144
8.77E+00,0.136
8.78E+00,0.136
8.78E+00,0.152
8.78E+00,0.144
8.78E+00,0.148
8.78E+00,0.156
8.79E+00,0.148
8.79E+00,0.144
8.79E+00,0.136
8.79E+00,0.14
8.79E+00,0.152
8.80E+00,0.136
8.80E+00,0.148
8.80E+00,0.136
8.80E+00,0.148
8.80E+00,0.148
8.81E+00,0.144
8.81E+00,0.144
8.81E+00,0.164
8.81E+00,0.148
8.81E+00,0.14
8.82E+00,0.136
8.82E+00,0.136
8.82E+00,0.144
8.82E+00,0.14
8.82E+00,0.148
8.83E+00,0.148
8.83E+00,0.152
8.83E+00,0.148
8.83E+00,0.144
8.83E+00,0.152
8.84E+00,0.148
8.84E+00,0.144
8.84E+00,0.148
8.84E+00,0.152
8.84E+00,0.148
8.85E+00,0.152
8.85E+00,0.144
8.85E+00,0.148
8.85E+00,0.144
8.85E+00,0.14
8.86E+00,0.136
8.86E+00,0.156
8.86E+00,0.144
8.86E+00,0.156
8.86E+00,0.148
8.87E+00,0.136
8.87E+00,0.14
8.87E+00,0.136
8.87E+00,0.148
8.87E+00,0.148
8.88E+00,0.144
8.88E+00,0.152
8.88E+00,0.148
8.88E+00,0.144
8.88E+00,0.152
8.89E+00,0.124
8.89E+00,0.156
8.89E+00,0.14
8.89E+00,0.14
8.89E+00,0.144
8.90E+00,0.156
8.90E+00,0.148
8.90E+00,0.14
8.90E+00,0.152
8.90E+00,0.136
8.91E+00,0.132
8.91E+00,0.144
8.91E+00,0.152
8.91E+00,0.14
8.91E+00,0.156
8.92E+00,0.148
8.92E+00,0.152
8.92E+00,0.14
8.92E+00,0.144
8.92E+00,0.14
8.93E+00,0.14
8.93E+00,0.148
8.93E+00,0.148
8.93E+00,0.14
8.93E+00,0.14
8.94E+00,0.132
8.94E+00,0.156
8.94E+00,0.144
8.94E+00,0.152
8.94E+00,0.148
8.95E+00,0.144
8.95E+00,0.148
8.95E+00,0.152
8.95E+00,0.136
8.95E+00,0.156
8.96E+00,0.144
8.96E+00,0.144
8.96E+00,0.144
8.96E+00,0.144
8.96E+00,0.148
8.97E+00,0.144
8.97E+00,0.144
8.97E+00,0.148
8.97E+00,0.144
8.97E+00,0.14
8.98E+00,0.112
8.98E+00,0.132
8.98E+00,0.148
8.98E+00,0.152
8.98E+00,0.144
8.99E+00,0.144
8.99E+00,0.156
8.99E+00,0.14
8.99E+00,0.152
8.99E+00,0.148
9.00E+00,0.148
9.00E+00,0.148
9.00E+00,0.144
9.00E+00,0.148
9.00E+00,0.144
9.01E+00,0.144
9.01E+00,0.132
9.01E+00,0.152
9.01E+00,0.144
9.01E+00,0.144
9.02E+00,0.136
9.02E+00,0.14
9.02E+00,0.136
9.02E+00,0.144
9.02E+00,0.14
9.03E+00,0.152
9.03E+00,0.144
9.03E+00,0.144
9.03E+00,0.144
9.03E+00,0.172
9.04E+00,0.164
9.04E+00,0.144
9.04E+00,0.152
9.04E+00,0.14
9.04E+00,0.14
9.05E+00,0.148
9.05E+00,0.14
9.05E+00,0.136
9.05E+00,0.148
9.05E+00,0.156
9.06E+00,0.14
9.06E+00,0.152
9.06E+00,0.156
9.06E+00,0.136
9.06E+00,0.148
9.07E+00,0.148
9.07E+00,0.144
9.07E+00,0.156
9.07E+00,0.156
9.07E+00,0.148
9.08E+00,0.144
9.08E+00,0.144
9.08E+00,0.14
9.08E+00,0.144
9.08E+00,0.152
9.09E+00,0.16
9.09E+00,0.14
9.09E+00,0.152
9.09E+00,0.14
9.09E+00,0.144
9.10E+00,0.144
9.10E+00,0.136
9.10E+00,0.132
9.10E+00,0.144
9.10E+00,0.144
9.11E+00,0.132
9.11E+00,0.144
9.11E+00,0.128
9.11E+00,0.14
9.11E+00,0.144
9.12E+00,0.152
9.12E+00,0.148
9.12E+00,0.144
9.12E+00,0.148
9.12E+00,0.152
9.13E+00,0.112
9.13E+00,0.148
9.13E+00,0.132
9.13E+00,0.144
9.13E+00,0.128
9.14E+00,0.148
9.14E+00,0.148
9.14E+00,0.14
9.14E+00,0.148
9.14E+00,0.144
9.15E+00,0.152
9.15E+00,0.148
9.15E+00,0.14
9.15E+00,0.152
9.15E+00,0.148
9.16E+00,0.148
9.16E+00,0.152
9.16E+00,0.14
9.16E+00,0.144
9.16E+00,0.16
9.17E+00,0.144
9.17E+00,0.144
9.17E+00,0.136
9.17E+00,0.14
9.17E+00,0.148
9.18E+00,0.152
9.18E+00,0.14
9.18E+00,0.144
9.18E+00,0.144
9.18E+00,0.156
9.19E+00,0.124
9.19E+00,0.144
9.19E+00,0.144
9.19E+00,0.148
9.19E+00,0.156
9.20E+00,0.152
9.20E+00,0.148
9.20E+00,0.144
9.20E+00,0.144
9.20E+00,0.148
9.21E+00,0.132
9.21E+00,0.14
9.21E+00,0.14
9.21E+00,0.152
9.21E+00,0.14
9.22E+00,0.14
9.22E+00,0.144
9.22E+00,0.136
9.22E+00,0.152
9.22E+00,0.156
9.23E+00,0.136
9.23E+00,0.14
9.23E+00,0.148
9.23E+00,0.152
9.23E+00,0.14
9.24E+00,0.136
9.24E+00,0.144
9.24E+00,0.136
9.24E+00,0.152
9.24E+00,0.144
9.25E+00,0.148
9.25E+00,0.148
9.25E+00,0.14
9.25E+00,0.148
9.25E+00,0.14
9.26E+00,0.152
9.26E+00,0.156
9.26E+00,0.148
9.26E+00,0.144
9.26E+00,0.156
9.27E+00,0.144
9.27E+00,0.148
9.27E+00,0.144
9.27E+00,0.136
9.27E+00,0.152
9.28E+00,0.144
9.28E+00,0.144
9.28E+00,0.148
9.28E+00,0.136
9.28E+00,0.14
9.29E+00,0.144
9.29E+00,0.152
9.29E+00,0.144
9.29E+00,0.14
9.29E+00,0.136
9.30E+00,0.12
9.30E+00,0.132
9.30E+00,0.12
9.30E+00,0.136
9.30E+00,0.14
9.31E+00,0.148
9.31E+00,0.144
9.31E+00,0.156
9.31E+00,0.156
9.31E+00,0.144
9.32E+00,0.152
9.32E+00,0.152
9.32E+00,0.156
9.32E+00,0.148
9.32E+00,0.14
9.33E+00,0.148
9.33E+00,0.144
9.33E+00,0.144
9.33E+00,0.136
9.33E+00,0.16
9.34E+00,0.144
9.34E+00,0.148
9.34E+00,0.144
9.34E+00,0.148
9.34E+00,0.152
9.35E+00,0.144
9.35E+00,0.132
9.35E+00,0.156
9.35E+00,0.148
9.35E+00,0.152
9.36E+00,0.144
9.36E+00,0.152
9.36E+00,0.148
9.36E+00,0.152
9.36E+00,0.148
9.37E+00,0.136
9.37E+00,0.144
9.37E+00,0.136
9.37E+00,0.14
9.37E+00,0.144
9.38E+00,0.136
9.38E+00,0.14
9.38E+00,0.152
9.38E+00,0.148
9.38E+00,0.152
9.39E+00,0.156
9.39E+00,0.148
9.39E+00,0.148
9.39E+00,0.144
9.39E+00,0.156
9.40E+00,0.148
9.40E+00,0.148
9.40E+00,0.148
9.40E+00,0.144
9.40E+00,0.148
9.41E+00,0.144
9.41E+00,0.156
9.41E+00,0.148
9.41E+00,0.144
9.41E+00,0.156
9.42E+00,0.148
9.42E+00,0.148
9.42E+00,0.14
9.42E+00,0.136
9.42E+00,0.144
9.43E+00,0.14
9.43E+00,0.144
9.43E+00,0.152
9.43E+00,0.152
9.43E+00,0.148
9.44E+00,0.148
9.44E+00,0.152
9.44E+00,0.152
9.44E+00,0.144
9.44E+00,0.172
9.45E+00,0.144
9.45E+00,0.148
9.45E+00,0.152
9.45E+00,0.144
9.45E+00,0.156
9.46E+00,0.144
9.46E+00,0.16
9.46E+00,0.152
9.46E+00,0.164
9.46E+00,0.14
9.47E+00,0.148
9.47E+00,0.144
9.47E+00,0.148
9.47E+00,0.152
9.47E+00,0.148
9.48E+00,0.152
9.48E+00,0.152
9.48E+00,0.144
9.48E+00,0.152
9.48E+00,0.152
9.49E+00,0.172
9.49E+00,0.16
9.49E+00,0.156
9.49E+00,0.148
9.49E+00,0.152
9.50E+00,0.144
9.50E+00,0.156
9.50E+00,0.156
9.50E+00,0.152
9.50E+00,0.156
9.51E+00,0.156
9.51E+00,0.152
9.51E+00,0.156
9.51E+00,0.128
9.51E+00,0.144
9.52E+00,0.156
9.52E+00,0.148
9.52E+00,0.148
9.52E+00,0.152
9.52E+00,0.152
9.53E+00,0.152
9.53E+00,0.156
9.53E+00,0.148
9.53E+00,0.144
9.53E+00,0.144
9.54E+00,0.14
9.54E+00,0.144
9.54E+00,0.152
9.54E+00,0.148
9.54E+00,0.14
9.55E+00,0.14
9.55E+00,0.14
9.55E+00,0.148
9.55E+00,0.136
9.55E+00,0.144
9.56E+00,0.14
9.56E+00,0.152
9.56E+00,0.144
9.56E+00,0.152
9.56E+00,0.144
9.57E+00,0.136
9.57E+00,0.152
9.57E+00,0.148
9.57E+00,0.148
9.57E+00,0.136
9.58E+00,0.128
9.58E+00,0.14
9.58E+00,0.148
9.58E+00,0.148
9.58E+00,0.144
9.59E+00,0.14
9.59E+00,0.148
9.59E+00,0.148
9.59E+00,0.148
9.59E+00,0.14
9.60E+00,0.132
9.60E+00,0.144
9.60E+00,0.144
9.60E+00,0.14
9.60E+00,0.148
9.61E+00,0.152
9.61E+00,0.136
9.61E+00,0.14
9.61E+00,0.124
9.61E+00,0.14
9.62E+00,0.144
9.62E+00,0.148
9.62E+00,0.152
9.62E+00,0.144
9.62E+00,0.148
9.63E+00,0.144
9.63E+00,0.152
9.63E+00,0.144
9.63E+00,0.152
9.63E+00,0.148
9.64E+00,0.14
9.64E+00,0.144
9.64E+00,0.152
9.64E+00,0.148
9.64E+00,0.144
9.65E+00,0.14
9.65E+00,0.14
9.65E+00,0.144
9.65E+00,0.144
9.65E+00,0.136
9.66E+00,0.148
9.66E+00,0.144
9.66E+00,0.152
9.66E+00,0.144
9.66E+00,0.148
9.67E+00,0.14
9.67E+00,0.144
9.67E+00,0.144
9.67E+00,0.16
9.67E+00,0.144
9.68E+00,0.152
9.68E+00,0.144
9.68E+00,0.144
9.68E+00,0.144
9.68E+00,0.156
9.69E+00,0.14
9.69E+00,0.12
9.69E+00,0.14
9.69E+00,0.152
9.69E+00,0.148
9.70E+00,0.152
9.70E+00,0.156
9.70E+00,0.148
9.70E+00,0.152
9.70E+00,0.148
9.71E+00,0.148
9.71E+00,0.144
9.71E+00,0.156
9.71E+00,0.14
9.71E+00,0.152
9.72E+00,0.152
9.72E+00,0.144
9.72E+00,0.144
9.72E+00,0.148
9.72E+00,0.152
9.73E+00,0.156
9.73E+00,0.156
9.73E+00,0.144
9.73E+00,0.144
9.73E+00,0.14
9.74E+00,0.148
9.74E+00,0.14
9.74E+00,0.16
9.74E+00,0.156
9.74E+00,0.156
9.75E+00,0.148
9.75E+00,0.144
9.75E+00,0.144
9.75E+00,0.144
9.75E+00,0.148
9.76E+00,0.152
9.76E+00,0.136
9.76E+00,0.144
9.76E+00,0.148
9.76E+00,0.156
9.77E+00,0.14
9.77E+00,0.144
9.77E+00,0.144
9.77E+00,0.148
9.77E+00,0.144
9.78E+00,0.144
9.78E+00,0.144
9.78E+00,0.152
9.78E+00,0.152
9.78E+00,0.144
9.79E+00,0.148
9.79E+00,0.148
9.79E+00,0.14
9.79E+00,0.148
9.79E+00,0.14
9.80E+00,0.152
9.80E+00,0.148
9.80E+00,0.14
9.80E+00,0.152
9.80E+00,0.148
9.81E+00,0.144
9.81E+00,0.144
9.81E+00,0.144
9.81E+00,0.148
9.81E+00,0.14
9.82E+00,0.124
9.82E+00,0.148
9.82E+00,0.152
9.82E+00,0.148
9.82E+00,0.144
9.83E+00,0.148
9.83E+00,0.14
9.83E+00,0.14
9.83E+00,0.14
9.83E+00,0.132
9.84E+00,0.16
9.84E+00,0.14
9.84E+00,0.152
9.84E+00,0.14
9.84E+00,0.148
9.85E+00,0.14
9.85E+00,0.14
9.85E+00,0.14
9.85E+00,0.14
9.85E+00,0.14
9.86E+00,0.136
9.86E+00,0.14
9.86E+00,0.156
9.86E+00,0.144
9.86E+00,0.136
9.87E+00,0.148
9.87E+00,0.148
9.87E+00,0.14
9.87E+00,0.148
9.87E+00,0.144
9.88E+00,0.144
9.88E+00,0.144
9.88E+00,0.148
9.88E+00,0.152
9.88E+00,0.144
9.89E+00,0.148
9.89E+00,0.152
9.89E+00,0.144
9.89E+00,0.152
9.89E+00,0.14
9.90E+00,0.144
9.90E+00,0.144
9.90E+00,0.152
9.90E+00,0.148
9.90E+00,0.148
9.91E+00,0.144
9.91E+00,0.156
9.91E+00,0.148
9.91E+00,0.156
9.91E+00,0.148
9.92E+00,0.152
9.92E+00,0.156
9.92E+00,0.148
9.92E+00,0.156
9.92E+00,0.144
9.93E+00,0.148
9.93E+00,0.14
9.93E+00,0.148
9.93E+00,0.148
9.93E+00,0.144
9.94E+00,0.152
9.94E+00,0.136
9.94E+00,0.14
9.94E+00,0.148
9.94E+00,0.148
9.95E+00,0.148
9.95E+00,0.144
9.95E+00,0.144
9.95E+00,0.14
9.95E+00,0.14
9.96E+00,0.148
9.96E+00,0.136
9.96E+00,0.144
9.96E+00,0.144
9.96E+00,0.144
9.97E+00,0.156
9.97E+00,0.144
9.97E+00,0.144
9.97E+00,0.144
9.97E+00,0.144
9.98E+00,0.14
9.98E+00,0.144
9.98E+00,0.152
9.98E+00,0.144
9.98E+00,0.144
9.99E+00,0.14
9.99E+00,0.14
9.99E+00,0.144
9.99E+00,0.148
9.99E+00,0.148
1.00E+01,0.148
1.00E+01,0.14
