Time,Transmittance
-1.00E+01,11.04
-1.00E+01,11.12
-1.00E+01,11.04
-9.99E+00,11.12
-9.99E+00,10.88
-9.99E+00,11.04
-9.99E+00,10.88
-9.99E+00,11.2
-9.98E+00,11.04
-9.98E+00,10.96
-9.98E+00,10.96
-9.98E+00,11.04
-9.98E+00,11.04
-9.97E+00,10.88
-9.97E+00,11.04
-9.97E+00,10.88
-9.97E+00,10.96
-9.97E+00,10.96
-9.96E+00,11.04
-9.96E+00,10.96
-9.96E+00,11.12
-9.96E+00,10.88
-9.96E+00,10.88
-9.95E+00,10.96
-9.95E+00,11.04
-9.95E+00,10.96
-9.95E+00,11.04
-9.95E+00,10.88
-9.94E+00,10.88
-9.94E+00,11.12
-9.94E+00,11.04
-9.94E+00,11.04
-9.94E+00,11.04
-9.93E+00,11.12
-9.93E+00,11.04
-9.93E+00,11.04
-9.93E+00,11.12
-9.93E+00,10.96
-9.92E+00,11.04
-9.92E+00,11.04
-9.92E+00,11.04
-9.92E+00,10.96
-9.92E+00,11.04
-9.91E+00,11.2
-9.91E+00,10.88
-9.91E+00,10.96
-9.91E+00,11.04
-9.91E+00,11.12
-9.90E+00,10.96
-9.90E+00,10.88
-9.90E+00,11.04
-9.90E+00,11.04
-9.90E+00,10.96
-9.89E+00,11.12
-9.89E+00,11.12
-9.89E+00,11.04
-9.89E+00,10.96
-9.89E+00,11.04
-9.88E+00,10.96
-9.88E+00,11.04
-9.88E+00,10.96
-9.88E+00,10.96
-9.88E+00,10.96
-9.87E+00,10.96
-9.87E+00,11.04
-9.87E+00,11.04
-9.87E+00,10.96
-9.87E+00,11.04
-9.86E+00,10.96
-9.86E+00,10.96
-9.86E+00,10.96
-9.86E+00,11.04
-9.86E+00,10.96
-9.85E+00,11.04
-9.85E+00,11.04
-9.85E+00,11.2
-9.85E+00,10.96
-9.85E+00,10.88
-9.84E+00,11.04
-9.84E+00,10.96
-9.84E+00,11.12
-9.84E+00,10.96
-9.84E+00,11.04
-9.83E+00,11.04
-9.83E+00,11.12
-9.83E+00,10.88
-9.83E+00,11.04
-9.83E+00,10.88
-9.82E+00,10.96
-9.82E+00,10.88
-9.82E+00,11.04
-9.82E+00,11.04
-9.82E+00,11.04
-9.81E+00,11.04
-9.81E+00,11.04
-9.81E+00,11.12
-9.81E+00,10.96
-9.81E+00,11.04
-9.80E+00,10.96
-9.80E+00,10.96
-9.80E+00,11.04
-9.80E+00,10.96
-9.80E+00,10.96
-9.79E+00,10.96
-9.79E+00,10.96
-9.79E+00,10.96
-9.79E+00,11.04
-9.79E+00,11.04
-9.78E+00,10.96
-9.78E+00,10.96
-9.78E+00,11.04
-9.78E+00,10.96
-9.78E+00,10.96
-9.77E+00,11.04
-9.77E+00,10.88
-9.77E+00,10.96
-9.77E+00,11.04
-9.77E+00,10.88
-9.76E+00,10.96
-9.76E+00,11.12
-9.76E+00,11.04
-9.76E+00,10.96
-9.76E+00,11.04
-9.75E+00,10.96
-9.75E+00,11.04
-9.75E+00,10.88
-9.75E+00,11.04
-9.75E+00,10.96
-9.74E+00,11.04
-9.74E+00,10.96
-9.74E+00,11.12
-9.74E+00,11.04
-9.74E+00,11.04
-9.73E+00,10.88
-9.73E+00,11.04
-9.73E+00,11.04
-9.73E+00,11.04
-9.73E+00,10.96
-9.72E+00,10.96
-9.72E+00,11.04
-9.72E+00,10.96
-9.72E+00,10.88
-9.72E+00,11.04
-9.71E+00,11.12
-9.71E+00,11.12
-9.71E+00,10.96
-9.71E+00,10.88
-9.71E+00,11.04
-9.70E+00,11.04
-9.70E+00,11.04
-9.70E+00,10.96
-9.70E+00,10.96
-9.70E+00,10.96
-9.69E+00,10.88
-9.69E+00,10.88
-9.69E+00,11.04
-9.69E+00,10.96
-9.69E+00,11.04
-9.68E+00,10.96
-9.68E+00,11.12
-9.68E+00,11.12
-9.68E+00,10.96
-9.68E+00,10.96
-9.67E+00,10.88
-9.67E+00,11.12
-9.67E+00,10.96
-9.67E+00,11.04
-9.67E+00,10.96
-9.66E+00,11.04
-9.66E+00,11.04
-9.66E+00,11.04
-9.66E+00,11.12
-9.66E+00,10.96
-9.65E+00,11.04
-9.65E+00,10.96
-9.65E+00,11.04
-9.65E+00,11.04
-9.65E+00,11.04
-9.64E+00,10.88
-9.64E+00,11.04
-9.64E+00,11.12
-9.64E+00,10.96
-9.64E+00,10.96
-9.63E+00,11.04
-9.63E+00,10.88
-9.63E+00,11.12
-9.63E+00,10.96
-9.63E+00,11.04
-9.62E+00,10.96
-9.62E+00,10.96
-9.62E+00,11.12
-9.62E+00,11.04
-9.62E+00,10.88
-9.61E+00,10.96
-9.61E+00,10.8
-9.61E+00,11.04
-9.61E+00,10.8
-9.61E+00,11.04
-9.60E+00,10.96
-9.60E+00,11.04
-9.60E+00,10.88
-9.60E+00,10.96
-9.60E+00,10.96
-9.59E+00,11.12
-9.59E+00,10.96
-9.59E+00,10.96
-9.59E+00,11.04
-9.59E+00,11.12
-9.58E+00,11.2
-9.58E+00,10.88
-9.58E+00,11.04
-9.58E+00,11.12
-9.58E+00,11.12
-9.57E+00,11.12
-9.57E+00,10.88
-9.57E+00,11.04
-9.57E+00,10.96
-9.57E+00,11.04
-9.56E+00,11.12
-9.56E+00,11.04
-9.56E+00,10.88
-9.56E+00,11.04
-9.56E+00,10.88
-9.55E+00,11.04
-9.55E+00,10.88
-9.55E+00,11.04
-9.55E+00,10.96
-9.55E+00,11.04
-9.54E+00,10.96
-9.54E+00,10.96
-9.54E+00,10.96
-9.54E+00,10.88
-9.54E+00,10.96
-9.53E+00,11.12
-9.53E+00,11.04
-9.53E+00,10.96
-9.53E+00,11.12
-9.53E+00,11.12
-9.52E+00,11.04
-9.52E+00,11.04
-9.52E+00,10.96
-9.52E+00,10.88
-9.52E+00,11.12
-9.51E+00,11.04
-9.51E+00,10.96
-9.51E+00,10.96
-9.51E+00,10.96
-9.51E+00,10.96
-9.50E+00,11.12
-9.50E+00,11.04
-9.50E+00,11.04
-9.50E+00,10.96
-9.50E+00,11.04
-9.49E+00,10.96
-9.49E+00,11.12
-9.49E+00,11.12
-9.49E+00,10.96
-9.49E+00,11.04
-9.48E+00,11.04
-9.48E+00,11.04
-9.48E+00,11.12
-9.48E+00,10.96
-9.48E+00,11.12
-9.47E+00,10.96
-9.47E+00,11.12
-9.47E+00,10.96
-9.47E+00,10.96
-9.47E+00,10.96
-9.46E+00,10.96
-9.46E+00,10.96
-9.46E+00,11.04
-9.46E+00,10.96
-9.46E+00,11.04
-9.45E+00,10.96
-9.45E+00,10.96
-9.45E+00,10.96
-9.45E+00,11.04
-9.45E+00,10.96
-9.44E+00,11.04
-9.44E+00,11.2
-9.44E+00,11.04
-9.44E+00,11.04
-9.44E+00,11.12
-9.43E+00,10.96
-9.43E+00,10.96
-9.43E+00,10.96
-9.43E+00,10.96
-9.43E+00,11.2
-9.42E+00,11.12
-9.42E+00,10.8
-9.42E+00,11.04
-9.42E+00,10.96
-9.42E+00,11.12
-9.41E+00,10.96
-9.41E+00,10.96
-9.41E+00,11.12
-9.41E+00,10.96
-9.41E+00,11.04
-9.40E+00,11.12
-9.40E+00,11.12
-9.40E+00,10.88
-9.40E+00,11.04
-9.40E+00,10.88
-9.39E+00,10.96
-9.39E+00,11.04
-9.39E+00,11.04
-9.39E+00,11.12
-9.39E+00,10.96
-9.38E+00,11.12
-9.38E+00,11.04
-9.38E+00,10.96
-9.38E+00,10.96
-9.38E+00,10.96
-9.37E+00,11.04
-9.37E+00,11.12
-9.37E+00,11.12
-9.37E+00,10.96
-9.37E+00,11.04
-9.36E+00,11.04
-9.36E+00,10.88
-9.36E+00,10.96
-9.36E+00,10.96
-9.36E+00,11.04
-9.35E+00,10.96
-9.35E+00,11.04
-9.35E+00,11.12
-9.35E+00,11.04
-9.35E+00,10.96
-9.34E+00,10.96
-9.34E+00,10.96
-9.34E+00,11.12
-9.34E+00,10.96
-9.34E+00,10.96
-9.33E+00,11.12
-9.33E+00,11.04
-9.33E+00,10.96
-9.33E+00,10.96
-9.33E+00,11.12
-9.32E+00,11.04
-9.32E+00,11.12
-9.32E+00,11.04
-9.32E+00,10.96
-9.32E+00,11.04
-9.31E+00,10.96
-9.31E+00,11.04
-9.31E+00,10.96
-9.31E+00,11.04
-9.31E+00,10.96
-9.30E+00,10.96
-9.30E+00,10.88
-9.30E+00,10.96
-9.30E+00,10.96
-9.30E+00,11.12
-9.29E+00,11.12
-9.29E+00,10.96
-9.29E+00,11.12
-9.29E+00,11.12
-9.29E+00,11.04
-9.28E+00,10.96
-9.28E+00,10.96
-9.28E+00,11.12
-9.28E+00,10.88
-9.28E+00,11.04
-9.27E+00,10.96
-9.27E+00,10.88
-9.27E+00,10.96
-9.27E+00,10.96
-9.27E+00,11.04
-9.26E+00,11.04
-9.26E+00,11.12
-9.26E+00,11.04
-9.26E+00,10.96
-9.26E+00,11.04
-9.25E+00,10.88
-9.25E+00,10.96
-9.25E+00,10.88
-9.25E+00,11.12
-9.25E+00,10.96
-9.24E+00,11.04
-9.24E+00,11.12
-9.24E+00,10.96
-9.24E+00,11.12
-9.24E+00,11.12
-9.23E+00,11.04
-9.23E+00,11.04
-9.23E+00,11.12
-9.23E+00,11.04
-9.23E+00,11.04
-9.22E+00,11.12
-9.22E+00,10.96
-9.22E+00,11.12
-9.22E+00,11.04
-9.22E+00,10.96
-9.21E+00,10.96
-9.21E+00,11.04
-9.21E+00,11.04
-9.21E+00,10.96
-9.21E+00,11.04
-9.20E+00,10.88
-9.20E+00,10.96
-9.20E+00,10.96
-9.20E+00,10.96
-9.20E+00,11.04
-9.19E+00,11.04
-9.19E+00,10.96
-9.19E+00,11.12
-9.19E+00,11.04
-9.19E+00,10.96
-9.18E+00,10.96
-9.18E+00,10.96
-9.18E+00,10.96
-9.18E+00,11.04
-9.18E+00,11.12
-9.17E+00,10.96
-9.17E+00,11.12
-9.17E+00,11.04
-9.17E+00,11.12
-9.17E+00,11.04
-9.16E+00,11.04
-9.16E+00,10.88
-9.16E+00,11.04
-9.16E+00,11.04
-9.16E+00,11.04
-9.15E+00,11.2
-9.15E+00,11.04
-9.15E+00,10.96
-9.15E+00,11.12
-9.15E+00,11.04
-9.14E+00,10.88
-9.14E+00,11.04
-9.14E+00,10.96
-9.14E+00,10.96
-9.14E+00,11.04
-9.13E+00,11.04
-9.13E+00,10.96
-9.13E+00,11.04
-9.13E+00,10.96
-9.13E+00,10.96
-9.12E+00,11.04
-9.12E+00,10.96
-9.12E+00,11.04
-9.12E+00,11.04
-9.12E+00,10.96
-9.11E+00,11.12
-9.11E+00,10.96
-9.11E+00,11.04
-9.11E+00,10.96
-9.11E+00,10.88
-9.10E+00,11.04
-9.10E+00,10.88
-9.10E+00,11.04
-9.10E+00,11.04
-9.10E+00,11.04
-9.09E+00,11.12
-9.09E+00,11.04
-9.09E+00,11.12
-9.09E+00,11.04
-9.09E+00,11.04
-9.08E+00,10.96
-9.08E+00,10.96
-9.08E+00,11.04
-9.08E+00,11.04
-9.08E+00,11.04
-9.07E+00,10.96
-9.07E+00,10.88
-9.07E+00,10.88
-9.07E+00,11.04
-9.07E+00,10.96
-9.06E+00,11.04
-9.06E+00,11.04
-9.06E+00,11.12
-9.06E+00,11.12
-9.06E+00,11.28
-9.05E+00,10.96
-9.05E+00,11.12
-9.05E+00,11.04
-9.05E+00,10.96
-9.05E+00,11.12
-9.04E+00,10.96
-9.04E+00,10.96
-9.04E+00,10.96
-9.04E+00,11.04
-9.04E+00,11.04
-9.03E+00,10.96
-9.03E+00,10.88
-9.03E+00,11.04
-9.03E+00,11.04
-9.03E+00,10.96
-9.02E+00,11.04
-9.02E+00,11.04
-9.02E+00,11.04
-9.02E+00,11.12
-9.02E+00,11.12
-9.01E+00,10.96
-9.01E+00,10.96
-9.01E+00,11.12
-9.01E+00,11.12
-9.01E+00,11.04
-9.00E+00,10.96
-9.00E+00,11.04
-9.00E+00,11.04
-9.00E+00,11.12
-9.00E+00,11.04
-8.99E+00,11.04
-8.99E+00,11.12
-8.99E+00,10.96
-8.99E+00,10.96
-8.99E+00,10.96
-8.98E+00,11.04
-8.98E+00,10.96
-8.98E+00,11.04
-8.98E+00,11.04
-8.98E+00,11.04
-8.97E+00,11.12
-8.97E+00,11.04
-8.97E+00,11.12
-8.97E+00,11.04
-8.97E+00,11.04
-8.96E+00,10.96
-8.96E+00,11.04
-8.96E+00,11.12
-8.96E+00,10.96
-8.96E+00,10.96
-8.95E+00,10.96
-8.95E+00,11.04
-8.95E+00,11.12
-8.95E+00,11.04
-8.95E+00,11.12
-8.94E+00,10.96
-8.94E+00,10.96
-8.94E+00,11.04
-8.94E+00,11.04
-8.94E+00,10.88
-8.93E+00,10.96
-8.93E+00,11.04
-8.93E+00,10.96
-8.93E+00,11.04
-8.93E+00,10.96
-8.92E+00,11.12
-8.92E+00,11.04
-8.92E+00,10.96
-8.92E+00,11.04
-8.92E+00,11.04
-8.91E+00,10.96
-8.91E+00,10.96
-8.91E+00,10.96
-8.91E+00,11.04
-8.91E+00,11.04
-8.90E+00,11.04
-8.90E+00,11.04
-8.90E+00,11.04
-8.90E+00,11.04
-8.90E+00,10.96
-8.89E+00,11.04
-8.89E+00,11.12
-8.89E+00,11.04
-8.89E+00,11.04
-8.89E+00,11.04
-8.88E+00,10.96
-8.88E+00,11.04
-8.88E+00,11.04
-8.88E+00,10.96
-8.88E+00,11.12
-8.87E+00,10.96
-8.87E+00,11.04
-8.87E+00,10.96
-8.87E+00,10.96
-8.87E+00,10.96
-8.86E+00,11.12
-8.86E+00,11.04
-8.86E+00,11.12
-8.86E+00,11.04
-8.86E+00,11.04
-8.85E+00,11.12
-8.85E+00,10.96
-8.85E+00,11.12
-8.85E+00,11.04
-8.85E+00,11.04
-8.84E+00,11.04
-8.84E+00,11.04
-8.84E+00,10.96
-8.84E+00,10.96
-8.84E+00,10.96
-8.83E+00,11.04
-8.83E+00,10.96
-8.83E+00,10.88
-8.83E+00,10.96
-8.83E+00,10.96
-8.82E+00,10.96
-8.82E+00,10.96
-8.82E+00,10.96
-8.82E+00,10.88
-8.82E+00,11.04
-8.81E+00,11.04
-8.81E+00,10.88
-8.81E+00,11.12
-8.81E+00,11.12
-8.81E+00,11.04
-8.80E+00,11.04
-8.80E+00,10.96
-8.80E+00,11.2
-8.80E+00,11.04
-8.80E+00,11.04
-8.79E+00,10.88
-8.79E+00,10.96
-8.79E+00,11.12
-8.79E+00,10.96
-8.79E+00,10.96
-8.78E+00,10.96
-8.78E+00,11.04
-8.78E+00,11.04
-8.78E+00,10.88
-8.78E+00,10.96
-8.77E+00,10.96
-8.77E+00,10.8
-8.77E+00,11.12
-8.77E+00,11.04
-8.77E+00,10.96
-8.76E+00,10.96
-8.76E+00,11.04
-8.76E+00,11.04
-8.76E+00,11.04
-8.76E+00,11.04
-8.75E+00,11.12
-8.75E+00,11.04
-8.75E+00,10.96
-8.75E+00,11.04
-8.75E+00,10.96
-8.74E+00,11.04
-8.74E+00,10.96
-8.74E+00,10.88
-8.74E+00,11.04
-8.74E+00,10.96
-8.73E+00,10.96
-8.73E+00,10.96
-8.73E+00,11.12
-8.73E+00,10.96
-8.73E+00,11.12
-8.72E+00,10.96
-8.72E+00,10.96
-8.72E+00,10.96
-8.72E+00,10.96
-8.72E+00,10.88
-8.71E+00,11.04
-8.71E+00,10.88
-8.71E+00,10.96
-8.71E+00,11.04
-8.71E+00,10.96
-8.70E+00,11.04
-8.70E+00,10.96
-8.70E+00,10.88
-8.70E+00,10.96
-8.70E+00,10.96
-8.69E+00,11.04
-8.69E+00,11.12
-8.69E+00,11.04
-8.69E+00,11.04
-8.69E+00,10.88
-8.68E+00,11.04
-8.68E+00,11.04
-8.68E+00,10.96
-8.68E+00,11.04
-8.68E+00,11.04
-8.67E+00,11.12
-8.67E+00,11.04
-8.67E+00,11.12
-8.67E+00,11.04
-8.67E+00,11.04
-8.66E+00,10.96
-8.66E+00,11.12
-8.66E+00,11.04
-8.66E+00,10.96
-8.66E+00,11.04
-8.65E+00,10.8
-8.65E+00,11.04
-8.65E+00,11.12
-8.65E+00,11.12
-8.65E+00,10.88
-8.64E+00,11.12
-8.64E+00,10.96
-8.64E+00,10.88
-8.64E+00,10.96
-8.64E+00,10.96
-8.63E+00,10.96
-8.63E+00,11.04
-8.63E+00,10.96
-8.63E+00,10.96
-8.63E+00,11.04
-8.62E+00,11.04
-8.62E+00,11.04
-8.62E+00,11.04
-8.62E+00,11.12
-8.62E+00,11.04
-8.61E+00,10.96
-8.61E+00,10.88
-8.61E+00,10.96
-8.61E+00,10.96
-8.61E+00,11.04
-8.60E+00,10.96
-8.60E+00,10.96
-8.60E+00,10.88
-8.60E+00,11.04
-8.60E+00,10.96
-8.59E+00,11.04
-8.59E+00,10.96
-8.59E+00,10.88
-8.59E+00,10.96
-8.59E+00,11.12
-8.58E+00,11.12
-8.58E+00,11.04
-8.58E+00,11.04
-8.58E+00,10.96
-8.58E+00,10.96
-8.57E+00,10.96
-8.57E+00,10.96
-8.57E+00,11.04
-8.57E+00,10.96
-8.57E+00,10.96
-8.56E+00,10.88
-8.56E+00,10.96
-8.56E+00,10.88
-8.56E+00,10.96
-8.56E+00,11.04
-8.55E+00,10.96
-8.55E+00,10.96
-8.55E+00,11.12
-8.55E+00,11.12
-8.55E+00,10.88
-8.54E+00,11.12
-8.54E+00,11.2
-8.54E+00,11.04
-8.54E+00,10.96
-8.54E+00,10.88
-8.53E+00,10.96
-8.53E+00,10.96
-8.53E+00,11.12
-8.53E+00,10.96
-8.53E+00,10.96
-8.52E+00,11.04
-8.52E+00,11.12
-8.52E+00,11.04
-8.52E+00,11.12
-8.52E+00,10.96
-8.51E+00,10.96
-8.51E+00,10.96
-8.51E+00,10.88
-8.51E+00,11.04
-8.51E+00,11.04
-8.50E+00,10.96
-8.50E+00,10.96
-8.50E+00,11.04
-8.50E+00,11.12
-8.50E+00,10.96
-8.49E+00,10.96
-8.49E+00,10.96
-8.49E+00,11.04
-8.49E+00,11.04
-8.49E+00,10.96
-8.48E+00,10.96
-8.48E+00,11.04
-8.48E+00,10.96
-8.48E+00,11.04
-8.48E+00,11.04
-8.47E+00,11.04
-8.47E+00,11.04
-8.47E+00,11.12
-8.47E+00,10.8
-8.47E+00,11.12
-8.46E+00,11.04
-8.46E+00,11.04
-8.46E+00,11.12
-8.46E+00,10.96
-8.46E+00,10.96
-8.45E+00,11.12
-8.45E+00,11.04
-8.45E+00,11.04
-8.45E+00,10.96
-8.45E+00,10.96
-8.44E+00,11.04
-8.44E+00,11.04
-8.44E+00,10.96
-8.44E+00,11.12
-8.44E+00,10.88
-8.43E+00,10.96
-8.43E+00,10.96
-8.43E+00,11.04
-8.43E+00,11.04
-8.43E+00,10.96
-8.42E+00,11.04
-8.42E+00,11.12
-8.42E+00,10.88
-8.42E+00,10.96
-8.42E+00,11.2
-8.41E+00,11.12
-8.41E+00,10.88
-8.41E+00,10.88
-8.41E+00,11.04
-8.41E+00,11.04
-8.40E+00,10.96
-8.40E+00,10.96
-8.40E+00,10.96
-8.40E+00,11.04
-8.40E+00,10.8
-8.39E+00,10.96
-8.39E+00,10.96
-8.39E+00,11.04
-8.39E+00,10.96
-8.39E+00,10.96
-8.38E+00,11.12
-8.38E+00,11.04
-8.38E+00,11.04
-8.38E+00,11.04
-8.38E+00,11.04
-8.37E+00,10.88
-8.37E+00,10.96
-8.37E+00,11.04
-8.37E+00,10.88
-8.37E+00,11.04
-8.36E+00,11.04
-8.36E+00,11.04
-8.36E+00,11.12
-8.36E+00,11.04
-8.36E+00,11.04
-8.35E+00,11.04
-8.35E+00,10.96
-8.35E+00,11.04
-8.35E+00,10.88
-8.35E+00,11.04
-8.34E+00,11.04
-8.34E+00,10.96
-8.34E+00,10.96
-8.34E+00,10.96
-8.34E+00,11.04
-8.33E+00,11.04
-8.33E+00,10.88
-8.33E+00,11.12
-8.33E+00,11.04
-8.33E+00,10.96
-8.32E+00,10.96
-8.32E+00,10.96
-8.32E+00,10.88
-8.32E+00,11.04
-8.32E+00,11.04
-8.31E+00,10.96
-8.31E+00,11.12
-8.31E+00,11.04
-8.31E+00,10.96
-8.31E+00,10.96
-8.30E+00,11.12
-8.30E+00,10.88
-8.30E+00,10.88
-8.30E+00,10.96
-8.30E+00,11.12
-8.29E+00,10.96
-8.29E+00,11.04
-8.29E+00,11.04
-8.29E+00,11.04
-8.29E+00,10.96
-8.28E+00,10.88
-8.28E+00,10.8
-8.28E+00,11.12
-8.28E+00,11.04
-8.28E+00,10.96
-8.27E+00,10.96
-8.27E+00,10.96
-8.27E+00,10.96
-8.27E+00,11.04
-8.27E+00,11.12
-8.26E+00,11.04
-8.26E+00,10.96
-8.26E+00,10.96
-8.26E+00,11.12
-8.26E+00,10.96
-8.25E+00,11.04
-8.25E+00,11.12
-8.25E+00,10.96
-8.25E+00,11.04
-8.25E+00,10.96
-8.24E+00,11.04
-8.24E+00,11.04
-8.24E+00,11.04
-8.24E+00,10.96
-8.24E+00,11.12
-8.23E+00,10.96
-8.23E+00,10.96
-8.23E+00,11.04
-8.23E+00,10.96
-8.23E+00,10.96
-8.22E+00,10.96
-8.22E+00,10.96
-8.22E+00,11.12
-8.22E+00,10.88
-8.22E+00,10.88
-8.21E+00,10.88
-8.21E+00,11.12
-8.21E+00,11.04
-8.21E+00,10.96
-8.21E+00,10.96
-8.20E+00,11.04
-8.20E+00,11.04
-8.20E+00,11.12
-8.20E+00,11.2
-8.20E+00,11.12
-8.19E+00,10.96
-8.19E+00,10.88
-8.19E+00,10.88
-8.19E+00,11.04
-8.19E+00,10.96
-8.18E+00,11.04
-8.18E+00,11.04
-8.18E+00,11.04
-8.18E+00,11.04
-8.18E+00,10.96
-8.17E+00,10.96
-8.17E+00,10.96
-8.17E+00,11.04
-8.17E+00,10.96
-8.17E+00,10.96
-8.16E+00,11.04
-8.16E+00,10.88
-8.16E+00,11.12
-8.16E+00,10.88
-8.16E+00,11.04
-8.15E+00,10.88
-8.15E+00,10.96
-8.15E+00,10.96
-8.15E+00,10.96
-8.15E+00,11.12
-8.14E+00,11.04
-8.14E+00,10.88
-8.14E+00,10.96
-8.14E+00,11.04
-8.14E+00,11.04
-8.13E+00,11.04
-8.13E+00,10.96
-8.13E+00,10.96
-8.13E+00,10.96
-8.13E+00,10.96
-8.12E+00,11.12
-8.12E+00,11.12
-8.12E+00,11.12
-8.12E+00,10.96
-8.12E+00,11.04
-8.11E+00,10.96
-8.11E+00,11.04
-8.11E+00,11.04
-8.11E+00,11.04
-8.11E+00,11.04
-8.10E+00,10.96
-8.10E+00,10.88
-8.10E+00,10.96
-8.10E+00,10.96
-8.10E+00,10.96
-8.09E+00,10.88
-8.09E+00,10.88
-8.09E+00,11.2
-8.09E+00,11.04
-8.09E+00,11.04
-8.08E+00,10.96
-8.08E+00,11.04
-8.08E+00,10.96
-8.08E+00,10.96
-8.08E+00,11.04
-8.07E+00,10.96
-8.07E+00,10.96
-8.07E+00,11.12
-8.07E+00,11.04
-8.07E+00,11.04
-8.06E+00,10.96
-8.06E+00,11.04
-8.06E+00,11.04
-8.06E+00,10.96
-8.06E+00,11.12
-8.05E+00,10.96
-8.05E+00,11.04
-8.05E+00,11.04
-8.05E+00,10.96
-8.05E+00,10.96
-8.04E+00,11.12
-8.04E+00,10.96
-8.04E+00,10.96
-8.04E+00,11.04
-8.04E+00,11.2
-8.03E+00,11.04
-8.03E+00,11.12
-8.03E+00,11.04
-8.03E+00,11.04
-8.03E+00,10.96
-8.02E+00,11.04
-8.02E+00,11.04
-8.02E+00,10.96
-8.02E+00,11.04
-8.02E+00,10.96
-8.01E+00,11.04
-8.01E+00,11.12
-8.01E+00,11.04
-8.01E+00,10.88
-8.01E+00,11.04
-8.00E+00,10.96
-8.00E+00,11.12
-8.00E+00,10.96
-8.00E+00,10.88
-8.00E+00,10.96
-7.99E+00,11.04
-7.99E+00,10.96
-7.99E+00,11.12
-7.99E+00,11.12
-7.99E+00,10.96
-7.98E+00,10.96
-7.98E+00,10.96
-7.98E+00,10.88
-7.98E+00,10.96
-7.98E+00,10.96
-7.97E+00,10.96
-7.97E+00,11.04
-7.97E+00,11.04
-7.97E+00,10.88
-7.97E+00,10.96
-7.96E+00,10.96
-7.96E+00,11.04
-7.96E+00,11.04
-7.96E+00,11.04
-7.96E+00,10.88
-7.95E+00,10.96
-7.95E+00,10.96
-7.95E+00,11.04
-7.95E+00,11.04
-7.95E+00,10.96
-7.94E+00,11.04
-7.94E+00,10.8
-7.94E+00,11.2
-7.94E+00,10.96
-7.94E+00,11.04
-7.93E+00,11.04
-7.93E+00,11.04
-7.93E+00,11.04
-7.93E+00,11.12
-7.93E+00,10.88
-7.92E+00,10.96
-7.92E+00,10.88
-7.92E+00,11.04
-7.92E+00,10.96
-7.92E+00,11.04
-7.91E+00,11.04
-7.91E+00,11.12
-7.91E+00,11.04
-7.91E+00,10.96
-7.91E+00,11.04
-7.90E+00,11.04
-7.90E+00,11.04
-7.90E+00,10.96
-7.90E+00,11.04
-7.90E+00,11.04
-7.89E+00,10.88
-7.89E+00,11.2
-7.89E+00,10.96
-7.89E+00,10.96
-7.89E+00,11.04
-7.88E+00,10.96
-7.88E+00,11.04
-7.88E+00,10.96
-7.88E+00,11.04
-7.88E+00,10.96
-7.87E+00,11.12
-7.87E+00,11.04
-7.87E+00,11.04
-7.87E+00,11.04
-7.87E+00,10.88
-7.86E+00,11.12
-7.86E+00,11.04
-7.86E+00,11.04
-7.86E+00,11.04
-7.86E+00,10.88
-7.85E+00,10.96
-7.85E+00,11.04
-7.85E+00,11.12
-7.85E+00,10.96
-7.85E+00,11.04
-7.84E+00,11.04
-7.84E+00,10.88
-7.84E+00,10.88
-7.84E+00,11.12
-7.84E+00,11.12
-7.83E+00,11.04
-7.83E+00,10.96
-7.83E+00,11.04
-7.83E+00,10.96
-7.83E+00,11.12
-7.82E+00,11.04
-7.82E+00,11.04
-7.82E+00,11.12
-7.82E+00,11.04
-7.82E+00,10.88
-7.81E+00,10.96
-7.81E+00,11.04
-7.81E+00,11.04
-7.81E+00,10.96
-7.81E+00,10.8
-7.80E+00,11.04
-7.80E+00,10.96
-7.80E+00,11.04
-7.80E+00,10.88
-7.80E+00,11.04
-7.79E+00,10.96
-7.79E+00,11.04
-7.79E+00,11.2
-7.79E+00,10.96
-7.79E+00,10.88
-7.78E+00,10.96
-7.78E+00,11.04
-7.78E+00,10.88
-7.78E+00,10.96
-7.78E+00,11.12
-7.77E+00,10.88
-7.77E+00,11.12
-7.77E+00,10.96
-7.77E+00,10.96
-7.77E+00,10.88
-7.76E+00,11.04
-7.76E+00,10.96
-7.76E+00,11.12
-7.76E+00,10.96
-7.76E+00,11.04
-7.75E+00,11.04
-7.75E+00,11.04
-7.75E+00,11.04
-7.75E+00,10.88
-7.75E+00,11.04
-7.74E+00,11.04
-7.74E+00,10.88
-7.74E+00,10.96
-7.74E+00,11.04
-7.74E+00,10.96
-7.73E+00,11.04
-7.73E+00,11.12
-7.73E+00,10.88
-7.73E+00,10.96
-7.73E+00,11.04
-7.72E+00,10.96
-7.72E+00,10.96
-7.72E+00,10.96
-7.72E+00,11.04
-7.72E+00,10.96
-7.71E+00,10.96
-7.71E+00,10.96
-7.71E+00,11.12
-7.71E+00,11.04
-7.71E+00,10.96
-7.70E+00,11.04
-7.70E+00,10.96
-7.70E+00,10.96
-7.70E+00,10.96
-7.70E+00,11.04
-7.69E+00,10.96
-7.69E+00,10.96
-7.69E+00,11.04
-7.69E+00,10.96
-7.69E+00,11.04
-7.68E+00,10.96
-7.68E+00,11.04
-7.68E+00,10.88
-7.68E+00,10.96
-7.68E+00,10.96
-7.67E+00,11.04
-7.67E+00,10.96
-7.67E+00,11.04
-7.67E+00,11.04
-7.67E+00,11.04
-7.66E+00,10.96
-7.66E+00,11.04
-7.66E+00,10.96
-7.66E+00,11.04
-7.66E+00,11.04
-7.65E+00,10.88
-7.65E+00,11.04
-7.65E+00,10.88
-7.65E+00,11.04
-7.65E+00,10.96
-7.64E+00,11.12
-7.64E+00,10.88
-7.64E+00,11.04
-7.64E+00,11.12
-7.64E+00,11.04
-7.63E+00,11.04
-7.63E+00,11.04
-7.63E+00,11.04
-7.63E+00,11.04
-7.63E+00,11.12
-7.62E+00,10.96
-7.62E+00,10.96
-7.62E+00,11.04
-7.62E+00,10.88
-7.62E+00,11.04
-7.61E+00,11.04
-7.61E+00,11.04
-7.61E+00,10.96
-7.61E+00,10.96
-7.61E+00,10.96
-7.60E+00,11.04
-7.60E+00,11.04
-7.60E+00,11.12
-7.60E+00,10.96
-7.60E+00,10.96
-7.59E+00,10.96
-7.59E+00,10.88
-7.59E+00,11.12
-7.59E+00,11.12
-7.59E+00,10.96
-7.58E+00,11.04
-7.58E+00,11.04
-7.58E+00,11.04
-7.58E+00,10.96
-7.58E+00,10.96
-7.57E+00,10.88
-7.57E+00,11.04
-7.57E+00,10.96
-7.57E+00,10.96
-7.57E+00,11.12
-7.56E+00,10.96
-7.56E+00,10.88
-7.56E+00,11.04
-7.56E+00,11.04
-7.56E+00,10.96
-7.55E+00,11.04
-7.55E+00,10.96
-7.55E+00,11.04
-7.55E+00,10.96
-7.55E+00,10.96
-7.54E+00,10.96
-7.54E+00,10.96
-7.54E+00,11.04
-7.54E+00,10.88
-7.54E+00,10.88
-7.53E+00,11.04
-7.53E+00,11.04
-7.53E+00,10.96
-7.53E+00,11.2
-7.53E+00,11.04
-7.52E+00,11.12
-7.52E+00,10.88
-7.52E+00,10.88
-7.52E+00,10.88
-7.52E+00,10.88
-7.51E+00,11.04
-7.51E+00,10.88
-7.51E+00,11.2
-7.51E+00,10.96
-7.51E+00,11.12
-7.50E+00,10.96
-7.50E+00,11.12
-7.50E+00,10.96
-7.50E+00,11.04
-7.50E+00,10.96
-7.49E+00,10.88
-7.49E+00,11.04
-7.49E+00,10.96
-7.49E+00,11.04
-7.49E+00,11.04
-7.48E+00,11.04
-7.48E+00,11.04
-7.48E+00,11.04
-7.48E+00,10.96
-7.48E+00,10.96
-7.47E+00,10.96
-7.47E+00,11.04
-7.47E+00,11.12
-7.47E+00,11.04
-7.47E+00,11.12
-7.46E+00,11.2
-7.46E+00,11.12
-7.46E+00,11.12
-7.46E+00,10.96
-7.46E+00,10.88
-7.45E+00,10.96
-7.45E+00,11.04
-7.45E+00,11.04
-7.45E+00,10.96
-7.45E+00,10.96
-7.44E+00,10.96
-7.44E+00,10.96
-7.44E+00,10.88
-7.44E+00,11.04
-7.44E+00,11.04
-7.43E+00,10.96
-7.43E+00,11.04
-7.43E+00,11.04
-7.43E+00,11.04
-7.43E+00,11.12
-7.42E+00,10.88
-7.42E+00,11.04
-7.42E+00,11.04
-7.42E+00,11.04
-7.42E+00,11.04
-7.41E+00,11.04
-7.41E+00,11.04
-7.41E+00,10.96
-7.41E+00,11.12
-7.41E+00,11.04
-7.40E+00,10.96
-7.40E+00,10.96
-7.40E+00,11.04
-7.40E+00,10.96
-7.40E+00,11.04
-7.39E+00,10.88
-7.39E+00,11.12
-7.39E+00,11.12
-7.39E+00,11.04
-7.39E+00,11.12
-7.38E+00,10.96
-7.38E+00,11.12
-7.38E+00,11.2
-7.38E+00,11.12
-7.38E+00,11.12
-7.37E+00,11.04
-7.37E+00,11.04
-7.37E+00,10.96
-7.37E+00,11.04
-7.37E+00,11.04
-7.36E+00,10.96
-7.36E+00,10.96
-7.36E+00,10.96
-7.36E+00,10.96
-7.36E+00,10.88
-7.35E+00,11.04
-7.35E+00,11.04
-7.35E+00,11.04
-7.35E+00,10.88
-7.35E+00,11.2
-7.34E+00,11.04
-7.34E+00,11.04
-7.34E+00,10.96
-7.34E+00,10.96
-7.34E+00,11.04
-7.33E+00,10.96
-7.33E+00,10.96
-7.33E+00,11.12
-7.33E+00,11.04
-7.33E+00,10.96
-7.32E+00,11.04
-7.32E+00,10.96
-7.32E+00,11.04
-7.32E+00,11.12
-7.32E+00,11.04
-7.31E+00,11.12
-7.31E+00,11.04
-7.31E+00,11.04
-7.31E+00,11.04
-7.31E+00,10.96
-7.30E+00,10.96
-7.30E+00,11.04
-7.30E+00,10.96
-7.30E+00,10.96
-7.30E+00,10.96
-7.29E+00,10.96
-7.29E+00,11.04
-7.29E+00,11.04
-7.29E+00,10.96
-7.29E+00,11.04
-7.28E+00,10.96
-7.28E+00,10.96
-7.28E+00,10.96
-7.28E+00,11.04
-7.28E+00,11.04
-7.27E+00,10.88
-7.27E+00,11.04
-7.27E+00,11.04
-7.27E+00,11.04
-7.27E+00,10.96
-7.26E+00,11.04
-7.26E+00,11.04
-7.26E+00,11.04
-7.26E+00,10.96
-7.26E+00,11.04
-7.25E+00,11.04
-7.25E+00,11.12
-7.25E+00,10.96
-7.25E+00,10.88
-7.25E+00,11.12
-7.24E+00,11.12
-7.24E+00,10.8
-7.24E+00,10.96
-7.24E+00,10.96
-7.24E+00,11.04
-7.23E+00,10.96
-7.23E+00,11.12
-7.23E+00,10.96
-7.23E+00,11.12
-7.23E+00,11.04
-7.22E+00,10.96
-7.22E+00,10.96
-7.22E+00,10.96
-7.22E+00,10.88
-7.22E+00,11.04
-7.21E+00,10.96
-7.21E+00,10.96
-7.21E+00,11.04
-7.21E+00,10.96
-7.21E+00,11.12
-7.20E+00,10.96
-7.20E+00,11.04
-7.20E+00,11.04
-7.20E+00,11.04
-7.20E+00,10.96
-7.19E+00,10.96
-7.19E+00,10.96
-7.19E+00,10.96
-7.19E+00,11.12
-7.19E+00,10.96
-7.18E+00,11.04
-7.18E+00,11.04
-7.18E+00,11.12
-7.18E+00,10.96
-7.18E+00,11.04
-7.17E+00,11.04
-7.17E+00,11.04
-7.17E+00,11.04
-7.17E+00,11.12
-7.17E+00,11.12
-7.16E+00,10.96
-7.16E+00,11.04
-7.16E+00,10.96
-7.16E+00,11.04
-7.16E+00,11.04
-7.15E+00,10.88
-7.15E+00,10.96
-7.15E+00,11.04
-7.15E+00,11.04
-7.15E+00,11.12
-7.14E+00,10.96
-7.14E+00,10.88
-7.14E+00,11.12
-7.14E+00,11.04
-7.14E+00,10.88
-7.13E+00,10.88
-7.13E+00,10.96
-7.13E+00,11.04
-7.13E+00,10.88
-7.13E+00,10.96
-7.12E+00,10.96
-7.12E+00,11.12
-7.12E+00,11.04
-7.12E+00,10.96
-7.12E+00,11.04
-7.11E+00,10.96
-7.11E+00,11.04
-7.11E+00,11.04
-7.11E+00,10.96
-7.11E+00,10.96
-7.10E+00,10.96
-7.10E+00,11.04
-7.10E+00,11.04
-7.10E+00,10.96
-7.10E+00,10.96
-7.09E+00,10.96
-7.09E+00,10.96
-7.09E+00,11.04
-7.09E+00,10.96
-7.09E+00,11.04
-7.08E+00,11.04
-7.08E+00,11.04
-7.08E+00,10.96
-7.08E+00,10.96
-7.08E+00,11.12
-7.07E+00,10.96
-7.07E+00,11.12
-7.07E+00,11.12
-7.07E+00,11.04
-7.07E+00,11.04
-7.06E+00,10.96
-7.06E+00,10.96
-7.06E+00,10.96
-7.06E+00,10.88
-7.06E+00,10.96
-7.05E+00,11.04
-7.05E+00,11.04
-7.05E+00,10.96
-7.05E+00,11.12
-7.05E+00,10.96
-7.04E+00,10.96
-7.04E+00,10.96
-7.04E+00,11.04
-7.04E+00,11.12
-7.04E+00,10.8
-7.03E+00,10.96
-7.03E+00,11.04
-7.03E+00,11.04
-7.03E+00,11.12
-7.03E+00,10.96
-7.02E+00,11.04
-7.02E+00,10.96
-7.02E+00,11.04
-7.02E+00,10.96
-7.02E+00,11.04
-7.01E+00,11.12
-7.01E+00,11.12
-7.01E+00,10.96
-7.01E+00,11.2
-7.01E+00,10.96
-7.00E+00,10.96
-7.00E+00,11.04
-7.00E+00,10.96
-7.00E+00,11.04
-7.00E+00,11.12
-6.99E+00,11.04
-6.99E+00,10.96
-6.99E+00,10.96
-6.99E+00,11.04
-6.99E+00,10.88
-6.98E+00,10.96
-6.98E+00,10.96
-6.98E+00,11.04
-6.98E+00,10.88
-6.98E+00,10.88
-6.97E+00,11.2
-6.97E+00,10.88
-6.97E+00,11.04
-6.97E+00,11.04
-6.97E+00,11.04
-6.96E+00,10.96
-6.96E+00,11.04
-6.96E+00,10.88
-6.96E+00,10.8
-6.96E+00,10.96
-6.95E+00,10.8
-6.95E+00,10.96
-6.95E+00,10.96
-6.95E+00,11.04
-6.95E+00,11.04
-6.94E+00,11.12
-6.94E+00,10.88
-6.94E+00,10.96
-6.94E+00,11.2
-6.94E+00,10.96
-6.93E+00,11.04
-6.93E+00,11.04
-6.93E+00,10.96
-6.93E+00,11.04
-6.93E+00,11.04
-6.92E+00,10.96
-6.92E+00,10.96
-6.92E+00,10.96
-6.92E+00,10.96
-6.92E+00,11.04
-6.91E+00,10.96
-6.91E+00,11.12
-6.91E+00,11.04
-6.91E+00,11.04
-6.91E+00,11.04
-6.90E+00,11.04
-6.90E+00,11.04
-6.90E+00,11.04
-6.90E+00,10.96
-6.90E+00,11.04
-6.89E+00,11.04
-6.89E+00,10.96
-6.89E+00,10.88
-6.89E+00,10.96
-6.89E+00,11.04
-6.88E+00,11.12
-6.88E+00,10.88
-6.88E+00,10.96
-6.88E+00,10.96
-6.88E+00,10.88
-6.87E+00,10.96
-6.87E+00,10.96
-6.87E+00,10.96
-6.87E+00,11.04
-6.87E+00,11.04
-6.86E+00,11.04
-6.86E+00,10.96
-6.86E+00,10.96
-6.86E+00,11.12
-6.86E+00,10.96
-6.85E+00,11.04
-6.85E+00,10.96
-6.85E+00,11.04
-6.85E+00,11.04
-6.85E+00,11.04
-6.84E+00,11.2
-6.84E+00,11.2
-6.84E+00,10.96
-6.84E+00,10.96
-6.84E+00,11.04
-6.83E+00,10.96
-6.83E+00,11.04
-6.83E+00,11.2
-6.83E+00,11.12
-6.83E+00,11.04
-6.82E+00,10.96
-6.82E+00,11.12
-6.82E+00,11.12
-6.82E+00,10.8
-6.82E+00,11.04
-6.81E+00,11.12
-6.81E+00,10.96
-6.81E+00,10.96
-6.81E+00,11.04
-6.81E+00,11.04
-6.80E+00,10.96
-6.80E+00,10.96
-6.80E+00,11.12
-6.80E+00,10.96
-6.80E+00,11.04
-6.79E+00,10.96
-6.79E+00,11.04
-6.79E+00,11.04
-6.79E+00,10.88
-6.79E+00,11.04
-6.78E+00,11.12
-6.78E+00,11.04
-6.78E+00,10.96
-6.78E+00,10.96
-6.78E+00,10.88
-6.77E+00,10.96
-6.77E+00,10.96
-6.77E+00,11.04
-6.77E+00,11.12
-6.77E+00,11.04
-6.76E+00,10.96
-6.76E+00,11.04
-6.76E+00,10.96
-6.76E+00,11.04
-6.76E+00,10.96
-6.75E+00,11.12
-6.75E+00,11.12
-6.75E+00,11.12
-6.75E+00,10.96
-6.75E+00,11.04
-6.74E+00,10.96
-6.74E+00,11.04
-6.74E+00,10.96
-6.74E+00,10.96
-6.74E+00,10.88
-6.73E+00,11.04
-6.73E+00,10.88
-6.73E+00,11.12
-6.73E+00,11.04
-6.73E+00,10.96
-6.72E+00,10.96
-6.72E+00,10.96
-6.72E+00,11.04
-6.72E+00,11.04
-6.72E+00,11.04
-6.71E+00,11.04
-6.71E+00,11.04
-6.71E+00,10.96
-6.71E+00,10.96
-6.71E+00,10.96
-6.70E+00,11.04
-6.70E+00,11.04
-6.70E+00,10.96
-6.70E+00,11.04
-6.70E+00,11.04
-6.69E+00,10.88
-6.69E+00,11.04
-6.69E+00,11.12
-6.69E+00,10.96
-6.69E+00,10.96
-6.68E+00,10.88
-6.68E+00,11.04
-6.68E+00,11.04
-6.68E+00,11.04
-6.68E+00,10.96
-6.67E+00,11.04
-6.67E+00,11.12
-6.67E+00,10.96
-6.67E+00,10.96
-6.67E+00,10.96
-6.66E+00,10.96
-6.66E+00,11.04
-6.66E+00,10.88
-6.66E+00,10.96
-6.66E+00,11.04
-6.65E+00,11.2
-6.65E+00,10.96
-6.65E+00,11.12
-6.65E+00,10.96
-6.65E+00,10.96
-6.64E+00,11.04
-6.64E+00,11.04
-6.64E+00,10.96
-6.64E+00,10.96
-6.64E+00,11.04
-6.63E+00,10.88
-6.63E+00,10.96
-6.63E+00,10.88
-6.63E+00,10.96
-6.63E+00,10.88
-6.62E+00,11.04
-6.62E+00,11.04
-6.62E+00,11.04
-6.62E+00,11.12
-6.62E+00,11.04
-6.61E+00,10.96
-6.61E+00,10.96
-6.61E+00,10.96
-6.61E+00,11.12
-6.61E+00,11.04
-6.60E+00,10.96
-6.60E+00,11.04
-6.60E+00,10.96
-6.60E+00,10.88
-6.60E+00,10.96
-6.59E+00,11.04
-6.59E+00,10.96
-6.59E+00,11.12
-6.59E+00,10.96
-6.59E+00,10.96
-6.58E+00,10.96
-6.58E+00,10.88
-6.58E+00,10.96
-6.58E+00,10.96
-6.58E+00,10.96
-6.57E+00,11.04
-6.57E+00,10.88
-6.57E+00,11.12
-6.57E+00,11.04
-6.57E+00,11.04
-6.56E+00,11.04
-6.56E+00,11.04
-6.56E+00,10.88
-6.56E+00,10.88
-6.56E+00,11.04
-6.55E+00,11.12
-6.55E+00,11.04
-6.55E+00,10.96
-6.55E+00,10.96
-6.55E+00,11.12
-6.54E+00,11.04
-6.54E+00,10.96
-6.54E+00,11.04
-6.54E+00,11.04
-6.54E+00,10.96
-6.53E+00,11.04
-6.53E+00,11.2
-6.53E+00,10.88
-6.53E+00,11.04
-6.53E+00,10.96
-6.52E+00,10.96
-6.52E+00,10.88
-6.52E+00,10.96
-6.52E+00,11.04
-6.52E+00,10.96
-6.51E+00,11.2
-6.51E+00,11.04
-6.51E+00,10.88
-6.51E+00,11.04
-6.51E+00,10.96
-6.50E+00,10.88
-6.50E+00,11.04
-6.50E+00,10.96
-6.50E+00,10.96
-6.50E+00,10.88
-6.49E+00,10.96
-6.49E+00,11.12
-6.49E+00,11.04
-6.49E+00,10.96
-6.49E+00,11.04
-6.48E+00,10.88
-6.48E+00,10.96
-6.48E+00,11.04
-6.48E+00,11.04
-6.48E+00,11.04
-6.47E+00,10.88
-6.47E+00,10.88
-6.47E+00,11.04
-6.47E+00,10.96
-6.47E+00,10.96
-6.46E+00,10.88
-6.46E+00,11.04
-6.46E+00,10.96
-6.46E+00,11.12
-6.46E+00,10.96
-6.45E+00,11.12
-6.45E+00,11.04
-6.45E+00,11.12
-6.45E+00,11.12
-6.45E+00,10.96
-6.44E+00,11.12
-6.44E+00,10.96
-6.44E+00,11.04
-6.44E+00,10.96
-6.44E+00,11.04
-6.43E+00,10.96
-6.43E+00,11.04
-6.43E+00,11.12
-6.43E+00,11.04
-6.43E+00,11.04
-6.42E+00,10.96
-6.42E+00,11.12
-6.42E+00,10.88
-6.42E+00,11.04
-6.42E+00,10.96
-6.41E+00,10.96
-6.41E+00,11.04
-6.41E+00,11.04
-6.41E+00,11.12
-6.41E+00,11.12
-6.40E+00,10.96
-6.40E+00,10.96
-6.40E+00,11.12
-6.40E+00,11.04
-6.40E+00,10.88
-6.39E+00,11.04
-6.39E+00,11.04
-6.39E+00,11.04
-6.39E+00,11.04
-6.39E+00,10.96
-6.38E+00,11.04
-6.38E+00,11.04
-6.38E+00,10.96
-6.38E+00,11.12
-6.38E+00,11.12
-6.37E+00,10.96
-6.37E+00,10.8
-6.37E+00,10.96
-6.37E+00,11.04
-6.37E+00,10.96
-6.36E+00,11.04
-6.36E+00,11.04
-6.36E+00,11.04
-6.36E+00,11.04
-6.36E+00,10.96
-6.35E+00,10.96
-6.35E+00,11.12
-6.35E+00,10.96
-6.35E+00,11.04
-6.35E+00,11.04
-6.34E+00,10.96
-6.34E+00,11.04
-6.34E+00,10.96
-6.34E+00,11.04
-6.34E+00,11.04
-6.33E+00,10.96
-6.33E+00,11.12
-6.33E+00,10.96
-6.33E+00,11.12
-6.33E+00,10.96
-6.32E+00,11.12
-6.32E+00,10.96
-6.32E+00,11.04
-6.32E+00,11.04
-6.32E+00,10.96
-6.31E+00,10.96
-6.31E+00,10.88
-6.31E+00,11.04
-6.31E+00,10.96
-6.31E+00,11.12
-6.30E+00,10.96
-6.30E+00,11.04
-6.30E+00,10.96
-6.30E+00,11.12
-6.30E+00,10.96
-6.29E+00,10.88
-6.29E+00,10.96
-6.29E+00,11.04
-6.29E+00,11.12
-6.29E+00,11.12
-6.28E+00,10.88
-6.28E+00,11.04
-6.28E+00,11.04
-6.28E+00,10.88
-6.28E+00,11.04
-6.27E+00,11.04
-6.27E+00,11.04
-6.27E+00,10.96
-6.27E+00,11.04
-6.27E+00,11.2
-6.26E+00,10.96
-6.26E+00,10.88
-6.26E+00,11.04
-6.26E+00,11.04
-6.26E+00,10.88
-6.25E+00,10.88
-6.25E+00,11.04
-6.25E+00,10.88
-6.25E+00,10.88
-6.25E+00,11.04
-6.24E+00,10.96
-6.24E+00,11.04
-6.24E+00,11.04
-6.24E+00,10.96
-6.24E+00,11.04
-6.23E+00,11.12
-6.23E+00,11.04
-6.23E+00,10.88
-6.23E+00,11.04
-6.23E+00,10.96
-6.22E+00,10.96
-6.22E+00,11.12
-6.22E+00,11.12
-6.22E+00,10.96
-6.22E+00,11.12
-6.21E+00,11.12
-6.21E+00,11.04
-6.21E+00,11.12
-6.21E+00,10.88
-6.21E+00,11.04
-6.20E+00,11.04
-6.20E+00,11.04
-6.20E+00,10.96
-6.20E+00,11.04
-6.20E+00,11.04
-6.19E+00,10.88
-6.19E+00,10.96
-6.19E+00,10.96
-6.19E+00,11.12
-6.19E+00,10.96
-6.18E+00,10.96
-6.18E+00,10.96
-6.18E+00,10.96
-6.18E+00,11.04
-6.18E+00,10.96
-6.17E+00,10.96
-6.17E+00,11.04
-6.17E+00,10.96
-6.17E+00,11.04
-6.17E+00,10.96
-6.16E+00,11.12
-6.16E+00,11.12
-6.16E+00,11.12
-6.16E+00,11.04
-6.16E+00,10.96
-6.15E+00,11.04
-6.15E+00,10.96
-6.15E+00,10.88
-6.15E+00,10.96
-6.15E+00,11.04
-6.14E+00,10.96
-6.14E+00,10.96
-6.14E+00,11.04
-6.14E+00,11.12
-6.14E+00,10.96
-6.13E+00,11.04
-6.13E+00,10.96
-6.13E+00,11.12
-6.13E+00,11.04
-6.13E+00,10.96
-6.12E+00,11.04
-6.12E+00,10.96
-6.12E+00,11.12
-6.12E+00,11.04
-6.12E+00,10.96
-6.11E+00,10.96
-6.11E+00,10.96
-6.11E+00,10.96
-6.11E+00,10.96
-6.11E+00,11.04
-6.10E+00,10.88
-6.10E+00,11.04
-6.10E+00,10.96
-6.10E+00,11.04
-6.10E+00,11.12
-6.09E+00,10.96
-6.09E+00,10.96
-6.09E+00,10.96
-6.09E+00,11.12
-6.09E+00,11.04
-6.08E+00,11.04
-6.08E+00,11.04
-6.08E+00,11.12
-6.08E+00,11.04
-6.08E+00,11.12
-6.07E+00,10.88
-6.07E+00,11.04
-6.07E+00,11.12
-6.07E+00,11.04
-6.07E+00,11.12
-6.06E+00,10.96
-6.06E+00,11.04
-6.06E+00,10.8
-6.06E+00,10.96
-6.06E+00,11.04
-6.05E+00,11.04
-6.05E+00,10.96
-6.05E+00,11.2
-6.05E+00,10.8
-6.05E+00,11.04
-6.04E+00,11.12
-6.04E+00,11.04
-6.04E+00,10.96
-6.04E+00,11.28
-6.04E+00,11.04
-6.03E+00,11.04
-6.03E+00,11.04
-6.03E+00,10.96
-6.03E+00,10.88
-6.03E+00,10.96
-6.02E+00,11.04
-6.02E+00,10.96
-6.02E+00,10.8
-6.02E+00,11.12
-6.02E+00,11.04
-6.01E+00,11.04
-6.01E+00,10.96
-6.01E+00,10.96
-6.01E+00,11.04
-6.01E+00,10.96
-6.00E+00,11.12
-6.00E+00,11.04
-6.00E+00,11.04
-6.00E+00,11.04
-6.00E+00,10.96
-5.99E+00,11.04
-5.99E+00,11.04
-5.99E+00,11.04
-5.99E+00,11.04
-5.99E+00,10.96
-5.98E+00,10.96
-5.98E+00,10.96
-5.98E+00,10.96
-5.98E+00,11.12
-5.98E+00,11.04
-5.97E+00,10.96
-5.97E+00,11.12
-5.97E+00,11.12
-5.97E+00,10.96
-5.97E+00,11.12
-5.96E+00,11.04
-5.96E+00,11.12
-5.96E+00,10.96
-5.96E+00,10.96
-5.96E+00,10.88
-5.95E+00,10.88
-5.95E+00,11.04
-5.95E+00,10.8
-5.95E+00,10.96
-5.95E+00,11.04
-5.94E+00,10.96
-5.94E+00,11.04
-5.94E+00,10.96
-5.94E+00,11.04
-5.94E+00,10.96
-5.93E+00,11.04
-5.93E+00,11.04
-5.93E+00,11.04
-5.93E+00,11.2
-5.93E+00,11.04
-5.92E+00,11.04
-5.92E+00,11.12
-5.92E+00,11.2
-5.92E+00,11.04
-5.92E+00,11.04
-5.91E+00,10.96
-5.91E+00,10.96
-5.91E+00,10.96
-5.91E+00,11.12
-5.91E+00,11.12
-5.90E+00,10.88
-5.90E+00,10.96
-5.90E+00,11.12
-5.90E+00,11.04
-5.90E+00,11.2
-5.89E+00,10.96
-5.89E+00,10.96
-5.89E+00,11.04
-5.89E+00,11.12
-5.89E+00,11.04
-5.88E+00,10.8
-5.88E+00,11.04
-5.88E+00,10.96
-5.88E+00,10.96
-5.88E+00,11.04
-5.87E+00,11.04
-5.87E+00,10.96
-5.87E+00,11.12
-5.87E+00,11.04
-5.87E+00,10.96
-5.86E+00,11.04
-5.86E+00,11.04
-5.86E+00,11.04
-5.86E+00,11.04
-5.86E+00,11.04
-5.85E+00,11.04
-5.85E+00,10.96
-5.85E+00,11.04
-5.85E+00,10.96
-5.85E+00,11.12
-5.84E+00,11.12
-5.84E+00,11.12
-5.84E+00,11.04
-5.84E+00,11.04
-5.84E+00,11.04
-5.83E+00,10.88
-5.83E+00,10.96
-5.83E+00,10.96
-5.83E+00,11.04
-5.83E+00,11.12
-5.82E+00,11.04
-5.82E+00,11.04
-5.82E+00,11.04
-5.82E+00,10.96
-5.82E+00,11.12
-5.81E+00,10.96
-5.81E+00,11.12
-5.81E+00,10.96
-5.81E+00,11.12
-5.81E+00,11.04
-5.80E+00,10.96
-5.80E+00,11.04
-5.80E+00,11.12
-5.80E+00,10.96
-5.80E+00,11.04
-5.79E+00,10.8
-5.79E+00,11.12
-5.79E+00,11.12
-5.79E+00,11.04
-5.79E+00,11.04
-5.78E+00,11.12
-5.78E+00,10.96
-5.78E+00,11.04
-5.78E+00,11.04
-5.78E+00,10.96
-5.77E+00,11.12
-5.77E+00,11.04
-5.77E+00,11.04
-5.77E+00,10.96
-5.77E+00,11.12
-5.76E+00,11.12
-5.76E+00,11.04
-5.76E+00,11.12
-5.76E+00,11.04
-5.76E+00,11.2
-5.75E+00,11.12
-5.75E+00,11.04
-5.75E+00,10.96
-5.75E+00,11.04
-5.75E+00,10.96
-5.74E+00,11.04
-5.74E+00,11.04
-5.74E+00,10.96
-5.74E+00,10.96
-5.74E+00,11.04
-5.73E+00,11.12
-5.73E+00,11.04
-5.73E+00,11.12
-5.73E+00,11.04
-5.73E+00,10.88
-5.72E+00,11.04
-5.72E+00,11.12
-5.72E+00,11.04
-5.72E+00,11.04
-5.72E+00,10.96
-5.71E+00,10.96
-5.71E+00,10.96
-5.71E+00,11.04
-5.71E+00,11.04
-5.71E+00,11.12
-5.70E+00,11.04
-5.70E+00,10.96
-5.70E+00,10.96
-5.70E+00,10.96
-5.70E+00,11.04
-5.69E+00,10.96
-5.69E+00,11.04
-5.69E+00,10.96
-5.69E+00,11.04
-5.69E+00,11.04
-5.68E+00,11.12
-5.68E+00,11.04
-5.68E+00,11.04
-5.68E+00,10.96
-5.68E+00,10.88
-5.67E+00,10.96
-5.67E+00,10.88
-5.67E+00,11.04
-5.67E+00,10.96
-5.67E+00,11.04
-5.66E+00,11.12
-5.66E+00,11.04
-5.66E+00,11.04
-5.66E+00,11.04
-5.66E+00,10.88
-5.65E+00,10.96
-5.65E+00,10.96
-5.65E+00,11.12
-5.65E+00,10.96
-5.65E+00,11.12
-5.64E+00,11.04
-5.64E+00,10.96
-5.64E+00,11.12
-5.64E+00,10.96
-5.64E+00,10.96
-5.63E+00,11.04
-5.63E+00,11.04
-5.63E+00,10.96
-5.63E+00,10.96
-5.63E+00,11.04
-5.62E+00,10.96
-5.62E+00,10.88
-5.62E+00,10.8
-5.62E+00,10.96
-5.62E+00,10.96
-5.61E+00,10.96
-5.61E+00,11.04
-5.61E+00,11.04
-5.61E+00,11.04
-5.61E+00,10.96
-5.60E+00,10.96
-5.60E+00,10.96
-5.60E+00,11.04
-5.60E+00,11.12
-5.60E+00,10.96
-5.59E+00,10.88
-5.59E+00,11.12
-5.59E+00,10.96
-5.59E+00,11.04
-5.59E+00,10.96
-5.58E+00,11.04
-5.58E+00,11.12
-5.58E+00,11.04
-5.58E+00,10.96
-5.58E+00,10.96
-5.57E+00,11.04
-5.57E+00,10.96
-5.57E+00,10.96
-5.57E+00,11.04
-5.57E+00,10.88
-5.56E+00,10.88
-5.56E+00,11.2
-5.56E+00,10.96
-5.56E+00,10.88
-5.56E+00,11.04
-5.55E+00,11.12
-5.55E+00,11.12
-5.55E+00,10.96
-5.55E+00,10.96
-5.55E+00,10.96
-5.54E+00,11.04
-5.54E+00,11.04
-5.54E+00,10.96
-5.54E+00,10.88
-5.54E+00,11.04
-5.53E+00,11.04
-5.53E+00,10.96
-5.53E+00,11.04
-5.53E+00,11.04
-5.53E+00,10.96
-5.52E+00,10.96
-5.52E+00,10.96
-5.52E+00,11.04
-5.52E+00,10.96
-5.52E+00,11.04
-5.51E+00,11.04
-5.51E+00,10.96
-5.51E+00,11.04
-5.51E+00,11.2
-5.51E+00,10.96
-5.50E+00,11.12
-5.50E+00,11.12
-5.50E+00,11.04
-5.50E+00,11.04
-5.50E+00,11.04
-5.49E+00,10.96
-5.49E+00,11.04
-5.49E+00,10.96
-5.49E+00,11.04
-5.49E+00,11.04
-5.48E+00,11.04
-5.48E+00,11.04
-5.48E+00,11.04
-5.48E+00,10.96
-5.48E+00,11.04
-5.47E+00,10.88
-5.47E+00,10.96
-5.47E+00,11.04
-5.47E+00,11.04
-5.47E+00,10.96
-5.46E+00,11.04
-5.46E+00,11.04
-5.46E+00,11.04
-5.46E+00,10.96
-5.46E+00,11.04
-5.45E+00,11.04
-5.45E+00,10.96
-5.45E+00,11.04
-5.45E+00,11.12
-5.45E+00,10.96
-5.44E+00,10.96
-5.44E+00,10.96
-5.44E+00,11.12
-5.44E+00,11.04
-5.44E+00,11.04
-5.43E+00,11.12
-5.43E+00,11.04
-5.43E+00,10.96
-5.43E+00,11.04
-5.43E+00,10.96
-5.42E+00,11.04
-5.42E+00,10.96
-5.42E+00,11.04
-5.42E+00,11.04
-5.42E+00,11.04
-5.41E+00,11.04
-5.41E+00,11.04
-5.41E+00,11.04
-5.41E+00,10.96
-5.41E+00,11.04
-5.40E+00,11.04
-5.40E+00,11.04
-5.40E+00,11.04
-5.40E+00,10.96
-5.40E+00,10.88
-5.39E+00,10.96
-5.39E+00,10.96
-5.39E+00,10.96
-5.39E+00,11.04
-5.39E+00,10.88
-5.38E+00,10.88
-5.38E+00,10.96
-5.38E+00,10.96
-5.38E+00,10.96
-5.38E+00,11.04
-5.37E+00,11.04
-5.37E+00,10.96
-5.37E+00,11.04
-5.37E+00,11.12
-5.37E+00,11.12
-5.36E+00,10.96
-5.36E+00,11.04
-5.36E+00,10.96
-5.36E+00,11.12
-5.36E+00,10.96
-5.35E+00,11.04
-5.35E+00,10.96
-5.35E+00,10.96
-5.35E+00,10.96
-5.35E+00,11.04
-5.34E+00,11.04
-5.34E+00,11.04
-5.34E+00,10.88
-5.34E+00,11.04
-5.34E+00,11.04
-5.33E+00,10.96
-5.33E+00,11.04
-5.33E+00,11.04
-5.33E+00,11.12
-5.33E+00,11.04
-5.32E+00,10.96
-5.32E+00,11.04
-5.32E+00,11.04
-5.32E+00,10.96
-5.32E+00,11.04
-5.31E+00,11.04
-5.31E+00,11.04
-5.31E+00,11.04
-5.31E+00,10.88
-5.31E+00,10.96
-5.30E+00,10.96
-5.30E+00,11.12
-5.30E+00,11.04
-5.30E+00,10.96
-5.30E+00,10.96
-5.29E+00,11.04
-5.29E+00,10.88
-5.29E+00,11.04
-5.29E+00,10.96
-5.29E+00,11.04
-5.28E+00,11.04
-5.28E+00,10.96
-5.28E+00,11.04
-5.28E+00,11.12
-5.28E+00,10.96
-5.27E+00,11.04
-5.27E+00,10.88
-5.27E+00,11.04
-5.27E+00,11.04
-5.27E+00,10.96
-5.26E+00,11.2
-5.26E+00,11.04
-5.26E+00,10.96
-5.26E+00,11.04
-5.26E+00,10.96
-5.25E+00,11.04
-5.25E+00,10.96
-5.25E+00,10.96
-5.25E+00,11.12
-5.25E+00,11.12
-5.24E+00,11.04
-5.24E+00,10.96
-5.24E+00,11.04
-5.24E+00,10.96
-5.24E+00,11.12
-5.23E+00,10.96
-5.23E+00,11.12
-5.23E+00,10.96
-5.23E+00,11.12
-5.23E+00,11.04
-5.22E+00,10.88
-5.22E+00,11.12
-5.22E+00,11.12
-5.22E+00,11.04
-5.22E+00,11.04
-5.21E+00,10.96
-5.21E+00,10.96
-5.21E+00,11.12
-5.21E+00,10.96
-5.21E+00,10.96
-5.20E+00,11.04
-5.20E+00,10.96
-5.20E+00,11.12
-5.20E+00,11.04
-5.20E+00,11.12
-5.19E+00,10.88
-5.19E+00,11.12
-5.19E+00,10.96
-5.19E+00,11.12
-5.19E+00,11.12
-5.18E+00,11.04
-5.18E+00,11.04
-5.18E+00,11.04
-5.18E+00,10.96
-5.18E+00,11.04
-5.17E+00,10.88
-5.17E+00,11.04
-5.17E+00,10.96
-5.17E+00,11.2
-5.17E+00,11.04
-5.16E+00,10.96
-5.16E+00,11.12
-5.16E+00,10.96
-5.16E+00,10.96
-5.16E+00,11.12
-5.15E+00,11.04
-5.15E+00,10.96
-5.15E+00,10.88
-5.15E+00,10.96
-5.15E+00,10.96
-5.14E+00,10.96
-5.14E+00,10.88
-5.14E+00,10.88
-5.14E+00,10.96
-5.14E+00,10.96
-5.13E+00,10.96
-5.13E+00,11.04
-5.13E+00,10.96
-5.13E+00,10.96
-5.13E+00,11.04
-5.12E+00,11.04
-5.12E+00,10.96
-5.12E+00,10.96
-5.12E+00,11.04
-5.12E+00,11.12
-5.11E+00,10.96
-5.11E+00,10.96
-5.11E+00,11.04
-5.11E+00,11.04
-5.11E+00,11.12
-5.10E+00,11.04
-5.10E+00,11.12
-5.10E+00,10.96
-5.10E+00,10.96
-5.10E+00,10.96
-5.09E+00,11.04
-5.09E+00,10.96
-5.09E+00,10.88
-5.09E+00,11.04
-5.09E+00,11.04
-5.08E+00,11.04
-5.08E+00,10.96
-5.08E+00,11.04
-5.08E+00,11.04
-5.08E+00,11.04
-5.07E+00,11.12
-5.07E+00,11.04
-5.07E+00,10.96
-5.07E+00,10.96
-5.07E+00,11.12
-5.06E+00,10.96
-5.06E+00,11.04
-5.06E+00,10.96
-5.06E+00,10.96
-5.06E+00,10.96
-5.05E+00,10.96
-5.05E+00,10.96
-5.05E+00,11.12
-5.05E+00,11.04
-5.05E+00,11.04
-5.04E+00,10.96
-5.04E+00,11.04
-5.04E+00,11.04
-5.04E+00,11.04
-5.04E+00,11.12
-5.03E+00,11.04
-5.03E+00,11.04
-5.03E+00,11.2
-5.03E+00,11.12
-5.03E+00,10.96
-5.02E+00,10.96
-5.02E+00,11.12
-5.02E+00,11.04
-5.02E+00,10.88
-5.02E+00,11.2
-5.01E+00,10.96
-5.01E+00,10.88
-5.01E+00,10.96
-5.01E+00,10.88
-5.01E+00,11.04
-5.00E+00,10.96
-5.00E+00,11.12
-5.00E+00,11.04
-5.00E+00,11.12
-5.00E+00,11.04
-4.99E+00,11.04
-4.99E+00,11.12
-4.99E+00,10.96
-4.99E+00,11.04
-4.99E+00,10.88
-4.98E+00,11.04
-4.98E+00,10.8
-4.98E+00,11.04
-4.98E+00,11.04
-4.98E+00,10.88
-4.97E+00,11.04
-4.97E+00,11.04
-4.97E+00,11.04
-4.97E+00,11.04
-4.97E+00,11.04
-4.96E+00,10.96
-4.96E+00,11.12
-4.96E+00,11.12
-4.96E+00,10.96
-4.96E+00,11.04
-4.95E+00,10.96
-4.95E+00,10.88
-4.95E+00,10.96
-4.95E+00,11.04
-4.95E+00,11.04
-4.94E+00,11.04
-4.94E+00,10.96
-4.94E+00,11.04
-4.94E+00,10.88
-4.94E+00,11.04
-4.93E+00,11.04
-4.93E+00,11.04
-4.93E+00,11.04
-4.93E+00,10.96
-4.93E+00,10.96
-4.92E+00,10.88
-4.92E+00,10.96
-4.92E+00,10.96
-4.92E+00,10.96
-4.92E+00,10.96
-4.91E+00,10.96
-4.91E+00,11.04
-4.91E+00,11.04
-4.91E+00,11.04
-4.91E+00,10.8
-4.90E+00,11.04
-4.90E+00,11.04
-4.90E+00,11.04
-4.90E+00,11.12
-4.90E+00,10.96
-4.89E+00,11.04
-4.89E+00,10.96
-4.89E+00,11.12
-4.89E+00,11.04
-4.89E+00,11.04
-4.88E+00,11.12
-4.88E+00,10.96
-4.88E+00,10.96
-4.88E+00,10.96
-4.88E+00,10.96
-4.87E+00,11.04
-4.87E+00,11.04
-4.87E+00,11.04
-4.87E+00,10.96
-4.87E+00,10.96
-4.86E+00,11.04
-4.86E+00,11.04
-4.86E+00,10.96
-4.86E+00,11.04
-4.86E+00,10.96
-4.85E+00,11.04
-4.85E+00,11.04
-4.85E+00,11.04
-4.85E+00,11.04
-4.85E+00,10.88
-4.84E+00,10.96
-4.84E+00,11.04
-4.84E+00,11.04
-4.84E+00,11.12
-4.84E+00,10.96
-4.83E+00,11.04
-4.83E+00,11.04
-4.83E+00,10.96
-4.83E+00,11.04
-4.83E+00,10.88
-4.82E+00,10.88
-4.82E+00,10.96
-4.82E+00,11.04
-4.82E+00,11.04
-4.82E+00,11.04
-4.81E+00,11.04
-4.81E+00,11.12
-4.81E+00,10.96
-4.81E+00,10.96
-4.81E+00,11.2
-4.80E+00,10.96
-4.80E+00,11.04
-4.80E+00,11.04
-4.80E+00,11.12
-4.80E+00,11.04
-4.79E+00,10.96
-4.79E+00,11.04
-4.79E+00,10.96
-4.79E+00,10.96
-4.79E+00,10.96
-4.78E+00,11.04
-4.78E+00,10.96
-4.78E+00,11.12
-4.78E+00,10.96
-4.78E+00,10.88
-4.77E+00,11.04
-4.77E+00,10.96
-4.77E+00,10.96
-4.77E+00,10.96
-4.77E+00,11.04
-4.76E+00,11.04
-4.76E+00,11.04
-4.76E+00,11.04
-4.76E+00,10.88
-4.76E+00,10.96
-4.75E+00,11.04
-4.75E+00,10.96
-4.75E+00,10.96
-4.75E+00,11.12
-4.75E+00,11.04
-4.74E+00,11.04
-4.74E+00,11.04
-4.74E+00,11.04
-4.74E+00,10.96
-4.74E+00,11.04
-4.73E+00,11.04
-4.73E+00,11.04
-4.73E+00,10.96
-4.73E+00,10.96
-4.73E+00,10.96
-4.72E+00,11.12
-4.72E+00,11.12
-4.72E+00,10.96
-4.72E+00,11.04
-4.72E+00,10.96
-4.71E+00,10.96
-4.71E+00,10.96
-4.71E+00,10.96
-4.71E+00,11.04
-4.71E+00,10.96
-4.70E+00,11.04
-4.70E+00,11.04
-4.70E+00,11.04
-4.70E+00,10.96
-4.70E+00,11.04
-4.69E+00,10.88
-4.69E+00,10.96
-4.69E+00,11.04
-4.69E+00,11.12
-4.69E+00,10.88
-4.68E+00,11.12
-4.68E+00,11.04
-4.68E+00,11.04
-4.68E+00,11.04
-4.68E+00,11.12
-4.67E+00,11.04
-4.67E+00,10.8
-4.67E+00,10.96
-4.67E+00,11.04
-4.67E+00,10.96
-4.66E+00,11.12
-4.66E+00,11.12
-4.66E+00,11.2
-4.66E+00,11.12
-4.66E+00,11.04
-4.65E+00,10.96
-4.65E+00,10.96
-4.65E+00,11.12
-4.65E+00,11.04
-4.65E+00,10.96
-4.64E+00,11.04
-4.64E+00,10.96
-4.64E+00,10.88
-4.64E+00,11.2
-4.64E+00,11.04
-4.63E+00,11.2
-4.63E+00,11.12
-4.63E+00,11.04
-4.63E+00,10.96
-4.63E+00,11.04
-4.62E+00,10.96
-4.62E+00,10.96
-4.62E+00,10.88
-4.62E+00,11.04
-4.62E+00,10.96
-4.61E+00,10.96
-4.61E+00,10.96
-4.61E+00,11.12
-4.61E+00,11.04
-4.61E+00,11.04
-4.60E+00,10.96
-4.60E+00,10.96
-4.60E+00,11.04
-4.60E+00,11.04
-4.60E+00,11.04
-4.59E+00,10.96
-4.59E+00,11.12
-4.59E+00,10.88
-4.59E+00,10.96
-4.59E+00,11.04
-4.58E+00,11.12
-4.58E+00,11.04
-4.58E+00,10.88
-4.58E+00,11.04
-4.58E+00,10.96
-4.57E+00,11.04
-4.57E+00,10.96
-4.57E+00,10.96
-4.57E+00,10.96
-4.57E+00,11.12
-4.56E+00,11.04
-4.56E+00,11.12
-4.56E+00,11.12
-4.56E+00,11.04
-4.56E+00,11.04
-4.55E+00,10.96
-4.55E+00,10.96
-4.55E+00,11.04
-4.55E+00,10.88
-4.55E+00,11.04
-4.54E+00,10.88
-4.54E+00,10.96
-4.54E+00,11.04
-4.54E+00,10.96
-4.54E+00,10.96
-4.53E+00,10.96
-4.53E+00,11.12
-4.53E+00,11.04
-4.53E+00,10.96
-4.53E+00,11.04
-4.52E+00,11.04
-4.52E+00,10.96
-4.52E+00,10.96
-4.52E+00,11.04
-4.52E+00,10.96
-4.51E+00,11.12
-4.51E+00,11.04
-4.51E+00,11.04
-4.51E+00,11.04
-4.51E+00,11.04
-4.50E+00,11.12
-4.50E+00,10.88
-4.50E+00,11.04
-4.50E+00,10.96
-4.50E+00,10.96
-4.49E+00,10.96
-4.49E+00,10.96
-4.49E+00,10.96
-4.49E+00,11.04
-4.49E+00,10.96
-4.48E+00,11.12
-4.48E+00,10.88
-4.48E+00,10.96
-4.48E+00,11.04
-4.48E+00,11.04
-4.47E+00,11.04
-4.47E+00,11.04
-4.47E+00,11.04
-4.47E+00,11.04
-4.47E+00,10.96
-4.46E+00,10.96
-4.46E+00,10.96
-4.46E+00,10.88
-4.46E+00,11.04
-4.46E+00,11.12
-4.45E+00,11.12
-4.45E+00,11.12
-4.45E+00,11.04
-4.45E+00,11.04
-4.45E+00,11.12
-4.44E+00,10.96
-4.44E+00,11.04
-4.44E+00,11.04
-4.44E+00,11.04
-4.44E+00,11.12
-4.43E+00,10.96
-4.43E+00,10.96
-4.43E+00,11.12
-4.43E+00,10.96
-4.43E+00,11.04
-4.42E+00,11.04
-4.42E+00,11.04
-4.42E+00,11.04
-4.42E+00,11.04
-4.42E+00,10.96
-4.41E+00,11.12
-4.41E+00,10.96
-4.41E+00,11.04
-4.41E+00,11.04
-4.41E+00,10.96
-4.40E+00,11.04
-4.40E+00,11.04
-4.40E+00,10.96
-4.40E+00,11.04
-4.40E+00,11.04
-4.39E+00,10.88
-4.39E+00,10.88
-4.39E+00,11.04
-4.39E+00,11.04
-4.39E+00,10.96
-4.38E+00,11.04
-4.38E+00,10.96
-4.38E+00,10.96
-4.38E+00,10.88
-4.38E+00,11.04
-4.37E+00,11.04
-4.37E+00,10.96
-4.37E+00,10.96
-4.37E+00,11.04
-4.37E+00,11.04
-4.36E+00,10.96
-4.36E+00,10.88
-4.36E+00,11.12
-4.36E+00,11.04
-4.36E+00,10.96
-4.35E+00,11.04
-4.35E+00,11.12
-4.35E+00,10.96
-4.35E+00,10.96
-4.35E+00,10.96
-4.34E+00,11.04
-4.34E+00,10.96
-4.34E+00,10.96
-4.34E+00,10.96
-4.34E+00,10.96
-4.33E+00,11.04
-4.33E+00,11.04
-4.33E+00,11.12
-4.33E+00,11.04
-4.33E+00,10.88
-4.32E+00,11.04
-4.32E+00,11.12
-4.32E+00,10.88
-4.32E+00,10.96
-4.32E+00,11.04
-4.31E+00,11.04
-4.31E+00,10.88
-4.31E+00,11.04
-4.31E+00,11.04
-4.31E+00,11.04
-4.30E+00,11.12
-4.30E+00,11.12
-4.30E+00,11.04
-4.30E+00,11.12
-4.30E+00,11.04
-4.29E+00,11.04
-4.29E+00,11.04
-4.29E+00,10.88
-4.29E+00,11.04
-4.29E+00,10.88
-4.28E+00,11.2
-4.28E+00,11.04
-4.28E+00,11.04
-4.28E+00,11.04
-4.28E+00,10.8
-4.27E+00,11.04
-4.27E+00,11.04
-4.27E+00,10.8
-4.27E+00,11.04
-4.27E+00,10.96
-4.26E+00,11.04
-4.26E+00,10.96
-4.26E+00,10.96
-4.26E+00,10.96
-4.26E+00,10.88
-4.25E+00,10.96
-4.25E+00,11.04
-4.25E+00,11.12
-4.25E+00,11.12
-4.25E+00,11.04
-4.24E+00,10.96
-4.24E+00,11.12
-4.24E+00,11.04
-4.24E+00,11.04
-4.24E+00,10.96
-4.23E+00,10.96
-4.23E+00,10.96
-4.23E+00,11.04
-4.23E+00,10.88
-4.23E+00,11.04
-4.22E+00,10.88
-4.22E+00,11.04
-4.22E+00,10.96
-4.22E+00,10.96
-4.22E+00,10.96
-4.21E+00,10.96
-4.21E+00,10.96
-4.21E+00,11.04
-4.21E+00,11.04
-4.21E+00,10.96
-4.20E+00,10.96
-4.20E+00,11.04
-4.20E+00,10.96
-4.20E+00,11.04
-4.20E+00,10.96
-4.19E+00,11.04
-4.19E+00,10.88
-4.19E+00,11.04
-4.19E+00,11.04
-4.19E+00,10.96
-4.18E+00,10.96
-4.18E+00,11.12
-4.18E+00,10.96
-4.18E+00,10.96
-4.18E+00,11.04
-4.17E+00,10.88
-4.17E+00,11.04
-4.17E+00,10.96
-4.17E+00,11.12
-4.17E+00,10.96
-4.16E+00,11.04
-4.16E+00,10.96
-4.16E+00,11.12
-4.16E+00,10.96
-4.16E+00,10.88
-4.15E+00,11.04
-4.15E+00,10.96
-4.15E+00,10.96
-4.15E+00,11.04
-4.15E+00,11.04
-4.14E+00,11.04
-4.14E+00,11.04
-4.14E+00,11.04
-4.14E+00,11.04
-4.14E+00,11.04
-4.13E+00,11.04
-4.13E+00,11.12
-4.13E+00,11.04
-4.13E+00,10.96
-4.13E+00,10.96
-4.12E+00,11.12
-4.12E+00,11.04
-4.12E+00,10.96
-4.12E+00,11.04
-4.12E+00,11.12
-4.11E+00,11.12
-4.11E+00,11.12
-4.11E+00,10.88
-4.11E+00,10.96
-4.11E+00,11.04
-4.10E+00,11.04
-4.10E+00,11.12
-4.10E+00,10.96
-4.10E+00,11.04
-4.10E+00,11.12
-4.09E+00,11.12
-4.09E+00,11.04
-4.09E+00,11.04
-4.09E+00,10.96
-4.09E+00,10.88
-4.08E+00,10.96
-4.08E+00,10.96
-4.08E+00,10.96
-4.08E+00,11.12
-4.08E+00,10.96
-4.07E+00,10.88
-4.07E+00,10.96
-4.07E+00,11.04
-4.07E+00,10.88
-4.07E+00,10.96
-4.06E+00,11.12
-4.06E+00,11.04
-4.06E+00,10.88
-4.06E+00,11.04
-4.06E+00,11.12
-4.05E+00,11.12
-4.05E+00,11.04
-4.05E+00,10.88
-4.05E+00,10.96
-4.05E+00,10.96
-4.04E+00,10.96
-4.04E+00,10.88
-4.04E+00,10.88
-4.04E+00,10.88
-4.04E+00,11.04
-4.03E+00,10.88
-4.03E+00,11.04
-4.03E+00,11.04
-4.03E+00,11.04
-4.03E+00,10.96
-4.02E+00,11.12
-4.02E+00,10.96
-4.02E+00,11.04
-4.02E+00,11.12
-4.02E+00,11.04
-4.01E+00,11.04
-4.01E+00,11.04
-4.01E+00,11.04
-4.01E+00,11.04
-4.01E+00,10.88
-4.00E+00,11.04
-4.00E+00,11.12
-4.00E+00,10.96
-4.00E+00,10.96
-4.00E+00,11.04
-3.99E+00,11.12
-3.99E+00,10.88
-3.99E+00,11.04
-3.99E+00,10.88
-3.99E+00,10.96
-3.98E+00,10.96
-3.98E+00,11.04
-3.98E+00,11.04
-3.98E+00,10.96
-3.98E+00,10.96
-3.97E+00,11.12
-3.97E+00,10.96
-3.97E+00,10.96
-3.97E+00,11.04
-3.97E+00,11.04
-3.96E+00,10.96
-3.96E+00,10.88
-3.96E+00,11.04
-3.96E+00,10.96
-3.96E+00,10.96
-3.95E+00,11.04
-3.95E+00,11.12
-3.95E+00,10.96
-3.95E+00,10.88
-3.95E+00,11.04
-3.94E+00,11.04
-3.94E+00,10.96
-3.94E+00,11.04
-3.94E+00,10.88
-3.94E+00,11.04
-3.93E+00,10.96
-3.93E+00,10.96
-3.93E+00,11.04
-3.93E+00,11.04
-3.93E+00,10.96
-3.92E+00,11.12
-3.92E+00,11.04
-3.92E+00,10.96
-3.92E+00,11.12
-3.92E+00,11.04
-3.91E+00,11.04
-3.91E+00,10.88
-3.91E+00,11.12
-3.91E+00,10.96
-3.91E+00,11.12
-3.90E+00,11.04
-3.90E+00,10.96
-3.90E+00,11.12
-3.90E+00,11.04
-3.90E+00,11.04
-3.89E+00,10.88
-3.89E+00,10.96
-3.89E+00,10.96
-3.89E+00,11.04
-3.89E+00,11.04
-3.88E+00,11.04
-3.88E+00,10.96
-3.88E+00,10.96
-3.88E+00,11.12
-3.88E+00,10.96
-3.87E+00,11.04
-3.87E+00,11.04
-3.87E+00,10.88
-3.87E+00,11.04
-3.87E+00,10.96
-3.86E+00,10.96
-3.86E+00,11.04
-3.86E+00,11.04
-3.86E+00,11.04
-3.86E+00,11.04
-3.85E+00,10.96
-3.85E+00,11.12
-3.85E+00,10.96
-3.85E+00,10.96
-3.85E+00,10.96
-3.84E+00,11.04
-3.84E+00,10.88
-3.84E+00,10.96
-3.84E+00,10.96
-3.84E+00,10.96
-3.83E+00,11.04
-3.83E+00,10.96
-3.83E+00,10.96
-3.83E+00,10.96
-3.83E+00,11.04
-3.82E+00,10.88
-3.82E+00,11.12
-3.82E+00,11.04
-3.82E+00,11.04
-3.82E+00,10.88
-3.81E+00,10.96
-3.81E+00,10.96
-3.81E+00,11.04
-3.81E+00,11.04
-3.81E+00,11.04
-3.80E+00,10.96
-3.80E+00,11.04
-3.80E+00,11.12
-3.80E+00,10.96
-3.80E+00,11.04
-3.79E+00,11.04
-3.79E+00,10.96
-3.79E+00,11.12
-3.79E+00,11.04
-3.79E+00,11.04
-3.78E+00,10.96
-3.78E+00,11.04
-3.78E+00,11.12
-3.78E+00,10.96
-3.78E+00,11.04
-3.77E+00,11.04
-3.77E+00,11.04
-3.77E+00,10.88
-3.77E+00,11.12
-3.77E+00,10.96
-3.76E+00,10.96
-3.76E+00,10.96
-3.76E+00,11.04
-3.76E+00,11.04
-3.76E+00,11.04
-3.75E+00,11.12
-3.75E+00,11.04
-3.75E+00,11.04
-3.75E+00,10.96
-3.75E+00,11.04
-3.74E+00,11.04
-3.74E+00,11.04
-3.74E+00,10.96
-3.74E+00,11.04
-3.74E+00,11.04
-3.73E+00,11.12
-3.73E+00,11.04
-3.73E+00,10.88
-3.73E+00,11.04
-3.73E+00,10.88
-3.72E+00,11.12
-3.72E+00,10.88
-3.72E+00,10.96
-3.72E+00,10.96
-3.72E+00,11.12
-3.71E+00,10.96
-3.71E+00,11.04
-3.71E+00,11.12
-3.71E+00,11.04
-3.71E+00,10.88
-3.70E+00,11.04
-3.70E+00,10.96
-3.70E+00,11.04
-3.70E+00,11.12
-3.70E+00,11.04
-3.69E+00,11.04
-3.69E+00,11.04
-3.69E+00,10.96
-3.69E+00,11.04
-3.69E+00,11.04
-3.68E+00,11.2
-3.68E+00,10.88
-3.68E+00,10.96
-3.68E+00,10.96
-3.68E+00,10.96
-3.67E+00,11.04
-3.67E+00,10.96
-3.67E+00,11.04
-3.67E+00,10.96
-3.67E+00,10.96
-3.66E+00,11.04
-3.66E+00,11.12
-3.66E+00,10.96
-3.66E+00,10.96
-3.66E+00,10.96
-3.65E+00,10.96
-3.65E+00,11.04
-3.65E+00,10.96
-3.65E+00,11.12
-3.65E+00,10.96
-3.64E+00,11.12
-3.64E+00,10.96
-3.64E+00,11.12
-3.64E+00,10.88
-3.64E+00,10.96
-3.63E+00,11.12
-3.63E+00,11.04
-3.63E+00,11.04
-3.63E+00,11.12
-3.63E+00,11.12
-3.62E+00,10.96
-3.62E+00,11.12
-3.62E+00,10.88
-3.62E+00,10.96
-3.62E+00,10.96
-3.61E+00,10.96
-3.61E+00,10.96
-3.61E+00,10.96
-3.61E+00,10.96
-3.61E+00,11.04
-3.60E+00,10.96
-3.60E+00,10.96
-3.60E+00,10.96
-3.60E+00,10.96
-3.60E+00,10.96
-3.59E+00,10.96
-3.59E+00,10.96
-3.59E+00,10.88
-3.59E+00,10.88
-3.59E+00,10.96
-3.58E+00,11.04
-3.58E+00,11.04
-3.58E+00,11.04
-3.58E+00,10.96
-3.58E+00,10.8
-3.57E+00,11.04
-3.57E+00,10.96
-3.57E+00,11.04
-3.57E+00,10.96
-3.57E+00,11.04
-3.56E+00,11.04
-3.56E+00,11.04
-3.56E+00,11.04
-3.56E+00,11.12
-3.56E+00,11.12
-3.55E+00,10.88
-3.55E+00,10.88
-3.55E+00,11.04
-3.55E+00,10.96
-3.55E+00,11.04
-3.54E+00,10.96
-3.54E+00,10.96
-3.54E+00,11.12
-3.54E+00,11.04
-3.54E+00,10.96
-3.53E+00,11.04
-3.53E+00,11.12
-3.53E+00,10.96
-3.53E+00,11.2
-3.53E+00,11.04
-3.52E+00,10.96
-3.52E+00,11.04
-3.52E+00,10.88
-3.52E+00,10.96
-3.52E+00,10.96
-3.51E+00,10.96
-3.51E+00,10.96
-3.51E+00,10.96
-3.51E+00,11.04
-3.51E+00,11.12
-3.50E+00,10.96
-3.50E+00,11.04
-3.50E+00,11.12
-3.50E+00,11.12
-3.50E+00,11.04
-3.49E+00,10.88
-3.49E+00,11.12
-3.49E+00,10.88
-3.49E+00,10.96
-3.49E+00,11.04
-3.48E+00,10.96
-3.48E+00,10.88
-3.48E+00,11.12
-3.48E+00,10.96
-3.48E+00,11.04
-3.47E+00,10.96
-3.47E+00,10.96
-3.47E+00,10.96
-3.47E+00,11.04
-3.47E+00,11.04
-3.46E+00,10.88
-3.46E+00,11.04
-3.46E+00,11.04
-3.46E+00,10.96
-3.46E+00,11.04
-3.45E+00,11.04
-3.45E+00,10.96
-3.45E+00,11.12
-3.45E+00,10.88
-3.45E+00,10.96
-3.44E+00,11.04
-3.44E+00,11.12
-3.44E+00,11.2
-3.44E+00,10.96
-3.44E+00,10.96
-3.43E+00,10.88
-3.43E+00,10.96
-3.43E+00,11.04
-3.43E+00,10.96
-3.43E+00,10.96
-3.42E+00,10.96
-3.42E+00,11.12
-3.42E+00,10.96
-3.42E+00,10.96
-3.42E+00,11.04
-3.41E+00,11.04
-3.41E+00,10.96
-3.41E+00,11.04
-3.41E+00,10.96
-3.41E+00,11.04
-3.40E+00,10.96
-3.40E+00,11.04
-3.40E+00,11.12
-3.40E+00,10.96
-3.40E+00,11.12
-3.39E+00,10.96
-3.39E+00,11.12
-3.39E+00,10.96
-3.39E+00,10.96
-3.39E+00,10.96
-3.38E+00,11.04
-3.38E+00,11.04
-3.38E+00,10.88
-3.38E+00,11.12
-3.38E+00,11.04
-3.37E+00,10.96
-3.37E+00,11.04
-3.37E+00,11.04
-3.37E+00,11.04
-3.37E+00,11.12
-3.36E+00,10.96
-3.36E+00,11.12
-3.36E+00,10.96
-3.36E+00,10.96
-3.36E+00,10.96
-3.35E+00,10.88
-3.35E+00,11.04
-3.35E+00,11.04
-3.35E+00,10.96
-3.35E+00,11.04
-3.34E+00,10.96
-3.34E+00,11.12
-3.34E+00,11.12
-3.34E+00,11.04
-3.34E+00,11.04
-3.33E+00,10.8
-3.33E+00,11.12
-3.33E+00,11.04
-3.33E+00,10.96
-3.33E+00,11.04
-3.32E+00,11.04
-3.32E+00,11.04
-3.32E+00,11.04
-3.32E+00,11.04
-3.32E+00,11.04
-3.31E+00,10.96
-3.31E+00,10.96
-3.31E+00,10.96
-3.31E+00,11.04
-3.31E+00,11.04
-3.30E+00,11.04
-3.30E+00,11.04
-3.30E+00,11.12
-3.30E+00,11.04
-3.30E+00,10.96
-3.29E+00,11.04
-3.29E+00,11.12
-3.29E+00,10.88
-3.29E+00,11.04
-3.29E+00,11.04
-3.28E+00,11.04
-3.28E+00,10.96
-3.28E+00,11.04
-3.28E+00,10.96
-3.28E+00,10.88
-3.27E+00,11.12
-3.27E+00,10.96
-3.27E+00,10.96
-3.27E+00,10.8
-3.27E+00,10.96
-3.26E+00,11.2
-3.26E+00,10.96
-3.26E+00,11.12
-3.26E+00,11.2
-3.26E+00,11.04
-3.25E+00,10.88
-3.25E+00,10.96
-3.25E+00,11.04
-3.25E+00,11.12
-3.25E+00,10.96
-3.24E+00,10.96
-3.24E+00,11.04
-3.24E+00,11.04
-3.24E+00,10.88
-3.24E+00,10.96
-3.23E+00,10.96
-3.23E+00,10.96
-3.23E+00,11.04
-3.23E+00,11.04
-3.23E+00,11.12
-3.22E+00,11.04
-3.22E+00,10.96
-3.22E+00,11.04
-3.22E+00,11.12
-3.22E+00,11.12
-3.21E+00,10.88
-3.21E+00,11.04
-3.21E+00,11.04
-3.21E+00,10.96
-3.21E+00,10.96
-3.20E+00,11.04
-3.20E+00,10.96
-3.20E+00,10.96
-3.20E+00,11.04
-3.20E+00,10.96
-3.19E+00,10.88
-3.19E+00,11.04
-3.19E+00,11.04
-3.19E+00,10.96
-3.19E+00,11.04
-3.18E+00,11.04
-3.18E+00,10.96
-3.18E+00,11.12
-3.18E+00,11.04
-3.18E+00,10.96
-3.17E+00,10.88
-3.17E+00,10.96
-3.17E+00,10.88
-3.17E+00,10.96
-3.17E+00,11.12
-3.16E+00,10.96
-3.16E+00,11.12
-3.16E+00,11.12
-3.16E+00,11.04
-3.16E+00,11.04
-3.15E+00,11.04
-3.15E+00,11.12
-3.15E+00,10.96
-3.15E+00,11.04
-3.15E+00,11.12
-3.14E+00,10.96
-3.14E+00,11.04
-3.14E+00,11.04
-3.14E+00,11.12
-3.14E+00,11.04
-3.13E+00,10.88
-3.13E+00,11.12
-3.13E+00,10.96
-3.13E+00,10.96
-3.13E+00,11.12
-3.12E+00,11.04
-3.12E+00,11.04
-3.12E+00,11.12
-3.12E+00,11.12
-3.12E+00,10.96
-3.11E+00,11.04
-3.11E+00,11.04
-3.11E+00,10.88
-3.11E+00,10.96
-3.11E+00,11.04
-3.10E+00,10.96
-3.10E+00,10.96
-3.10E+00,11.04
-3.10E+00,11.04
-3.10E+00,10.96
-3.09E+00,11.04
-3.09E+00,11.04
-3.09E+00,10.96
-3.09E+00,11.04
-3.09E+00,10.96
-3.08E+00,10.96
-3.08E+00,11.04
-3.08E+00,11.04
-3.08E+00,11.04
-3.08E+00,10.96
-3.07E+00,11.04
-3.07E+00,10.88
-3.07E+00,10.96
-3.07E+00,10.96
-3.07E+00,10.96
-3.06E+00,11.04
-3.06E+00,11.04
-3.06E+00,10.96
-3.06E+00,11.2
-3.06E+00,11.04
-3.05E+00,10.8
-3.05E+00,11.04
-3.05E+00,11.04
-3.05E+00,10.88
-3.05E+00,11.04
-3.04E+00,11.04
-3.04E+00,11.12
-3.04E+00,10.96
-3.04E+00,11.12
-3.04E+00,11.12
-3.03E+00,11.04
-3.03E+00,10.96
-3.03E+00,11.12
-3.03E+00,11.04
-3.03E+00,11.12
-3.02E+00,10.96
-3.02E+00,10.96
-3.02E+00,11.2
-3.02E+00,11.04
-3.02E+00,10.96
-3.01E+00,11.04
-3.01E+00,11.04
-3.01E+00,11.04
-3.01E+00,11.04
-3.01E+00,11.04
-3.00E+00,10.96
-3.00E+00,11.12
-3.00E+00,11.04
-3.00E+00,10.96
-3.00E+00,10.96
-2.99E+00,10.96
-2.99E+00,10.96
-2.99E+00,10.96
-2.99E+00,10.96
-2.99E+00,11.04
-2.98E+00,11.12
-2.98E+00,11.04
-2.98E+00,11.2
-2.98E+00,10.96
-2.98E+00,10.96
-2.97E+00,11.04
-2.97E+00,11.04
-2.97E+00,10.96
-2.97E+00,11.04
-2.97E+00,10.96
-2.96E+00,10.96
-2.96E+00,11.04
-2.96E+00,11.04
-2.96E+00,11.04
-2.96E+00,10.96
-2.95E+00,11.12
-2.95E+00,11.04
-2.95E+00,11.04
-2.95E+00,11.04
-2.95E+00,10.96
-2.94E+00,11.12
-2.94E+00,10.96
-2.94E+00,10.96
-2.94E+00,11.04
-2.94E+00,10.96
-2.93E+00,11.04
-2.93E+00,10.96
-2.93E+00,10.96
-2.93E+00,11.04
-2.93E+00,11.04
-2.92E+00,10.96
-2.92E+00,10.96
-2.92E+00,10.96
-2.92E+00,11.04
-2.92E+00,11.04
-2.91E+00,11.04
-2.91E+00,10.96
-2.91E+00,11.04
-2.91E+00,11.04
-2.91E+00,10.88
-2.90E+00,11.04
-2.90E+00,10.88
-2.90E+00,11.04
-2.90E+00,11.04
-2.90E+00,11.12
-2.89E+00,11.04
-2.89E+00,11.12
-2.89E+00,10.96
-2.89E+00,10.96
-2.89E+00,11.04
-2.88E+00,11.04
-2.88E+00,11.04
-2.88E+00,10.88
-2.88E+00,10.96
-2.88E+00,11.04
-2.87E+00,11.12
-2.87E+00,11.04
-2.87E+00,11.04
-2.87E+00,11.12
-2.87E+00,10.96
-2.86E+00,11.04
-2.86E+00,10.96
-2.86E+00,10.96
-2.86E+00,10.96
-2.86E+00,10.96
-2.85E+00,11.12
-2.85E+00,11.04
-2.85E+00,11.12
-2.85E+00,11.04
-2.85E+00,11.04
-2.84E+00,11.12
-2.84E+00,11.04
-2.84E+00,11.12
-2.84E+00,10.96
-2.84E+00,11.04
-2.83E+00,10.96
-2.83E+00,11.04
-2.83E+00,11.2
-2.83E+00,11.04
-2.83E+00,11.12
-2.82E+00,11.04
-2.82E+00,10.96
-2.82E+00,10.96
-2.82E+00,11.12
-2.82E+00,10.96
-2.81E+00,11.12
-2.81E+00,11.12
-2.81E+00,10.96
-2.81E+00,10.96
-2.81E+00,11.04
-2.80E+00,11.04
-2.80E+00,11.04
-2.80E+00,11.04
-2.80E+00,11.04
-2.80E+00,11.04
-2.79E+00,10.96
-2.79E+00,11.04
-2.79E+00,11.04
-2.79E+00,11.2
-2.79E+00,11.12
-2.78E+00,11.04
-2.78E+00,11.04
-2.78E+00,11.12
-2.78E+00,10.96
-2.78E+00,10.96
-2.77E+00,11.04
-2.77E+00,10.96
-2.77E+00,10.96
-2.77E+00,10.88
-2.77E+00,11.04
-2.76E+00,11.2
-2.76E+00,11.04
-2.76E+00,10.96
-2.76E+00,11.04
-2.76E+00,10.96
-2.75E+00,10.96
-2.75E+00,10.96
-2.75E+00,10.96
-2.75E+00,10.96
-2.75E+00,10.96
-2.74E+00,11.04
-2.74E+00,10.88
-2.74E+00,11.04
-2.74E+00,10.96
-2.74E+00,10.88
-2.73E+00,10.96
-2.73E+00,11.12
-2.73E+00,11.12
-2.73E+00,11.04
-2.73E+00,11.12
-2.72E+00,11.04
-2.72E+00,11.12
-2.72E+00,10.88
-2.72E+00,10.96
-2.72E+00,10.88
-2.71E+00,11.04
-2.71E+00,11.04
-2.71E+00,11.04
-2.71E+00,11.04
-2.71E+00,10.96
-2.70E+00,11.04
-2.70E+00,10.96
-2.70E+00,10.96
-2.70E+00,11.12
-2.70E+00,10.88
-2.69E+00,10.88
-2.69E+00,11.12
-2.69E+00,10.96
-2.69E+00,11.04
-2.69E+00,11.04
-2.68E+00,10.96
-2.68E+00,11.04
-2.68E+00,10.96
-2.68E+00,10.88
-2.68E+00,10.96
-2.67E+00,10.88
-2.67E+00,10.96
-2.67E+00,10.88
-2.67E+00,11.04
-2.67E+00,11.04
-2.66E+00,11.12
-2.66E+00,11.04
-2.66E+00,11.04
-2.66E+00,11.04
-2.66E+00,10.96
-2.65E+00,10.88
-2.65E+00,10.96
-2.65E+00,11.04
-2.65E+00,11.04
-2.65E+00,10.88
-2.64E+00,11.04
-2.64E+00,11.04
-2.64E+00,10.96
-2.64E+00,11.04
-2.64E+00,10.96
-2.63E+00,11.04
-2.63E+00,10.96
-2.63E+00,10.96
-2.63E+00,10.96
-2.63E+00,11.12
-2.62E+00,10.96
-2.62E+00,11.12
-2.62E+00,11.04
-2.62E+00,11.04
-2.62E+00,10.88
-2.61E+00,10.96
-2.61E+00,11.04
-2.61E+00,11.04
-2.61E+00,10.88
-2.61E+00,10.96
-2.60E+00,10.88
-2.60E+00,10.96
-2.60E+00,11.04
-2.60E+00,11.04
-2.60E+00,10.96
-2.59E+00,11.12
-2.59E+00,11.04
-2.59E+00,11.04
-2.59E+00,11.04
-2.59E+00,11.04
-2.58E+00,10.88
-2.58E+00,11.04
-2.58E+00,11.04
-2.58E+00,10.96
-2.58E+00,11.04
-2.57E+00,11.04
-2.57E+00,10.96
-2.57E+00,11.04
-2.57E+00,11.04
-2.57E+00,11.04
-2.56E+00,10.88
-2.56E+00,11.04
-2.56E+00,11.04
-2.56E+00,10.88
-2.56E+00,11.12
-2.55E+00,10.96
-2.55E+00,10.96
-2.55E+00,10.96
-2.55E+00,11.12
-2.55E+00,10.96
-2.54E+00,11.12
-2.54E+00,11.04
-2.54E+00,11.04
-2.54E+00,10.96
-2.54E+00,10.88
-2.53E+00,10.88
-2.53E+00,11.04
-2.53E+00,11.04
-2.53E+00,11.12
-2.53E+00,11.04
-2.52E+00,11.12
-2.52E+00,10.96
-2.52E+00,10.96
-2.52E+00,10.96
-2.52E+00,10.96
-2.51E+00,11.12
-2.51E+00,10.96
-2.51E+00,10.96
-2.51E+00,10.88
-2.51E+00,11.12
-2.50E+00,10.96
-2.50E+00,10.88
-2.50E+00,11.04
-2.50E+00,11.04
-2.50E+00,11.04
-2.49E+00,11.04
-2.49E+00,11.04
-2.49E+00,10.96
-2.49E+00,10.96
-2.49E+00,10.96
-2.48E+00,11.04
-2.48E+00,10.96
-2.48E+00,11.12
-2.48E+00,11.04
-2.48E+00,11.12
-2.47E+00,11.04
-2.47E+00,11.12
-2.47E+00,11.12
-2.47E+00,10.96
-2.47E+00,11.04
-2.46E+00,11.12
-2.46E+00,11.12
-2.46E+00,10.96
-2.46E+00,11.12
-2.46E+00,11.04
-2.45E+00,11.12
-2.45E+00,10.96
-2.45E+00,11.12
-2.45E+00,10.96
-2.45E+00,10.96
-2.44E+00,11.12
-2.44E+00,11.12
-2.44E+00,11.04
-2.44E+00,11.04
-2.44E+00,10.88
-2.43E+00,10.96
-2.43E+00,11.12
-2.43E+00,11.12
-2.43E+00,10.96
-2.43E+00,11.04
-2.42E+00,11.04
-2.42E+00,11.04
-2.42E+00,11.12
-2.42E+00,11.12
-2.42E+00,11.04
-2.41E+00,11.04
-2.41E+00,10.96
-2.41E+00,10.96
-2.41E+00,10.96
-2.41E+00,10.88
-2.40E+00,10.96
-2.40E+00,10.96
-2.40E+00,11.04
-2.40E+00,10.88
-2.40E+00,10.96
-2.39E+00,11.04
-2.39E+00,10.96
-2.39E+00,10.96
-2.39E+00,11.04
-2.39E+00,11.12
-2.38E+00,11.04
-2.38E+00,11.12
-2.38E+00,10.96
-2.38E+00,10.96
-2.38E+00,10.96
-2.37E+00,10.96
-2.37E+00,11.04
-2.37E+00,11.04
-2.37E+00,10.96
-2.37E+00,10.96
-2.36E+00,11.04
-2.36E+00,11.04
-2.36E+00,10.96
-2.36E+00,10.96
-2.36E+00,11.12
-2.35E+00,10.96
-2.35E+00,10.96
-2.35E+00,11.12
-2.35E+00,11.04
-2.35E+00,10.96
-2.34E+00,11.12
-2.34E+00,11.04
-2.34E+00,11.12
-2.34E+00,10.96
-2.34E+00,10.96
-2.33E+00,11.04
-2.33E+00,10.88
-2.33E+00,11.04
-2.33E+00,11.04
-2.33E+00,11.04
-2.32E+00,11.12
-2.32E+00,11.04
-2.32E+00,11.04
-2.32E+00,11.04
-2.32E+00,10.88
-2.31E+00,11.04
-2.31E+00,11.04
-2.31E+00,11.04
-2.31E+00,11.12
-2.31E+00,10.96
-2.30E+00,10.96
-2.30E+00,10.96
-2.30E+00,11.04
-2.30E+00,11.2
-2.30E+00,11.04
-2.29E+00,11.04
-2.29E+00,10.96
-2.29E+00,11.04
-2.29E+00,11.04
-2.29E+00,10.96
-2.28E+00,11.04
-2.28E+00,10.96
-2.28E+00,10.88
-2.28E+00,11.04
-2.28E+00,11.12
-2.27E+00,11.04
-2.27E+00,11.04
-2.27E+00,10.96
-2.27E+00,11.04
-2.27E+00,10.8
-2.26E+00,10.96
-2.26E+00,10.96
-2.26E+00,11.04
-2.26E+00,10.96
-2.26E+00,11.12
-2.25E+00,11.04
-2.25E+00,11.12
-2.25E+00,11.04
-2.25E+00,10.8
-2.25E+00,10.96
-2.24E+00,10.96
-2.24E+00,10.8
-2.24E+00,11.12
-2.24E+00,11.04
-2.24E+00,11.12
-2.23E+00,11.04
-2.23E+00,10.96
-2.23E+00,11.04
-2.23E+00,11.12
-2.23E+00,11.04
-2.22E+00,10.96
-2.22E+00,11.04
-2.22E+00,10.88
-2.22E+00,11.04
-2.22E+00,11.04
-2.21E+00,11.04
-2.21E+00,10.96
-2.21E+00,10.88
-2.21E+00,11.04
-2.21E+00,10.96
-2.20E+00,10.96
-2.20E+00,11.04
-2.20E+00,11.04
-2.20E+00,11.04
-2.20E+00,11.04
-2.19E+00,10.88
-2.19E+00,11.04
-2.19E+00,10.96
-2.19E+00,11.12
-2.19E+00,10.96
-2.18E+00,10.96
-2.18E+00,10.88
-2.18E+00,11.12
-2.18E+00,10.96
-2.18E+00,10.96
-2.17E+00,11.2
-2.17E+00,11.04
-2.17E+00,10.96
-2.17E+00,11.04
-2.17E+00,11.04
-2.16E+00,11.04
-2.16E+00,10.96
-2.16E+00,11.04
-2.16E+00,10.96
-2.16E+00,11.12
-2.15E+00,10.8
-2.15E+00,10.96
-2.15E+00,11.04
-2.15E+00,11.12
-2.15E+00,10.96
-2.14E+00,10.96
-2.14E+00,10.96
-2.14E+00,10.96
-2.14E+00,10.88
-2.14E+00,10.96
-2.13E+00,10.96
-2.13E+00,10.96
-2.13E+00,11.12
-2.13E+00,11.04
-2.13E+00,11.04
-2.12E+00,10.88
-2.12E+00,11.04
-2.12E+00,11.04
-2.12E+00,10.96
-2.12E+00,10.88
-2.11E+00,11.12
-2.11E+00,11.04
-2.11E+00,11.12
-2.11E+00,11.12
-2.11E+00,11.04
-2.10E+00,11.04
-2.10E+00,10.96
-2.10E+00,11.04
-2.10E+00,11.04
-2.10E+00,11.04
-2.09E+00,10.96
-2.09E+00,11.12
-2.09E+00,10.96
-2.09E+00,10.96
-2.09E+00,11.04
-2.08E+00,11.04
-2.08E+00,10.96
-2.08E+00,11.12
-2.08E+00,11.04
-2.08E+00,11.04
-2.07E+00,10.96
-2.07E+00,10.96
-2.07E+00,11.04
-2.07E+00,11.12
-2.07E+00,11.12
-2.06E+00,10.96
-2.06E+00,11.04
-2.06E+00,10.96
-2.06E+00,10.96
-2.06E+00,10.96
-2.05E+00,11.04
-2.05E+00,10.96
-2.05E+00,10.96
-2.05E+00,10.96
-2.05E+00,11.12
-2.04E+00,11.12
-2.04E+00,11.04
-2.04E+00,11.04
-2.04E+00,11.04
-2.04E+00,11.12
-2.03E+00,11.04
-2.03E+00,11.2
-2.03E+00,10.96
-2.03E+00,10.96
-2.03E+00,11.04
-2.02E+00,11.12
-2.02E+00,10.88
-2.02E+00,11.04
-2.02E+00,11.04
-2.02E+00,11.04
-2.01E+00,11.04
-2.01E+00,11.04
-2.01E+00,11.12
-2.01E+00,11.04
-2.01E+00,11.12
-2.00E+00,10.96
-2.00E+00,10.96
-2.00E+00,10.96
-2.00E+00,11.12
-2.00E+00,10.96
-1.99E+00,11.12
-1.99E+00,11.04
-1.99E+00,11.04
-1.99E+00,10.96
-1.99E+00,10.88
-1.98E+00,10.96
-1.98E+00,11.04
-1.98E+00,10.96
-1.98E+00,10.96
-1.98E+00,10.96
-1.97E+00,10.96
-1.97E+00,10.88
-1.97E+00,11.04
-1.97E+00,10.96
-1.97E+00,11.04
-1.96E+00,10.96
-1.96E+00,11.04
-1.96E+00,11.2
-1.96E+00,10.96
-1.96E+00,10.96
-1.95E+00,10.96
-1.95E+00,11.2
-1.95E+00,10.96
-1.95E+00,10.96
-1.95E+00,11.04
-1.94E+00,10.96
-1.94E+00,11.04
-1.94E+00,11.04
-1.94E+00,10.96
-1.94E+00,11.04
-1.93E+00,10.96
-1.93E+00,11.04
-1.93E+00,11.12
-1.93E+00,10.96
-1.93E+00,11.04
-1.92E+00,11.04
-1.92E+00,10.88
-1.92E+00,11.04
-1.92E+00,10.88
-1.92E+00,11.04
-1.91E+00,11.04
-1.91E+00,10.96
-1.91E+00,11.12
-1.91E+00,11.2
-1.91E+00,11.04
-1.90E+00,10.96
-1.90E+00,11.04
-1.90E+00,11.04
-1.90E+00,10.96
-1.90E+00,11.04
-1.89E+00,10.96
-1.89E+00,11.04
-1.89E+00,10.96
-1.89E+00,11.04
-1.89E+00,11.12
-1.88E+00,11.04
-1.88E+00,10.88
-1.88E+00,11.04
-1.88E+00,10.88
-1.88E+00,11.04
-1.87E+00,11.2
-1.87E+00,10.96
-1.87E+00,11.04
-1.87E+00,10.8
-1.87E+00,11.04
-1.86E+00,11.04
-1.86E+00,11.04
-1.86E+00,11.04
-1.86E+00,11.04
-1.86E+00,10.88
-1.85E+00,11.04
-1.85E+00,11.04
-1.85E+00,10.96
-1.85E+00,11.04
-1.85E+00,11.04
-1.84E+00,11.04
-1.84E+00,10.96
-1.84E+00,11.12
-1.84E+00,11.12
-1.84E+00,10.8
-1.83E+00,11.12
-1.83E+00,10.96
-1.83E+00,11.04
-1.83E+00,10.88
-1.83E+00,11.12
-1.82E+00,10.96
-1.82E+00,10.96
-1.82E+00,10.96
-1.82E+00,10.96
-1.82E+00,10.96
-1.81E+00,11.12
-1.81E+00,11.2
-1.81E+00,11.04
-1.81E+00,11.04
-1.81E+00,10.96
-1.80E+00,11.04
-1.80E+00,10.96
-1.80E+00,11.04
-1.80E+00,10.88
-1.80E+00,11.04
-1.79E+00,10.88
-1.79E+00,10.96
-1.79E+00,11.04
-1.79E+00,10.88
-1.79E+00,10.96
-1.78E+00,11.12
-1.78E+00,10.96
-1.78E+00,11.04
-1.78E+00,10.96
-1.78E+00,10.96
-1.77E+00,11.04
-1.77E+00,11.04
-1.77E+00,11.04
-1.77E+00,11.04
-1.77E+00,10.96
-1.76E+00,11.04
-1.76E+00,10.96
-1.76E+00,11.04
-1.76E+00,11.04
-1.76E+00,11.04
-1.75E+00,10.88
-1.75E+00,10.96
-1.75E+00,11.04
-1.75E+00,11.12
-1.75E+00,11.2
-1.74E+00,11.04
-1.74E+00,10.96
-1.74E+00,10.96
-1.74E+00,11.04
-1.74E+00,10.96
-1.73E+00,11.04
-1.73E+00,11.04
-1.73E+00,11.2
-1.73E+00,11.12
-1.73E+00,11.04
-1.72E+00,11.2
-1.72E+00,11.04
-1.72E+00,10.96
-1.72E+00,11.04
-1.72E+00,10.96
-1.71E+00,10.88
-1.71E+00,11.04
-1.71E+00,10.96
-1.71E+00,11.12
-1.71E+00,10.88
-1.70E+00,10.96
-1.70E+00,11.12
-1.70E+00,10.96
-1.70E+00,10.96
-1.70E+00,11.04
-1.69E+00,11.04
-1.69E+00,10.96
-1.69E+00,11.04
-1.69E+00,11.12
-1.69E+00,11.04
-1.68E+00,11.04
-1.68E+00,10.8
-1.68E+00,11.12
-1.68E+00,11.12
-1.68E+00,10.88
-1.67E+00,11.04
-1.67E+00,11.04
-1.67E+00,11.12
-1.67E+00,11.04
-1.67E+00,11.04
-1.66E+00,10.96
-1.66E+00,11.12
-1.66E+00,10.96
-1.66E+00,11.12
-1.66E+00,11.04
-1.65E+00,11.04
-1.65E+00,10.96
-1.65E+00,11.04
-1.65E+00,10.88
-1.65E+00,10.96
-1.64E+00,11.04
-1.64E+00,10.96
-1.64E+00,11.04
-1.64E+00,11.12
-1.64E+00,10.96
-1.63E+00,10.88
-1.63E+00,11.04
-1.63E+00,10.96
-1.63E+00,10.96
-1.63E+00,11.04
-1.62E+00,11.04
-1.62E+00,11.04
-1.62E+00,10.96
-1.62E+00,11.04
-1.62E+00,11.04
-1.61E+00,11.04
-1.61E+00,10.88
-1.61E+00,10.96
-1.61E+00,10.96
-1.61E+00,10.96
-1.60E+00,11.04
-1.60E+00,11.12
-1.60E+00,11.12
-1.60E+00,10.96
-1.60E+00,11.04
-1.59E+00,11.12
-1.59E+00,11.04
-1.59E+00,10.96
-1.59E+00,11.04
-1.59E+00,10.88
-1.58E+00,10.96
-1.58E+00,11.04
-1.58E+00,10.96
-1.58E+00,11.04
-1.58E+00,11.04
-1.57E+00,11.04
-1.57E+00,11.04
-1.57E+00,11.04
-1.57E+00,10.96
-1.57E+00,11.04
-1.56E+00,11.04
-1.56E+00,10.96
-1.56E+00,10.96
-1.56E+00,10.88
-1.56E+00,11.04
-1.55E+00,11.04
-1.55E+00,10.96
-1.55E+00,11.12
-1.55E+00,10.96
-1.55E+00,10.88
-1.54E+00,10.96
-1.54E+00,11.12
-1.54E+00,11.04
-1.54E+00,11.04
-1.54E+00,10.8
-1.53E+00,10.96
-1.53E+00,11.04
-1.53E+00,10.96
-1.53E+00,10.96
-1.53E+00,11.12
-1.52E+00,11.2
-1.52E+00,10.96
-1.52E+00,10.96
-1.52E+00,10.96
-1.52E+00,11.12
-1.51E+00,10.96
-1.51E+00,11.04
-1.51E+00,11.04
-1.51E+00,11.12
-1.51E+00,11.12
-1.50E+00,10.96
-1.50E+00,11.04
-1.50E+00,10.96
-1.50E+00,11.04
-1.50E+00,11.04
-1.49E+00,11.04
-1.49E+00,10.96
-1.49E+00,10.96
-1.49E+00,11.12
-1.49E+00,11.2
-1.48E+00,10.88
-1.48E+00,10.96
-1.48E+00,10.96
-1.48E+00,11.2
-1.48E+00,10.96
-1.47E+00,11.04
-1.47E+00,11.12
-1.47E+00,11.04
-1.47E+00,10.96
-1.47E+00,11.04
-1.46E+00,11.04
-1.46E+00,10.96
-1.46E+00,10.88
-1.46E+00,10.96
-1.46E+00,11.12
-1.45E+00,10.96
-1.45E+00,11.04
-1.45E+00,10.96
-1.45E+00,11.04
-1.45E+00,11.12
-1.44E+00,10.96
-1.44E+00,11.04
-1.44E+00,10.88
-1.44E+00,11.04
-1.44E+00,10.96
-1.43E+00,11.04
-1.43E+00,10.96
-1.43E+00,11.04
-1.43E+00,11.04
-1.43E+00,10.96
-1.42E+00,10.96
-1.42E+00,11.04
-1.42E+00,10.96
-1.42E+00,11.04
-1.42E+00,11.04
-1.41E+00,11.04
-1.41E+00,10.96
-1.41E+00,10.88
-1.41E+00,10.96
-1.41E+00,10.96
-1.40E+00,10.88
-1.40E+00,10.96
-1.40E+00,11.12
-1.40E+00,10.96
-1.40E+00,11.12
-1.39E+00,11.04
-1.39E+00,11.04
-1.39E+00,11.2
-1.39E+00,10.96
-1.39E+00,11.04
-1.38E+00,11.04
-1.38E+00,11.04
-1.38E+00,11.04
-1.38E+00,10.96
-1.38E+00,10.96
-1.37E+00,10.88
-1.37E+00,10.96
-1.37E+00,10.96
-1.37E+00,11.04
-1.37E+00,10.96
-1.36E+00,11.12
-1.36E+00,10.96
-1.36E+00,10.96
-1.36E+00,10.88
-1.36E+00,11.04
-1.35E+00,11.04
-1.35E+00,10.96
-1.35E+00,11.04
-1.35E+00,10.96
-1.35E+00,11.04
-1.34E+00,11.2
-1.34E+00,11.12
-1.34E+00,10.96
-1.34E+00,10.96
-1.34E+00,10.96
-1.33E+00,11.04
-1.33E+00,11.04
-1.33E+00,11.2
-1.33E+00,10.96
-1.33E+00,11.04
-1.32E+00,10.96
-1.32E+00,11.04
-1.32E+00,11.04
-1.32E+00,10.88
-1.32E+00,11.04
-1.31E+00,10.96
-1.31E+00,11.04
-1.31E+00,10.96
-1.31E+00,10.96
-1.31E+00,10.96
-1.30E+00,11.04
-1.30E+00,11.2
-1.30E+00,11.04
-1.30E+00,11.12
-1.30E+00,10.96
-1.29E+00,11.04
-1.29E+00,11.04
-1.29E+00,11.04
-1.29E+00,10.96
-1.29E+00,11.04
-1.28E+00,10.96
-1.28E+00,11.12
-1.28E+00,10.96
-1.28E+00,10.96
-1.28E+00,10.96
-1.27E+00,10.88
-1.27E+00,11.04
-1.27E+00,11.04
-1.27E+00,10.96
-1.27E+00,10.96
-1.26E+00,11.12
-1.26E+00,11.12
-1.26E+00,11.04
-1.26E+00,11.04
-1.26E+00,10.96
-1.25E+00,11.12
-1.25E+00,11.04
-1.25E+00,10.96
-1.25E+00,10.96
-1.25E+00,10.96
-1.24E+00,11.04
-1.24E+00,10.96
-1.24E+00,11.04
-1.24E+00,10.96
-1.24E+00,11.04
-1.23E+00,10.96
-1.23E+00,10.96
-1.23E+00,11.04
-1.23E+00,10.96
-1.23E+00,10.96
-1.22E+00,10.96
-1.22E+00,10.96
-1.22E+00,11.12
-1.22E+00,10.96
-1.22E+00,11.04
-1.21E+00,10.96
-1.21E+00,10.88
-1.21E+00,10.96
-1.21E+00,10.96
-1.21E+00,11.12
-1.20E+00,10.96
-1.20E+00,11.12
-1.20E+00,10.96
-1.20E+00,11.04
-1.20E+00,10.96
-1.19E+00,11.04
-1.19E+00,10.96
-1.19E+00,11.04
-1.19E+00,11.04
-1.19E+00,11.04
-1.18E+00,11.04
-1.18E+00,11.04
-1.18E+00,10.96
-1.18E+00,11.04
-1.18E+00,10.96
-1.17E+00,10.88
-1.17E+00,11.2
-1.17E+00,11.04
-1.17E+00,11.04
-1.17E+00,10.88
-1.16E+00,11.04
-1.16E+00,11.04
-1.16E+00,10.96
-1.16E+00,11.04
-1.16E+00,10.88
-1.15E+00,11.12
-1.15E+00,10.96
-1.15E+00,10.96
-1.15E+00,10.88
-1.15E+00,11.04
-1.14E+00,11.04
-1.14E+00,11.04
-1.14E+00,10.88
-1.14E+00,11.04
-1.14E+00,10.96
-1.13E+00,11.04
-1.13E+00,10.96
-1.13E+00,10.96
-1.13E+00,11.12
-1.13E+00,11.04
-1.12E+00,11.04
-1.12E+00,11.12
-1.12E+00,11.04
-1.12E+00,11.04
-1.12E+00,10.96
-1.11E+00,11.04
-1.11E+00,11.04
-1.11E+00,10.96
-1.11E+00,10.96
-1.11E+00,11.12
-1.10E+00,10.96
-1.10E+00,10.96
-1.10E+00,10.96
-1.10E+00,10.96
-1.10E+00,10.96
-1.09E+00,11.04
-1.09E+00,11.04
-1.09E+00,10.88
-1.09E+00,10.96
-1.09E+00,10.96
-1.08E+00,11.12
-1.08E+00,10.96
-1.08E+00,11.04
-1.08E+00,10.96
-1.08E+00,10.88
-1.07E+00,10.96
-1.07E+00,11.04
-1.07E+00,11.12
-1.07E+00,11.04
-1.07E+00,11.04
-1.06E+00,11.12
-1.06E+00,11.04
-1.06E+00,11.04
-1.06E+00,11.04
-1.06E+00,11.04
-1.05E+00,11.04
-1.05E+00,11.04
-1.05E+00,11.12
-1.05E+00,10.96
-1.05E+00,11.04
-1.04E+00,11.04
-1.04E+00,10.96
-1.04E+00,11.04
-1.04E+00,10.64
-1.04E+00,10.96
-1.03E+00,10.96
-1.03E+00,11.04
-1.03E+00,10.96
-1.03E+00,11.04
-1.03E+00,10.56
-1.02E+00,10.64
-1.02E+00,10.64
-1.02E+00,11.04
-1.02E+00,10.96
-1.02E+00,10.64
-1.01E+00,10.72
-1.01E+00,10.8
-1.01E+00,10.64
-1.01E+00,10.72
-1.01E+00,10.48
-1.00E+00,10.56
-1.00E+00,10.72
-1.00E+00,10.48
-9.98E-01,10.56
-9.96E-01,10.64
-9.94E-01,10.56
-9.92E-01,10.56
-9.90E-01,10.64
-9.88E-01,10.56
-9.86E-01,10.56
-9.84E-01,10.64
-9.82E-01,10.64
-9.80E-01,10.56
-9.78E-01,10.56
-9.76E-01,10.56
-9.74E-01,10.64
-9.72E-01,10.56
-9.70E-01,10.64
-9.68E-01,10.64
-9.66E-01,10.56
-9.64E-01,10.56
-9.62E-01,10.56
-9.60E-01,10.56
-9.58E-01,10.64
-9.56E-01,10.56
-9.54E-01,10.8
-9.52E-01,10.56
-9.50E-01,10.56
-9.48E-01,10.56
-9.46E-01,10.64
-9.44E-01,10.64
-9.42E-01,10.72
-9.40E-01,10.4
-9.38E-01,10.64
-9.36E-01,10.48
-9.34E-01,10.64
-9.32E-01,10.64
-9.30E-01,10.56
-9.28E-01,10.56
-9.26E-01,10.64
-9.24E-01,10.56
-9.22E-01,10.56
-9.20E-01,10.56
-9.18E-01,10.56
-9.16E-01,10.48
-9.14E-01,10.56
-9.12E-01,10.56
-9.10E-01,10.56
-9.08E-01,10.64
-9.06E-01,10.56
-9.04E-01,10.56
-9.02E-01,10.56
-9.00E-01,10.64
-8.98E-01,10.48
-8.96E-01,10.56
-8.94E-01,10.48
-8.92E-01,10.4
-8.90E-01,10.4
-8.88E-01,10.48
-8.86E-01,10.48
-8.84E-01,10.48
-8.82E-01,10.48
-8.80E-01,10.56
-8.78E-01,10.48
-8.76E-01,10.48
-8.74E-01,10.4
-8.72E-01,10.48
-8.70E-01,10.32
-8.68E-01,10.4
-8.66E-01,10.4
-8.64E-01,10.56
-8.62E-01,10.4
-8.60E-01,10.4
-8.58E-01,10.4
-8.56E-01,10.4
-8.54E-01,10.24
-8.52E-01,10.32
-8.50E-01,10.4
-8.48E-01,10.4
-8.46E-01,10.32
-8.44E-01,10.48
-8.42E-01,10.4
-8.40E-01,10.4
-8.38E-01,10.32
-8.36E-01,10.24
-8.34E-01,10.32
-8.32E-01,10.16
-8.30E-01,10.24
-8.28E-01,10.32
-8.26E-01,10.32
-8.24E-01,10.24
-8.22E-01,10.32
-8.20E-01,10.32
-8.18E-01,10.24
-8.16E-01,10.08
-8.14E-01,10.32
-8.12E-01,10.32
-8.10E-01,10.24
-8.08E-01,10.16
-8.06E-01,10.16
-8.04E-01,10.16
-8.02E-01,10.16
-8.00E-01,10.08
-7.98E-01,10.08
-7.96E-01,10.16
-7.94E-01,10.16
-7.92E-01,10.08
-7.90E-01,10.16
-7.88E-01,10.08
-7.86E-01,9.92
-7.84E-01,10
-7.82E-01,10.08
-7.80E-01,9.92
-7.78E-01,10
-7.76E-01,9.92
-7.74E-01,9.92
-7.72E-01,9.92
-7.70E-01,9.92
-7.68E-01,9.84
-7.66E-01,9.84
-7.64E-01,9.92
-7.62E-01,9.92
-7.60E-01,9.84
-7.58E-01,9.84
-7.56E-01,9.76
-7.54E-01,9.76
-7.52E-01,9.92
-7.50E-01,9.76
-7.48E-01,9.76
-7.46E-01,9.76
-7.44E-01,9.76
-7.42E-01,9.84
-7.40E-01,9.76
-7.38E-01,9.68
-7.36E-01,9.68
-7.34E-01,9.52
-7.32E-01,9.68
-7.30E-01,9.68
-7.28E-01,9.52
-7.26E-01,9.68
-7.24E-01,9.76
-7.22E-01,9.68
-7.20E-01,9.68
-7.18E-01,9.6
-7.16E-01,9.6
-7.14E-01,9.76
-7.12E-01,9.52
-7.10E-01,9.6
-7.08E-01,9.52
-7.06E-01,9.6
-7.04E-01,9.52
-7.02E-01,9.36
-7.00E-01,9.44
-6.98E-01,9.36
-6.96E-01,9.44
-6.94E-01,9.36
-6.92E-01,9.36
-6.90E-01,9.44
-6.88E-01,9.36
-6.86E-01,9.36
-6.84E-01,9.44
-6.82E-01,9.28
-6.80E-01,9.28
-6.78E-01,9.36
-6.76E-01,9.36
-6.74E-01,9.2
-6.72E-01,9.28
-6.70E-01,9.2
-6.68E-01,9.28
-6.66E-01,9.28
-6.64E-01,9.28
-6.62E-01,9.2
-6.60E-01,9.28
-6.58E-01,9.36
-6.56E-01,9.44
-6.54E-01,9.28
-6.52E-01,9.28
-6.50E-01,9.04
-6.48E-01,9.12
-6.46E-01,9.2
-6.44E-01,9.12
-6.42E-01,9.28
-6.40E-01,9.28
-6.38E-01,9.2
-6.36E-01,9.04
-6.34E-01,9.12
-6.32E-01,9.12
-6.30E-01,9.12
-6.28E-01,9.12
-6.26E-01,9.28
-6.24E-01,9.04
-6.22E-01,9.12
-6.20E-01,8.96
-6.18E-01,9.2
-6.16E-01,9.2
-6.14E-01,9.28
-6.12E-01,9.2
-6.10E-01,9.04
-6.08E-01,9.12
-6.06E-01,9.04
-6.04E-01,9.12
-6.02E-01,9.04
-6.00E-01,9.12
-5.98E-01,9.04
-5.96E-01,9.04
-5.94E-01,8.96
-5.92E-01,8.96
-5.90E-01,9.12
-5.88E-01,9.12
-5.86E-01,9.04
-5.84E-01,8.96
-5.82E-01,8.96
-5.80E-01,9.04
-5.78E-01,8.96
-5.76E-01,9.04
-5.74E-01,8.96
-5.72E-01,9.12
-5.70E-01,9.04
-5.68E-01,9.12
-5.66E-01,8.8
-5.64E-01,8.88
-5.62E-01,8.88
-5.60E-01,8.96
-5.58E-01,8.96
-5.56E-01,8.96
-5.54E-01,8.96
-5.52E-01,8.8
-5.50E-01,8.8
-5.48E-01,8.88
-5.46E-01,8.88
-5.44E-01,8.96
-5.42E-01,8.8
-5.40E-01,8.72
-5.38E-01,8.72
-5.36E-01,8.64
-5.34E-01,8.72
-5.32E-01,8.8
-5.30E-01,8.88
-5.28E-01,8.72
-5.26E-01,8.72
-5.24E-01,8.88
-5.22E-01,8.72
-5.20E-01,8.64
-5.18E-01,8.64
-5.16E-01,8.64
-5.14E-01,8.72
-5.12E-01,8.64
-5.10E-01,8.64
-5.08E-01,8.64
-5.06E-01,8.64
-5.04E-01,8.64
-5.02E-01,8.64
-5.00E-01,8.64
-4.98E-01,8.64
-4.96E-01,8.56
-4.94E-01,8.48
-4.92E-01,8.56
-4.90E-01,8.4
-4.88E-01,8.4
-4.86E-01,8.48
-4.84E-01,8.56
-4.82E-01,8.48
-4.80E-01,8.4
-4.78E-01,8.48
-4.76E-01,8.48
-4.74E-01,8.48
-4.72E-01,8.4
-4.70E-01,8.4
-4.68E-01,8.32
-4.66E-01,8.32
-4.64E-01,8.24
-4.62E-01,8.32
-4.60E-01,8.24
-4.58E-01,8.24
-4.56E-01,8.16
-4.54E-01,8.16
-4.52E-01,8.32
-4.50E-01,8.24
-4.48E-01,8.16
-4.46E-01,8.24
-4.44E-01,8.24
-4.42E-01,8.08
-4.40E-01,8.16
-4.38E-01,8
-4.36E-01,8.16
-4.34E-01,8.24
-4.32E-01,8.16
-4.30E-01,8
-4.28E-01,8
-4.26E-01,8.08
-4.24E-01,8.16
-4.22E-01,8
-4.20E-01,8.08
-4.18E-01,8
-4.16E-01,7.84
-4.14E-01,7.84
-4.12E-01,7.92
-4.10E-01,7.92
-4.08E-01,7.92
-4.06E-01,8
-4.04E-01,7.92
-4.02E-01,7.92
-4.00E-01,7.92
-3.98E-01,7.84
-3.96E-01,7.92
-3.94E-01,7.92
-3.92E-01,7.84
-3.90E-01,7.92
-3.88E-01,7.84
-3.86E-01,7.76
-3.84E-01,7.68
-3.82E-01,7.76
-3.80E-01,7.84
-3.78E-01,7.76
-3.76E-01,7.76
-3.74E-01,7.76
-3.72E-01,7.68
-3.70E-01,7.76
-3.68E-01,7.68
-3.66E-01,7.76
-3.64E-01,7.6
-3.62E-01,7.68
-3.60E-01,7.76
-3.58E-01,7.68
-3.56E-01,7.6
-3.54E-01,7.68
-3.52E-01,7.68
-3.50E-01,7.68
-3.48E-01,7.68
-3.46E-01,7.6
-3.44E-01,7.68
-3.42E-01,7.44
-3.40E-01,7.52
-3.38E-01,7.6
-3.36E-01,7.52
-3.34E-01,7.52
-3.32E-01,7.6
-3.30E-01,7.44
-3.28E-01,7.44
-3.26E-01,7.52
-3.24E-01,7.44
-3.22E-01,7.52
-3.20E-01,7.44
-3.18E-01,7.44
-3.16E-01,7.36
-3.14E-01,7.36
-3.12E-01,7.36
-3.10E-01,7.52
-3.08E-01,7.44
-3.06E-01,7.44
-3.04E-01,7.36
-3.02E-01,7.28
-3.00E-01,7.44
-2.98E-01,7.44
-2.96E-01,7.36
-2.94E-01,7.44
-2.92E-01,7.36
-2.90E-01,7.36
-2.88E-01,7.28
-2.86E-01,7.36
-2.84E-01,7.28
-2.82E-01,7.28
-2.80E-01,7.2
-2.78E-01,7.2
-2.76E-01,7.2
-2.74E-01,7.28
-2.72E-01,7.2
-2.70E-01,7.28
-2.68E-01,7.12
-2.66E-01,7.2
-2.64E-01,7.12
-2.62E-01,7.28
-2.60E-01,7.2
-2.58E-01,7.2
-2.56E-01,7.12
-2.54E-01,7.12
-2.52E-01,7.12
-2.50E-01,7.12
-2.48E-01,7.04
-2.46E-01,7.2
-2.44E-01,6.96
-2.42E-01,6.96
-2.40E-01,6.96
-2.38E-01,7.04
-2.36E-01,7.04
-2.34E-01,6.96
-2.32E-01,6.96
-2.30E-01,6.88
-2.28E-01,6.96
-2.26E-01,6.96
-2.24E-01,6.96
-2.22E-01,6.88
-2.20E-01,7.04
-2.18E-01,6.88
-2.16E-01,7.04
-2.14E-01,6.8
-2.12E-01,6.96
-2.10E-01,6.88
-2.08E-01,6.8
-2.06E-01,6.88
-2.04E-01,6.8
-2.02E-01,6.8
-2.00E-01,6.8
-1.98E-01,6.88
-1.96E-01,6.8
-1.94E-01,6.88
-1.92E-01,6.72
-1.90E-01,6.8
-1.88E-01,6.96
-1.86E-01,6.96
-1.84E-01,6.72
-1.82E-01,6.72
-1.80E-01,6.72
-1.78E-01,6.72
-1.76E-01,6.8
-1.74E-01,6.64
-1.72E-01,6.8
-1.70E-01,6.72
-1.68E-01,6.8
-1.66E-01,6.72
-1.64E-01,6.56
-1.62E-01,6.72
-1.60E-01,6.56
-1.58E-01,6.72
-1.56E-01,6.56
-1.54E-01,6.56
-1.52E-01,6.56
-1.50E-01,6.64
-1.48E-01,6.64
-1.46E-01,6.56
-1.44E-01,6.56
-1.42E-01,6.56
-1.40E-01,6.72
-1.38E-01,6.56
-1.36E-01,6.4
-1.34E-01,6.48
-1.32E-01,6.48
-1.30E-01,6.56
-1.28E-01,6.56
-1.26E-01,6.56
-1.24E-01,6.56
-1.22E-01,6.56
-1.20E-01,6.32
-1.18E-01,6.48
-1.16E-01,6.48
-1.14E-01,6.32
-1.12E-01,6.48
-1.10E-01,6.32
-1.08E-01,6.48
-1.06E-01,6.4
-1.04E-01,6.4
-1.02E-01,6.32
-1.00E-01,6.32
-9.80E-02,6.4
-9.60E-02,6.32
-9.40E-02,6.24
-9.20E-02,6.24
-9.00E-02,6.32
-8.80E-02,6.08
-8.60E-02,6.32
-8.40E-02,6.32
-8.20E-02,6.32
-8.00E-02,6.32
-7.80E-02,6.32
-7.60E-02,6.24
-7.40E-02,6.24
-7.20E-02,6.16
-7.00E-02,6.16
-6.80E-02,6.24
-6.60E-02,6.32
-6.40E-02,6.24
-6.20E-02,6.24
-6.00E-02,6.16
-5.80E-02,6.24
-5.60E-02,6.16
-5.40E-02,6.32
-5.20E-02,6.32
-5.00E-02,6.32
-4.80E-02,6.08
-4.60E-02,6.16
-4.40E-02,6.16
-4.20E-02,6.16
-4.00E-02,6.08
-3.80E-02,6.08
-3.60E-02,6.24
-3.40E-02,6.16
-3.20E-02,6.08
-3.00E-02,6.08
-2.80E-02,6.16
-2.60E-02,6.16
-2.40E-02,6.16
-2.20E-02,6.08
-2.00E-02,6.08
-1.80E-02,6.16
-1.60E-02,6.24
-1.40E-02,6.16
-1.20E-02,6.08
-1.00E-02,6.16
-8.00E-03,6.16
-6.00E-03,6.24
-4.00E-03,6.24
-2.00E-03,6.16
8.00E-15,6.08
2.00E-03,6.16
4.00E-03,6.24
6.00E-03,6.16
8.00E-03,6.24
1.00E-02,6.08
1.20E-02,6.16
1.40E-02,6.24
1.60E-02,6.16
1.80E-02,6.16
2.00E-02,6.16
2.20E-02,6
2.40E-02,6.24
2.60E-02,6.16
2.80E-02,6.24
3.00E-02,6.24
3.20E-02,6.32
3.40E-02,6.16
3.60E-02,6.16
3.80E-02,6.16
4.00E-02,6.24
4.20E-02,6.24
4.40E-02,6.24
4.60E-02,6.24
4.80E-02,6.16
5.00E-02,6.24
5.20E-02,6.16
5.40E-02,6.16
5.60E-02,6.08
5.80E-02,6
6.00E-02,6.24
6.20E-02,6.24
6.40E-02,6.08
6.60E-02,6.08
6.80E-02,6.16
7.00E-02,6.16
7.20E-02,6.16
7.40E-02,6.24
7.60E-02,6.08
7.80E-02,6.08
8.00E-02,6.08
8.20E-02,6.08
8.40E-02,6.16
8.60E-02,6.16
8.80E-02,6.24
9.00E-02,6.24
9.20E-02,6.16
9.40E-02,6.16
9.60E-02,6.32
9.80E-02,6.16
1.00E-01,6.24
1.02E-01,6.08
1.04E-01,6.24
1.06E-01,6.08
1.08E-01,6.08
1.10E-01,6.08
1.12E-01,6.08
1.14E-01,6.16
1.16E-01,6.08
1.18E-01,6.08
1.20E-01,6.24
1.22E-01,6.16
1.24E-01,6.08
1.26E-01,6.32
1.28E-01,6.24
1.30E-01,6.16
1.32E-01,6.32
1.34E-01,6.24
1.36E-01,6.24
1.38E-01,6.24
1.40E-01,6.24
1.42E-01,6.08
1.44E-01,6.24
1.46E-01,6.24
1.48E-01,6.16
1.50E-01,6.16
1.52E-01,6.24
1.54E-01,6.24
1.56E-01,6.24
1.58E-01,6.24
1.60E-01,6.08
1.62E-01,6.16
1.64E-01,6.08
1.66E-01,6.24
1.68E-01,6.08
1.70E-01,6.24
1.72E-01,6.24
1.74E-01,6.16
1.76E-01,6.16
1.78E-01,6.16
1.80E-01,6.08
1.82E-01,6.32
1.84E-01,6.16
1.86E-01,6.32
1.88E-01,6.32
1.90E-01,6.32
1.92E-01,6.32
1.94E-01,6.32
1.96E-01,6.32
1.98E-01,6.24
2.00E-01,6.24
2.02E-01,6.32
2.04E-01,6.24
2.06E-01,6.24
2.08E-01,6.24
2.10E-01,6.24
2.12E-01,6.24
2.14E-01,6.16
2.16E-01,6.32
2.18E-01,6.32
2.20E-01,6.32
2.22E-01,6.24
2.24E-01,6.32
2.26E-01,6.32
2.28E-01,6.4
2.30E-01,6.32
2.32E-01,6.4
2.34E-01,6.24
2.36E-01,6.48
2.38E-01,6.32
2.40E-01,6.56
2.42E-01,6.32
2.44E-01,6.32
2.46E-01,6.4
2.48E-01,6.4
2.50E-01,6.32
2.52E-01,6.4
2.54E-01,6.4
2.56E-01,6.56
2.58E-01,6.32
2.60E-01,6.48
2.62E-01,6.4
2.64E-01,6.56
2.66E-01,6.48
2.68E-01,6.48
2.70E-01,6.48
2.72E-01,6.4
2.74E-01,6.48
2.76E-01,6.4
2.78E-01,6.56
2.80E-01,6.4
2.82E-01,6.48
2.84E-01,6.48
2.86E-01,6.56
2.88E-01,6.48
2.90E-01,6.56
2.92E-01,6.56
2.94E-01,6.56
2.96E-01,6.56
2.98E-01,6.48
3.00E-01,6.48
3.02E-01,6.48
3.04E-01,6.64
3.06E-01,6.48
3.08E-01,6.56
3.10E-01,6.48
3.12E-01,6.56
3.14E-01,6.64
3.16E-01,6.64
3.18E-01,6.72
3.20E-01,6.56
3.22E-01,6.72
3.24E-01,6.64
3.26E-01,6.72
3.28E-01,6.72
3.30E-01,6.56
3.32E-01,6.64
3.34E-01,6.72
3.36E-01,6.72
3.38E-01,6.64
3.40E-01,6.64
3.42E-01,6.88
3.44E-01,6.64
3.46E-01,6.72
3.48E-01,6.56
3.50E-01,6.96
3.52E-01,6.8
3.54E-01,6.64
3.56E-01,6.72
3.58E-01,6.8
3.60E-01,6.8
3.62E-01,6.72
3.64E-01,6.72
3.66E-01,6.88
3.68E-01,6.8
3.70E-01,6.8
3.72E-01,6.8
3.74E-01,6.8
3.76E-01,6.72
3.78E-01,6.88
3.80E-01,6.8
3.82E-01,6.88
3.84E-01,7.04
3.86E-01,7.04
3.88E-01,7.04
3.90E-01,6.96
3.92E-01,7.04
3.94E-01,6.96
3.96E-01,7.04
3.98E-01,7.04
4.00E-01,6.96
4.02E-01,7.12
4.04E-01,7.04
4.06E-01,7.12
4.08E-01,7.2
4.10E-01,7.12
4.12E-01,7.12
4.14E-01,7.12
4.16E-01,7.04
4.18E-01,7.04
4.20E-01,7.12
4.22E-01,7.2
4.24E-01,7.2
4.26E-01,7.28
4.28E-01,7.28
4.30E-01,7.28
4.32E-01,7.28
4.34E-01,7.36
4.36E-01,7.28
4.38E-01,7.28
4.40E-01,7.36
4.42E-01,7.36
4.44E-01,7.28
4.46E-01,7.28
4.48E-01,7.44
4.50E-01,7.36
4.52E-01,7.44
4.54E-01,7.44
4.56E-01,7.44
4.58E-01,7.44
4.60E-01,7.6
4.62E-01,7.44
4.64E-01,7.6
4.66E-01,7.36
4.68E-01,7.6
4.70E-01,7.52
4.72E-01,7.52
4.74E-01,7.6
4.76E-01,7.6
4.78E-01,7.52
4.80E-01,7.44
4.82E-01,7.52
4.84E-01,7.6
4.86E-01,7.52
4.88E-01,7.6
4.90E-01,7.6
4.92E-01,7.6
4.94E-01,7.6
4.96E-01,7.6
4.98E-01,7.6
5.00E-01,7.6
5.02E-01,7.68
5.04E-01,7.68
5.06E-01,7.68
5.08E-01,7.68
5.10E-01,7.68
5.12E-01,7.76
5.14E-01,7.68
5.16E-01,7.76
5.18E-01,7.76
5.20E-01,7.92
5.22E-01,7.68
5.24E-01,7.84
5.26E-01,7.68
5.28E-01,7.76
5.30E-01,7.84
5.32E-01,7.84
5.34E-01,7.76
5.36E-01,7.92
5.38E-01,7.92
5.40E-01,7.84
5.42E-01,7.84
5.44E-01,7.92
5.46E-01,8
5.48E-01,7.92
5.50E-01,8
5.52E-01,8
5.54E-01,8
5.56E-01,8.08
5.58E-01,8
5.60E-01,7.92
5.62E-01,8
5.64E-01,8.16
5.66E-01,8.16
5.68E-01,8
5.70E-01,8.08
5.72E-01,8.16
5.74E-01,8.16
5.76E-01,8
5.78E-01,8.08
5.80E-01,8.08
5.82E-01,8
5.84E-01,8
5.86E-01,8.24
5.88E-01,8.16
5.90E-01,8.24
5.92E-01,8.24
5.94E-01,8.24
5.96E-01,8.24
5.98E-01,8.32
6.00E-01,8.32
6.02E-01,8.4
6.04E-01,8.24
6.06E-01,8.32
6.08E-01,8.4
6.10E-01,8.4
6.12E-01,8.24
6.14E-01,8.4
6.16E-01,8.4
6.18E-01,8.48
6.20E-01,8.48
6.22E-01,8.4
6.24E-01,8.4
6.26E-01,8.4
6.28E-01,8.64
6.30E-01,8.48
6.32E-01,8.48
6.34E-01,8.48
6.36E-01,8.48
6.38E-01,8.48
6.40E-01,8.56
6.42E-01,8.56
6.44E-01,8.4
6.46E-01,8.64
6.48E-01,8.4
6.50E-01,8.56
6.52E-01,8.56
6.54E-01,8.56
6.56E-01,8.48
6.58E-01,8.64
6.60E-01,8.56
6.62E-01,8.64
6.64E-01,8.56
6.66E-01,8.56
6.68E-01,8.56
6.70E-01,8.64
6.72E-01,8.72
6.74E-01,8.64
6.76E-01,8.64
6.78E-01,8.8
6.80E-01,8.48
6.82E-01,8.56
6.84E-01,8.64
6.86E-01,8.64
6.88E-01,8.8
6.90E-01,8.72
6.92E-01,8.8
6.94E-01,8.8
6.96E-01,8.64
6.98E-01,8.8
7.00E-01,8.72
7.02E-01,8.72
7.04E-01,8.88
7.06E-01,8.88
7.08E-01,8.8
7.10E-01,8.72
7.12E-01,8.88
7.14E-01,8.88
7.16E-01,8.8
7.18E-01,8.96
7.20E-01,8.96
7.22E-01,8.88
7.24E-01,8.96
7.26E-01,9.04
7.28E-01,8.8
7.30E-01,8.96
7.32E-01,8.96
7.34E-01,8.88
7.36E-01,9.04
7.38E-01,9.04
7.40E-01,9.04
7.42E-01,9.04
7.44E-01,8.88
7.46E-01,8.88
7.48E-01,8.96
7.50E-01,9.04
7.52E-01,8.96
7.54E-01,8.96
7.56E-01,9.04
7.58E-01,9.04
7.60E-01,9.04
7.62E-01,9.04
7.64E-01,9.04
7.66E-01,9.04
7.68E-01,8.88
7.70E-01,8.88
7.72E-01,8.88
7.74E-01,9.04
7.76E-01,9.12
7.78E-01,9.12
7.80E-01,9.12
7.82E-01,9.28
7.84E-01,9.04
7.86E-01,9.12
7.88E-01,9.12
7.90E-01,9.2
7.92E-01,9.28
7.94E-01,9.12
7.96E-01,9.2
7.98E-01,9.28
8.00E-01,9.2
8.02E-01,9.36
8.04E-01,9.36
8.06E-01,9.44
8.08E-01,9.44
8.10E-01,9.2
8.12E-01,9.44
8.14E-01,9.36
8.16E-01,9.52
8.18E-01,9.44
8.20E-01,9.36
8.22E-01,9.76
8.24E-01,9.6
8.26E-01,9.6
8.28E-01,9.44
8.30E-01,9.68
8.32E-01,9.6
8.34E-01,9.6
8.36E-01,9.68
8.38E-01,9.76
8.40E-01,9.68
8.42E-01,9.76
8.44E-01,9.76
8.46E-01,9.76
8.48E-01,9.76
8.50E-01,9.68
8.52E-01,9.6
8.54E-01,9.76
8.56E-01,9.92
8.58E-01,9.76
8.60E-01,9.68
8.62E-01,9.76
8.64E-01,9.76
8.66E-01,9.92
8.68E-01,9.92
8.70E-01,9.76
8.72E-01,10
8.74E-01,9.92
8.76E-01,9.84
8.78E-01,9.76
8.80E-01,9.92
8.82E-01,9.92
8.84E-01,9.92
8.86E-01,9.84
8.88E-01,9.92
8.90E-01,9.92
8.92E-01,9.92
8.94E-01,10
8.96E-01,10
8.98E-01,10
9.00E-01,10.16
9.02E-01,10
9.04E-01,10
9.06E-01,10
9.08E-01,9.92
9.10E-01,10.08
9.12E-01,10.16
9.14E-01,9.92
9.16E-01,10
9.18E-01,10.08
9.20E-01,10.08
9.22E-01,10.08
9.24E-01,10.16
9.26E-01,10.08
9.28E-01,10
9.30E-01,10.08
9.32E-01,10
9.34E-01,10.16
9.36E-01,10.08
9.38E-01,10
9.40E-01,10.16
9.42E-01,10.16
9.44E-01,10.16
9.46E-01,10
9.48E-01,10.32
9.50E-01,10.16
9.52E-01,10.16
9.54E-01,10.32
9.56E-01,10.32
9.58E-01,10.32
9.60E-01,10.16
9.62E-01,10.16
9.64E-01,10.24
9.66E-01,10.16
9.68E-01,10.32
9.70E-01,10.32
9.72E-01,10.32
9.74E-01,10.24
9.76E-01,10.24
9.78E-01,10.32
9.80E-01,10.24
9.82E-01,10.4
9.84E-01,10.32
9.86E-01,10.32
9.88E-01,10.24
9.90E-01,10.24
9.92E-01,10.24
9.94E-01,10.24
9.96E-01,10.32
9.98E-01,10.24
1.00E+00,10.4
1.00E+00,10.4
1.00E+00,10.24
1.01E+00,10.24
1.01E+00,10.24
1.01E+00,10.08
1.01E+00,10.4
1.01E+00,10.24
1.02E+00,10.24
1.02E+00,10.16
1.02E+00,10.32
1.02E+00,10.24
1.02E+00,10.32
1.03E+00,10.16
1.03E+00,10.24
1.03E+00,10.32
1.03E+00,10.24
1.03E+00,10.24
1.04E+00,10.32
1.04E+00,10.24
1.04E+00,10.32
1.04E+00,10.32
1.04E+00,10.24
1.05E+00,10.32
1.05E+00,10.32
1.05E+00,10.24
1.05E+00,10.32
1.05E+00,10.32
1.06E+00,10.24
1.06E+00,10.32
1.06E+00,10.32
1.06E+00,10.24
1.06E+00,10.24
1.07E+00,10.32
1.07E+00,10.32
1.07E+00,10.4
1.07E+00,10.32
1.07E+00,10.32
1.08E+00,10.4
1.08E+00,10.24
1.08E+00,10.32
1.08E+00,10.32
1.08E+00,10.4
1.09E+00,10.32
1.09E+00,10.4
1.09E+00,10.56
1.09E+00,10.4
1.09E+00,10.4
1.10E+00,10.32
1.10E+00,10.4
1.10E+00,10.56
1.10E+00,10.32
1.10E+00,10.4
1.11E+00,10.32
1.11E+00,10.48
1.11E+00,10.56
1.11E+00,10.48
1.11E+00,10.32
1.12E+00,10.48
1.12E+00,10.56
1.12E+00,10.4
1.12E+00,10.48
1.12E+00,10.32
1.13E+00,10.56
1.13E+00,10.4
1.13E+00,10.48
1.13E+00,10.48
1.13E+00,10.56
1.14E+00,10.4
1.14E+00,10.56
1.14E+00,10.56
1.14E+00,10.56
1.14E+00,10.56
1.15E+00,10.4
1.15E+00,10.72
1.15E+00,10.64
1.15E+00,10.56
1.15E+00,10.48
1.16E+00,10.64
1.16E+00,10.48
1.16E+00,10.56
1.16E+00,10.48
1.16E+00,10.56
1.17E+00,10.64
1.17E+00,10.4
1.17E+00,10.64
1.17E+00,10.56
1.17E+00,10.56
1.18E+00,10.56
1.18E+00,10.64
1.18E+00,10.64
1.18E+00,10.4
1.18E+00,10.56
1.19E+00,10.64
1.19E+00,10.56
1.19E+00,10.64
1.19E+00,10.64
1.19E+00,10.56
1.20E+00,10.56
1.20E+00,10.56
1.20E+00,10.56
1.20E+00,10.56
1.20E+00,10.56
1.21E+00,10.64
1.21E+00,10.64
1.21E+00,10.56
1.21E+00,10.56
1.21E+00,10.56
1.22E+00,10.72
1.22E+00,10.56
1.22E+00,10.64
1.22E+00,10.64
1.22E+00,10.56
1.23E+00,10.4
1.23E+00,10.64
1.23E+00,10.64
1.23E+00,10.64
1.23E+00,10.56
1.24E+00,10.64
1.24E+00,10.72
1.24E+00,10.56
1.24E+00,10.56
1.24E+00,10.72
1.25E+00,10.64
1.25E+00,10.56
1.25E+00,10.64
1.25E+00,10.72
1.25E+00,10.56
1.26E+00,10.64
1.26E+00,10.64
1.26E+00,11.12
1.26E+00,10.48
1.26E+00,10.96
1.27E+00,10.56
1.27E+00,11.04
1.27E+00,10.64
1.27E+00,10.96
1.27E+00,11.04
1.28E+00,11.04
1.28E+00,10.88
1.28E+00,10.56
1.28E+00,10.96
1.28E+00,11.12
1.29E+00,11.04
1.29E+00,10.96
1.29E+00,11.04
1.29E+00,11.04
1.29E+00,10.96
1.30E+00,10.96
1.30E+00,10.96
1.30E+00,10.96
1.30E+00,11.04
1.30E+00,11.12
1.31E+00,11.04
1.31E+00,10.96
1.31E+00,11.12
1.31E+00,10.96
1.31E+00,11.04
1.32E+00,11.04
1.32E+00,11.12
1.32E+00,10.96
1.32E+00,11.04
1.32E+00,11.04
1.33E+00,10.96
1.33E+00,10.96
1.33E+00,10.96
1.33E+00,10.96
1.33E+00,11.04
1.34E+00,11.12
1.34E+00,11.12
1.34E+00,11.12
1.34E+00,10.96
1.34E+00,11.04
1.35E+00,10.96
1.35E+00,11.04
1.35E+00,11.04
1.35E+00,10.88
1.35E+00,10.96
1.36E+00,10.88
1.36E+00,11.12
1.36E+00,11.12
1.36E+00,11.04
1.36E+00,11.04
1.37E+00,10.96
1.37E+00,11.12
1.37E+00,11.04
1.37E+00,10.96
1.37E+00,10.96
1.38E+00,10.96
1.38E+00,11.04
1.38E+00,10.88
1.38E+00,10.88
1.38E+00,10.96
1.39E+00,11.12
1.39E+00,11.2
1.39E+00,11.04
1.39E+00,11.04
1.39E+00,10.96
1.40E+00,11.04
1.40E+00,10.96
1.40E+00,11.04
1.40E+00,10.96
1.40E+00,10.96
1.41E+00,11.04
1.41E+00,10.96
1.41E+00,11.12
1.41E+00,11.04
1.41E+00,10.88
1.42E+00,11.12
1.42E+00,10.96
1.42E+00,11.2
1.42E+00,10.96
1.42E+00,11.12
1.43E+00,10.96
1.43E+00,11.04
1.43E+00,10.88
1.43E+00,11.04
1.43E+00,10.96
1.44E+00,11.12
1.44E+00,11.04
1.44E+00,10.96
1.44E+00,10.96
1.44E+00,10.96
1.45E+00,10.96
1.45E+00,11.04
1.45E+00,11.2
1.45E+00,10.96
1.45E+00,11.04
1.46E+00,10.96
1.46E+00,11.04
1.46E+00,10.96
1.46E+00,11.04
1.46E+00,11.04
1.47E+00,10.96
1.47E+00,11.04
1.47E+00,11.04
1.47E+00,10.88
1.47E+00,10.96
1.48E+00,11.04
1.48E+00,10.96
1.48E+00,11.04
1.48E+00,11.04
1.48E+00,11.04
1.49E+00,11.04
1.49E+00,11.04
1.49E+00,11.04
1.49E+00,11.04
1.49E+00,10.88
1.50E+00,10.96
1.50E+00,11.04
1.50E+00,11.04
1.50E+00,10.96
1.50E+00,10.96
1.51E+00,10.96
1.51E+00,10.96
1.51E+00,10.96
1.51E+00,11.04
1.51E+00,10.96
1.52E+00,10.96
1.52E+00,11.04
1.52E+00,11.12
1.52E+00,10.96
1.52E+00,11.04
1.53E+00,10.96
1.53E+00,11.04
1.53E+00,10.96
1.53E+00,10.96
1.53E+00,10.96
1.54E+00,10.96
1.54E+00,11.04
1.54E+00,10.96
1.54E+00,11.04
1.54E+00,11.04
1.55E+00,10.96
1.55E+00,10.96
1.55E+00,10.96
1.55E+00,11.04
1.55E+00,11.12
1.56E+00,11.04
1.56E+00,11.04
1.56E+00,11.12
1.56E+00,10.96
1.56E+00,10.96
1.57E+00,10.88
1.57E+00,10.88
1.57E+00,11.04
1.57E+00,10.96
1.57E+00,11.04
1.58E+00,10.96
1.58E+00,11.04
1.58E+00,11.04
1.58E+00,10.96
1.58E+00,10.96
1.59E+00,10.88
1.59E+00,11.04
1.59E+00,10.96
1.59E+00,10.96
1.59E+00,11.04
1.60E+00,11.04
1.60E+00,11.04
1.60E+00,11.04
1.60E+00,10.88
1.60E+00,10.96
1.61E+00,11.04
1.61E+00,10.88
1.61E+00,10.96
1.61E+00,10.96
1.61E+00,11.04
1.62E+00,10.88
1.62E+00,10.96
1.62E+00,10.88
1.62E+00,11.04
1.62E+00,10.96
1.63E+00,11.04
1.63E+00,10.96
1.63E+00,10.96
1.63E+00,11.04
1.63E+00,10.88
1.64E+00,11.04
1.64E+00,10.96
1.64E+00,10.88
1.64E+00,11.04
1.64E+00,10.96
1.65E+00,11.12
1.65E+00,11.04
1.65E+00,11.04
1.65E+00,11.12
1.65E+00,11.2
1.66E+00,10.96
1.66E+00,10.96
1.66E+00,10.96
1.66E+00,10.96
1.66E+00,11.04
1.67E+00,11.04
1.67E+00,11.04
1.67E+00,11.04
1.67E+00,11.12
1.67E+00,10.96
1.68E+00,11.12
1.68E+00,10.96
1.68E+00,11.12
1.68E+00,11.04
1.68E+00,11.04
1.69E+00,11.04
1.69E+00,11.2
1.69E+00,11.2
1.69E+00,11.04
1.69E+00,10.96
1.70E+00,11.04
1.70E+00,10.96
1.70E+00,11.04
1.70E+00,10.96
1.70E+00,11.04
1.71E+00,11.04
1.71E+00,10.96
1.71E+00,11.12
1.71E+00,10.8
1.71E+00,10.96
1.72E+00,11.04
1.72E+00,10.96
1.72E+00,10.96
1.72E+00,10.96
1.72E+00,11.04
1.73E+00,11.04
1.73E+00,11.04
1.73E+00,11.04
1.73E+00,11.04
1.73E+00,11.04
1.74E+00,10.96
1.74E+00,10.88
1.74E+00,11.04
1.74E+00,11.04
1.74E+00,11.04
1.75E+00,11.2
1.75E+00,11.12
1.75E+00,10.96
1.75E+00,11.04
1.75E+00,10.96
1.76E+00,10.96
1.76E+00,10.96
1.76E+00,11.04
1.76E+00,11.04
1.76E+00,10.88
1.77E+00,11.04
1.77E+00,11.04
1.77E+00,10.96
1.77E+00,11.04
1.77E+00,11.04
1.78E+00,11.04
1.78E+00,11.04
1.78E+00,11.12
1.78E+00,11.04
1.78E+00,11.04
1.79E+00,10.96
1.79E+00,10.96
1.79E+00,11.04
1.79E+00,10.96
1.79E+00,10.96
1.80E+00,11.04
1.80E+00,10.88
1.80E+00,11.04
1.80E+00,11.12
1.80E+00,11.04
1.81E+00,11.04
1.81E+00,11.12
1.81E+00,11.04
1.81E+00,10.96
1.81E+00,11.04
1.82E+00,11.04
1.82E+00,11.04
1.82E+00,11.04
1.82E+00,11.04
1.82E+00,11.04
1.83E+00,11.04
1.83E+00,11.04
1.83E+00,11.04
1.83E+00,11.04
1.83E+00,10.96
1.84E+00,10.96
1.84E+00,10.96
1.84E+00,10.96
1.84E+00,10.88
1.84E+00,10.96
1.85E+00,11.04
1.85E+00,10.88
1.85E+00,10.96
1.85E+00,11.04
1.85E+00,11.04
1.86E+00,11.04
1.86E+00,10.96
1.86E+00,10.96
1.86E+00,11.04
1.86E+00,10.96
1.87E+00,10.96
1.87E+00,11.04
1.87E+00,11.12
1.87E+00,10.96
1.87E+00,11.2
1.88E+00,10.96
1.88E+00,11.12
1.88E+00,10.96
1.88E+00,10.96
1.88E+00,11.04
1.89E+00,11.04
1.89E+00,11.2
1.89E+00,10.96
1.89E+00,10.96
1.89E+00,10.96
1.90E+00,11.04
1.90E+00,11.04
1.90E+00,11.04
1.90E+00,10.96
1.90E+00,11.04
1.91E+00,10.96
1.91E+00,11.04
1.91E+00,11.12
1.91E+00,10.96
1.91E+00,11.12
1.92E+00,11.04
1.92E+00,10.96
1.92E+00,10.96
1.92E+00,10.96
1.92E+00,10.96
1.93E+00,11.12
1.93E+00,11.04
1.93E+00,11.04
1.93E+00,11.12
1.93E+00,10.96
1.94E+00,10.96
1.94E+00,11.04
1.94E+00,11.12
1.94E+00,11.12
1.94E+00,11.04
1.95E+00,11.04
1.95E+00,11.12
1.95E+00,11.04
1.95E+00,11.04
1.95E+00,11.04
1.96E+00,10.96
1.96E+00,11.12
1.96E+00,11.28
1.96E+00,11.12
1.96E+00,11.12
1.97E+00,10.96
1.97E+00,11.04
1.97E+00,11.12
1.97E+00,11.12
1.97E+00,10.96
1.98E+00,10.96
1.98E+00,10.96
1.98E+00,10.96
1.98E+00,10.96
1.98E+00,10.96
1.99E+00,11.04
1.99E+00,10.96
1.99E+00,11.04
1.99E+00,11.04
1.99E+00,10.96
2.00E+00,10.96
2.00E+00,11.04
2.00E+00,10.96
2.00E+00,10.96
2.00E+00,11.04
2.01E+00,10.96
2.01E+00,10.96
2.01E+00,10.96
2.01E+00,11.12
2.01E+00,10.96
2.02E+00,11.12
2.02E+00,11.04
2.02E+00,11.04
2.02E+00,10.96
2.02E+00,10.96
2.03E+00,11.2
2.03E+00,11.12
2.03E+00,10.96
2.03E+00,10.96
2.03E+00,11.04
2.04E+00,10.96
2.04E+00,11.12
2.04E+00,10.96
2.04E+00,11.12
2.04E+00,11.12
2.05E+00,10.8
2.05E+00,11.04
2.05E+00,11.04
2.05E+00,10.96
2.05E+00,10.88
2.06E+00,11.04
2.06E+00,10.96
2.06E+00,11.12
2.06E+00,11.12
2.06E+00,10.96
2.07E+00,11.04
2.07E+00,10.96
2.07E+00,10.96
2.07E+00,11.04
2.07E+00,11.04
2.08E+00,11.04
2.08E+00,11.12
2.08E+00,11.04
2.08E+00,11.04
2.08E+00,11.12
2.09E+00,10.96
2.09E+00,11.04
2.09E+00,11.12
2.09E+00,10.96
2.09E+00,10.96
2.10E+00,11.04
2.10E+00,10.96
2.10E+00,10.96
2.10E+00,11.04
2.10E+00,11.04
2.11E+00,11.04
2.11E+00,10.88
2.11E+00,11.04
2.11E+00,11.2
2.11E+00,11.04
2.12E+00,11.12
2.12E+00,11.12
2.12E+00,11.12
2.12E+00,11.04
2.12E+00,10.96
2.13E+00,11.04
2.13E+00,10.96
2.13E+00,11.04
2.13E+00,10.96
2.13E+00,10.88
2.14E+00,11.04
2.14E+00,11.12
2.14E+00,11.04
2.14E+00,11.12
2.14E+00,11.12
2.15E+00,10.96
2.15E+00,11.04
2.15E+00,10.96
2.15E+00,11.04
2.15E+00,10.96
2.16E+00,10.88
2.16E+00,11.04
2.16E+00,11.12
2.16E+00,11.04
2.16E+00,10.88
2.17E+00,10.96
2.17E+00,10.96
2.17E+00,11.04
2.17E+00,11.12
2.17E+00,10.96
2.18E+00,10.96
2.18E+00,11.04
2.18E+00,11.04
2.18E+00,10.96
2.18E+00,10.96
2.19E+00,10.88
2.19E+00,10.88
2.19E+00,11.04
2.19E+00,11.04
2.19E+00,11.04
2.20E+00,10.96
2.20E+00,11.04
2.20E+00,10.96
2.20E+00,11.04
2.20E+00,10.88
2.21E+00,10.96
2.21E+00,10.96
2.21E+00,10.88
2.21E+00,11.04
2.21E+00,11.04
2.22E+00,10.96
2.22E+00,11.04
2.22E+00,11.04
2.22E+00,10.96
2.22E+00,10.96
2.23E+00,10.96
2.23E+00,11.04
2.23E+00,11.12
2.23E+00,11.04
2.23E+00,11.04
2.24E+00,11.04
2.24E+00,11.12
2.24E+00,10.96
2.24E+00,10.96
2.24E+00,11.04
2.25E+00,11.04
2.25E+00,11.04
2.25E+00,11.12
2.25E+00,11.04
2.25E+00,11.04
2.26E+00,10.96
2.26E+00,11.04
2.26E+00,11.04
2.26E+00,10.96
2.26E+00,10.96
2.27E+00,11.12
2.27E+00,10.96
2.27E+00,11.12
2.27E+00,11.2
2.27E+00,11.12
2.28E+00,10.8
2.28E+00,11.04
2.28E+00,11.04
2.28E+00,11.04
2.28E+00,10.88
2.29E+00,10.96
2.29E+00,11.04
2.29E+00,10.96
2.29E+00,11.04
2.29E+00,10.96
2.30E+00,10.96
2.30E+00,11.04
2.30E+00,10.96
2.30E+00,10.96
2.30E+00,11.12
2.31E+00,10.96
2.31E+00,10.96
2.31E+00,11.04
2.31E+00,11.04
2.31E+00,11.04
2.32E+00,11.04
2.32E+00,11.04
2.32E+00,10.96
2.32E+00,11.04
2.32E+00,10.96
2.33E+00,10.96
2.33E+00,10.96
2.33E+00,11.12
2.33E+00,11.12
2.33E+00,10.96
2.34E+00,11.04
2.34E+00,11.04
2.34E+00,10.96
2.34E+00,10.96
2.34E+00,11.04
2.35E+00,10.96
2.35E+00,11.04
2.35E+00,10.96
2.35E+00,10.96
2.35E+00,10.96
2.36E+00,11.04
2.36E+00,10.88
2.36E+00,11.04
2.36E+00,10.96
2.36E+00,11.04
2.37E+00,11.04
2.37E+00,11.12
2.37E+00,10.96
2.37E+00,10.96
2.37E+00,11.04
2.38E+00,10.96
2.38E+00,11.04
2.38E+00,11.12
2.38E+00,10.96
2.38E+00,11.2
2.39E+00,11.12
2.39E+00,11.12
2.39E+00,10.96
2.39E+00,11.04
2.39E+00,10.96
2.40E+00,11.04
2.40E+00,10.88
2.40E+00,10.88
2.40E+00,10.96
2.40E+00,11.04
2.41E+00,10.96
2.41E+00,11.04
2.41E+00,10.96
2.41E+00,10.96
2.41E+00,10.96
2.42E+00,11.04
2.42E+00,11.04
2.42E+00,10.96
2.42E+00,11.04
2.42E+00,10.96
2.43E+00,10.88
2.43E+00,11.04
2.43E+00,11.04
2.43E+00,10.96
2.43E+00,10.88
2.44E+00,10.88
2.44E+00,11.04
2.44E+00,11.2
2.44E+00,11.12
2.44E+00,10.96
2.45E+00,10.96
2.45E+00,10.96
2.45E+00,10.96
2.45E+00,11.12
2.45E+00,10.96
2.46E+00,11.04
2.46E+00,11.04
2.46E+00,11.12
2.46E+00,11.12
2.46E+00,11.12
2.47E+00,11.12
2.47E+00,10.96
2.47E+00,11.12
2.47E+00,10.8
2.47E+00,11.04
2.48E+00,11.12
2.48E+00,10.96
2.48E+00,11.12
2.48E+00,11.04
2.48E+00,10.96
2.49E+00,10.8
2.49E+00,11.04
2.49E+00,11.04
2.49E+00,11.04
2.49E+00,11.2
2.50E+00,10.96
2.50E+00,11.04
2.50E+00,11.04
2.50E+00,10.96
2.50E+00,11.04
2.51E+00,11.12
2.51E+00,10.96
2.51E+00,11.04
2.51E+00,10.96
2.51E+00,11.04
2.52E+00,11.12
2.52E+00,11.04
2.52E+00,10.96
2.52E+00,11.04
2.52E+00,11.04
2.53E+00,11.04
2.53E+00,10.88
2.53E+00,11.04
2.53E+00,10.96
2.53E+00,10.96
2.54E+00,10.96
2.54E+00,10.96
2.54E+00,10.88
2.54E+00,11.04
2.54E+00,11.04
2.55E+00,11.04
2.55E+00,11.12
2.55E+00,10.96
2.55E+00,10.88
2.55E+00,10.96
2.56E+00,11.04
2.56E+00,11.12
2.56E+00,10.96
2.56E+00,11.04
2.56E+00,11.04
2.57E+00,10.88
2.57E+00,11.04
2.57E+00,11.12
2.57E+00,10.96
2.57E+00,11.04
2.58E+00,11.2
2.58E+00,10.88
2.58E+00,11.04
2.58E+00,10.96
2.58E+00,10.96
2.59E+00,10.96
2.59E+00,10.96
2.59E+00,11.04
2.59E+00,11.12
2.59E+00,11.04
2.60E+00,11.12
2.60E+00,11.04
2.60E+00,11.04
2.60E+00,11.04
2.60E+00,10.88
2.61E+00,11.2
2.61E+00,11.04
2.61E+00,10.96
2.61E+00,11.04
2.61E+00,11.04
2.62E+00,10.96
2.62E+00,10.96
2.62E+00,10.96
2.62E+00,11.04
2.62E+00,11.04
2.63E+00,11.04
2.63E+00,11.04
2.63E+00,11.12
2.63E+00,10.96
2.63E+00,11.04
2.64E+00,11.04
2.64E+00,11.04
2.64E+00,11.04
2.64E+00,11.04
2.64E+00,10.96
2.65E+00,10.96
2.65E+00,10.96
2.65E+00,10.96
2.65E+00,11.04
2.65E+00,10.88
2.66E+00,11.04
2.66E+00,10.96
2.66E+00,11.04
2.66E+00,10.88
2.66E+00,10.96
2.67E+00,11.12
2.67E+00,10.96
2.67E+00,10.96
2.67E+00,10.96
2.67E+00,11.04
2.68E+00,10.96
2.68E+00,11.04
2.68E+00,11.12
2.68E+00,11.12
2.68E+00,11.2
2.69E+00,11.04
2.69E+00,11.12
2.69E+00,10.96
2.69E+00,11.12
2.69E+00,10.88
2.70E+00,11.12
2.70E+00,10.88
2.70E+00,11.04
2.70E+00,10.96
2.70E+00,11.04
2.71E+00,10.96
2.71E+00,11.04
2.71E+00,10.96
2.71E+00,10.96
2.71E+00,10.96
2.72E+00,10.96
2.72E+00,10.96
2.72E+00,10.96
2.72E+00,11.04
2.72E+00,10.96
2.73E+00,10.96
2.73E+00,10.96
2.73E+00,10.96
2.73E+00,10.96
2.73E+00,11.12
2.74E+00,10.96
2.74E+00,10.96
2.74E+00,11.12
2.74E+00,11.12
2.74E+00,10.96
2.75E+00,10.96
2.75E+00,11.04
2.75E+00,10.96
2.75E+00,11.12
2.75E+00,11.12
2.76E+00,10.96
2.76E+00,11.04
2.76E+00,11.04
2.76E+00,11.04
2.76E+00,11.04
2.77E+00,11.12
2.77E+00,11.04
2.77E+00,10.96
2.77E+00,10.96
2.77E+00,10.96
2.78E+00,11.04
2.78E+00,11.04
2.78E+00,11.04
2.78E+00,11.12
2.78E+00,11.04
2.79E+00,11.04
2.79E+00,11.04
2.79E+00,11.04
2.79E+00,11.04
2.79E+00,10.88
2.80E+00,11.12
2.80E+00,10.96
2.80E+00,11.04
2.80E+00,11.04
2.80E+00,11.04
2.81E+00,11.04
2.81E+00,10.96
2.81E+00,11.04
2.81E+00,10.96
2.81E+00,10.96
2.82E+00,10.96
2.82E+00,10.96
2.82E+00,11.04
2.82E+00,11.04
2.82E+00,11.12
2.83E+00,11.04
2.83E+00,11.04
2.83E+00,10.96
2.83E+00,11.12
2.83E+00,10.96
2.84E+00,10.96
2.84E+00,10.88
2.84E+00,10.88
2.84E+00,11.04
2.84E+00,11.12
2.85E+00,11.12
2.85E+00,11.04
2.85E+00,10.96
2.85E+00,11.04
2.85E+00,10.96
2.86E+00,10.96
2.86E+00,10.96
2.86E+00,11.2
2.86E+00,10.96
2.86E+00,10.96
2.87E+00,10.96
2.87E+00,10.96
2.87E+00,10.88
2.87E+00,11.12
2.87E+00,10.96
2.88E+00,11.04
2.88E+00,10.96
2.88E+00,10.96
2.88E+00,11.12
2.88E+00,11.12
2.89E+00,10.96
2.89E+00,10.96
2.89E+00,11.04
2.89E+00,11.12
2.89E+00,11.12
2.90E+00,11.12
2.90E+00,10.96
2.90E+00,11.04
2.90E+00,11.12
2.90E+00,11.04
2.91E+00,10.96
2.91E+00,11.12
2.91E+00,11.12
2.91E+00,11.04
2.91E+00,10.96
2.92E+00,11.12
2.92E+00,11.04
2.92E+00,11.04
2.92E+00,10.96
2.92E+00,10.96
2.93E+00,11.12
2.93E+00,10.96
2.93E+00,11.04
2.93E+00,10.88
2.93E+00,10.96
2.94E+00,11.12
2.94E+00,10.96
2.94E+00,10.96
2.94E+00,10.96
2.94E+00,10.96
2.95E+00,10.96
2.95E+00,10.96
2.95E+00,11.12
2.95E+00,11.12
2.95E+00,10.88
2.96E+00,11.12
2.96E+00,11.04
2.96E+00,10.96
2.96E+00,11.04
2.96E+00,11.12
2.97E+00,10.96
2.97E+00,11.04
2.97E+00,11.04
2.97E+00,11.04
2.97E+00,11.04
2.98E+00,11.04
2.98E+00,11.12
2.98E+00,11.12
2.98E+00,10.96
2.98E+00,11.04
2.99E+00,11.12
2.99E+00,10.96
2.99E+00,11.04
2.99E+00,10.96
2.99E+00,11.04
3.00E+00,11.04
3.00E+00,11.12
3.00E+00,11.04
3.00E+00,11.12
3.00E+00,11.04
3.01E+00,11.2
3.01E+00,11.04
3.01E+00,10.96
3.01E+00,11.04
3.01E+00,11.04
3.02E+00,11.12
3.02E+00,11.04
3.02E+00,11.04
3.02E+00,10.96
3.02E+00,11.04
3.03E+00,10.96
3.03E+00,11.2
3.03E+00,10.96
3.03E+00,11.12
3.03E+00,11.04
3.04E+00,11.04
3.04E+00,11.04
3.04E+00,10.96
3.04E+00,10.96
3.04E+00,11.04
3.05E+00,10.96
3.05E+00,11.12
3.05E+00,10.96
3.05E+00,11.04
3.05E+00,10.96
3.06E+00,10.96
3.06E+00,10.96
3.06E+00,10.96
3.06E+00,10.88
3.06E+00,11.04
3.07E+00,11.04
3.07E+00,11.12
3.07E+00,10.88
3.07E+00,10.96
3.07E+00,11.12
3.08E+00,11.04
3.08E+00,10.96
3.08E+00,11.04
3.08E+00,10.88
3.08E+00,10.96
3.09E+00,10.88
3.09E+00,11.04
3.09E+00,10.96
3.09E+00,10.96
3.09E+00,10.96
3.10E+00,11.12
3.10E+00,11.04
3.10E+00,10.96
3.10E+00,11.04
3.10E+00,10.96
3.11E+00,11.12
3.11E+00,11.12
3.11E+00,11.04
3.11E+00,11.2
3.11E+00,11.04
3.12E+00,11.2
3.12E+00,11.12
3.12E+00,11.12
3.12E+00,10.96
3.12E+00,10.96
3.13E+00,10.96
3.13E+00,11.12
3.13E+00,10.96
3.13E+00,11.12
3.13E+00,10.96
3.14E+00,11.04
3.14E+00,10.96
3.14E+00,10.96
3.14E+00,10.96
3.14E+00,10.96
3.15E+00,11.04
3.15E+00,11.04
3.15E+00,11.04
3.15E+00,10.96
3.15E+00,11.12
3.16E+00,11.04
3.16E+00,10.96
3.16E+00,11.04
3.16E+00,10.88
3.16E+00,10.96
3.17E+00,10.88
3.17E+00,10.96
3.17E+00,10.96
3.17E+00,11.12
3.17E+00,11.04
3.18E+00,11.04
3.18E+00,10.96
3.18E+00,10.88
3.18E+00,10.96
3.18E+00,10.96
3.19E+00,11.12
3.19E+00,11.04
3.19E+00,10.96
3.19E+00,11.04
3.19E+00,10.96
3.20E+00,10.96
3.20E+00,10.96
3.20E+00,10.96
3.20E+00,11.04
3.20E+00,10.96
3.21E+00,10.96
3.21E+00,10.96
3.21E+00,10.96
3.21E+00,11.04
3.21E+00,11.04
3.22E+00,11.12
3.22E+00,10.88
3.22E+00,11.04
3.22E+00,11.04
3.22E+00,10.96
3.23E+00,11.12
3.23E+00,10.96
3.23E+00,11.04
3.23E+00,11.04
3.23E+00,10.88
3.24E+00,11.12
3.24E+00,10.88
3.24E+00,11.04
3.24E+00,10.88
3.24E+00,11.12
3.25E+00,11.04
3.25E+00,11.04
3.25E+00,10.96
3.25E+00,11.12
3.25E+00,10.96
3.26E+00,11.04
3.26E+00,10.96
3.26E+00,10.96
3.26E+00,11.04
3.26E+00,11.04
3.27E+00,10.96
3.27E+00,10.88
3.27E+00,11.12
3.27E+00,11.12
3.27E+00,10.96
3.28E+00,10.96
3.28E+00,10.96
3.28E+00,11.04
3.28E+00,11.04
3.28E+00,11.04
3.29E+00,10.96
3.29E+00,11.04
3.29E+00,11.04
3.29E+00,11.04
3.29E+00,10.96
3.30E+00,11.04
3.30E+00,10.96
3.30E+00,10.96
3.30E+00,11.04
3.30E+00,11.12
3.31E+00,11.04
3.31E+00,11.12
3.31E+00,11.12
3.31E+00,11.12
3.31E+00,10.96
3.32E+00,10.96
3.32E+00,10.88
3.32E+00,10.96
3.32E+00,10.96
3.32E+00,11.12
3.33E+00,11.12
3.33E+00,11.04
3.33E+00,10.96
3.33E+00,10.88
3.33E+00,11.04
3.34E+00,11.04
3.34E+00,10.96
3.34E+00,11.04
3.34E+00,11.12
3.34E+00,10.96
3.35E+00,10.96
3.35E+00,10.96
3.35E+00,10.88
3.35E+00,11.12
3.35E+00,11.04
3.36E+00,11.12
3.36E+00,10.88
3.36E+00,11.04
3.36E+00,11.04
3.36E+00,10.96
3.37E+00,11.04
3.37E+00,11.04
3.37E+00,10.96
3.37E+00,10.96
3.37E+00,11.04
3.38E+00,11.04
3.38E+00,11.12
3.38E+00,10.88
3.38E+00,11.04
3.38E+00,10.96
3.39E+00,10.88
3.39E+00,11.12
3.39E+00,11.04
3.39E+00,10.96
3.39E+00,11.04
3.40E+00,10.96
3.40E+00,10.88
3.40E+00,10.96
3.40E+00,11.12
3.40E+00,11.04
3.41E+00,11.04
3.41E+00,11.04
3.41E+00,11.04
3.41E+00,11.04
3.41E+00,11.04
3.42E+00,10.96
3.42E+00,11.04
3.42E+00,11.12
3.42E+00,11.04
3.42E+00,11.04
3.43E+00,11.04
3.43E+00,10.88
3.43E+00,11.04
3.43E+00,11.04
3.43E+00,11.04
3.44E+00,11.12
3.44E+00,10.96
3.44E+00,11.04
3.44E+00,10.88
3.44E+00,10.96
3.45E+00,10.96
3.45E+00,10.96
3.45E+00,11.2
3.45E+00,10.96
3.45E+00,10.96
3.46E+00,10.96
3.46E+00,10.96
3.46E+00,10.96
3.46E+00,11.04
3.46E+00,10.96
3.47E+00,11.04
3.47E+00,11.04
3.47E+00,11.12
3.47E+00,10.96
3.47E+00,10.96
3.48E+00,10.96
3.48E+00,10.96
3.48E+00,11.12
3.48E+00,10.96
3.48E+00,11.04
3.49E+00,11.04
3.49E+00,11.04
3.49E+00,11.04
3.49E+00,10.96
3.49E+00,11.04
3.50E+00,10.96
3.50E+00,10.96
3.50E+00,11.12
3.50E+00,10.96
3.50E+00,10.96
3.51E+00,11.12
3.51E+00,10.88
3.51E+00,11.12
3.51E+00,11.04
3.51E+00,11.12
3.52E+00,11.04
3.52E+00,10.96
3.52E+00,11.12
3.52E+00,10.96
3.52E+00,10.96
3.53E+00,10.96
3.53E+00,11.12
3.53E+00,11.04
3.53E+00,11.12
3.53E+00,10.96
3.54E+00,11.04
3.54E+00,11.12
3.54E+00,11.12
3.54E+00,11.04
3.54E+00,11.04
3.55E+00,11.04
3.55E+00,11.04
3.55E+00,10.96
3.55E+00,10.96
3.55E+00,10.96
3.56E+00,11.12
3.56E+00,10.88
3.56E+00,11.12
3.56E+00,10.96
3.56E+00,11.12
3.57E+00,11.04
3.57E+00,10.96
3.57E+00,10.96
3.57E+00,10.88
3.57E+00,10.96
3.58E+00,11.04
3.58E+00,11.12
3.58E+00,10.96
3.58E+00,11.04
3.58E+00,11.04
3.59E+00,11.04
3.59E+00,10.88
3.59E+00,11.04
3.59E+00,10.96
3.59E+00,10.96
3.60E+00,11.12
3.60E+00,11.04
3.60E+00,10.88
3.60E+00,10.96
3.60E+00,11.04
3.61E+00,10.88
3.61E+00,10.96
3.61E+00,11.04
3.61E+00,10.96
3.61E+00,11.04
3.62E+00,11.12
3.62E+00,11.04
3.62E+00,10.96
3.62E+00,11.04
3.62E+00,11.04
3.63E+00,10.96
3.63E+00,11.12
3.63E+00,10.96
3.63E+00,10.96
3.63E+00,10.96
3.64E+00,11.12
3.64E+00,11.04
3.64E+00,11.12
3.64E+00,10.96
3.64E+00,10.96
3.65E+00,11.2
3.65E+00,10.88
3.65E+00,10.96
3.65E+00,10.96
3.65E+00,10.96
3.66E+00,11.12
3.66E+00,10.96
3.66E+00,11.12
3.66E+00,11.12
3.66E+00,11.04
3.67E+00,11.04
3.67E+00,11.12
3.67E+00,10.96
3.67E+00,10.96
3.67E+00,10.96
3.68E+00,10.96
3.68E+00,10.88
3.68E+00,10.96
3.68E+00,10.96
3.68E+00,11.12
3.69E+00,10.96
3.69E+00,10.96
3.69E+00,11.12
3.69E+00,11.04
3.69E+00,11.12
3.70E+00,11.12
3.70E+00,11.04
3.70E+00,11.12
3.70E+00,11.12
3.70E+00,10.96
3.71E+00,11.12
3.71E+00,10.96
3.71E+00,10.96
3.71E+00,11.12
3.71E+00,11.04
3.72E+00,10.96
3.72E+00,11.12
3.72E+00,10.96
3.72E+00,11.12
3.72E+00,10.8
3.73E+00,11.04
3.73E+00,10.96
3.73E+00,10.96
3.73E+00,10.88
3.73E+00,11.12
3.74E+00,10.96
3.74E+00,11.04
3.74E+00,11.04
3.74E+00,11.04
3.74E+00,10.96
3.75E+00,11.04
3.75E+00,10.96
3.75E+00,11.04
3.75E+00,11.04
3.75E+00,10.96
3.76E+00,11.04
3.76E+00,10.96
3.76E+00,11.12
3.76E+00,10.96
3.76E+00,11.04
3.77E+00,11.2
3.77E+00,11.12
3.77E+00,11.2
3.77E+00,10.8
3.77E+00,11.04
3.78E+00,10.96
3.78E+00,11.12
3.78E+00,10.96
3.78E+00,11.04
3.78E+00,10.96
3.79E+00,10.96
3.79E+00,11.04
3.79E+00,11.04
3.79E+00,11.12
3.79E+00,10.96
3.80E+00,10.96
3.80E+00,10.96
3.80E+00,11.04
3.80E+00,10.8
3.80E+00,10.96
3.81E+00,11.04
3.81E+00,10.88
3.81E+00,11.12
3.81E+00,11.04
3.81E+00,11.2
3.82E+00,10.8
3.82E+00,10.96
3.82E+00,10.96
3.82E+00,11.04
3.82E+00,11.12
3.83E+00,11.12
3.83E+00,10.96
3.83E+00,10.96
3.83E+00,11.12
3.83E+00,11.04
3.84E+00,11.04
3.84E+00,10.96
3.84E+00,10.88
3.84E+00,10.96
3.84E+00,11.04
3.85E+00,10.96
3.85E+00,10.88
3.85E+00,11.04
3.85E+00,11.12
3.85E+00,11.2
3.86E+00,10.96
3.86E+00,11.12
3.86E+00,11.04
3.86E+00,10.96
3.86E+00,10.96
3.87E+00,11.04
3.87E+00,10.96
3.87E+00,10.96
3.87E+00,10.96
3.87E+00,10.96
3.88E+00,11.04
3.88E+00,10.96
3.88E+00,11.12
3.88E+00,11.04
3.88E+00,10.96
3.89E+00,11.12
3.89E+00,10.96
3.89E+00,11.04
3.89E+00,10.88
3.89E+00,10.96
3.90E+00,11.04
3.90E+00,11.04
3.90E+00,11.04
3.90E+00,11.04
3.90E+00,10.96
3.91E+00,11.04
3.91E+00,11.04
3.91E+00,11.04
3.91E+00,10.96
3.91E+00,10.96
3.92E+00,11.2
3.92E+00,10.96
3.92E+00,11.04
3.92E+00,11.12
3.92E+00,11.04
3.93E+00,10.96
3.93E+00,10.88
3.93E+00,10.96
3.93E+00,10.96
3.93E+00,11.04
3.94E+00,11.04
3.94E+00,11.04
3.94E+00,10.96
3.94E+00,11.12
3.94E+00,10.96
3.95E+00,10.96
3.95E+00,10.96
3.95E+00,11.12
3.95E+00,11.04
3.95E+00,11.04
3.96E+00,11.04
3.96E+00,11.04
3.96E+00,10.96
3.96E+00,11.04
3.96E+00,11.04
3.97E+00,10.96
3.97E+00,11.04
3.97E+00,11.04
3.97E+00,11.04
3.97E+00,10.8
3.98E+00,11.04
3.98E+00,10.88
3.98E+00,11.12
3.98E+00,11.04
3.98E+00,11.04
3.99E+00,10.96
3.99E+00,11.04
3.99E+00,10.96
3.99E+00,11.04
3.99E+00,11.04
4.00E+00,10.88
4.00E+00,11.12
4.00E+00,10.96
4.00E+00,10.96
4.00E+00,11.04
4.01E+00,11.04
4.01E+00,10.96
4.01E+00,11.12
4.01E+00,11.04
4.01E+00,10.96
4.02E+00,11.04
4.02E+00,11.04
4.02E+00,10.96
4.02E+00,10.96
4.02E+00,10.96
4.03E+00,10.96
4.03E+00,10.88
4.03E+00,11.04
4.03E+00,11.04
4.03E+00,11.04
4.04E+00,10.96
4.04E+00,10.88
4.04E+00,10.96
4.04E+00,11.12
4.04E+00,11.2
4.05E+00,10.96
4.05E+00,11.04
4.05E+00,11.04
4.05E+00,11.04
4.05E+00,10.96
4.06E+00,11.12
4.06E+00,10.96
4.06E+00,10.88
4.06E+00,11.04
4.06E+00,11.04
4.07E+00,11.04
4.07E+00,11.04
4.07E+00,11.12
4.07E+00,11.04
4.07E+00,11.04
4.08E+00,11.12
4.08E+00,10.96
4.08E+00,11.04
4.08E+00,10.96
4.08E+00,11.04
4.09E+00,10.96
4.09E+00,11.04
4.09E+00,10.96
4.09E+00,11.12
4.09E+00,10.96
4.10E+00,11.04
4.10E+00,10.96
4.10E+00,11.04
4.10E+00,10.96
4.10E+00,11.04
4.11E+00,10.96
4.11E+00,10.96
4.11E+00,10.96
4.11E+00,10.96
4.11E+00,11.12
4.12E+00,11.04
4.12E+00,10.88
4.12E+00,10.96
4.12E+00,11.12
4.12E+00,11.04
4.13E+00,11.04
4.13E+00,11.04
4.13E+00,10.96
4.13E+00,10.96
4.13E+00,11.04
4.14E+00,11.04
4.14E+00,10.96
4.14E+00,11.12
4.14E+00,11.12
4.14E+00,10.96
4.15E+00,10.96
4.15E+00,10.96
4.15E+00,10.96
4.15E+00,10.96
4.15E+00,10.96
4.16E+00,11.04
4.16E+00,10.96
4.16E+00,10.96
4.16E+00,11.04
4.16E+00,10.88
4.17E+00,11.04
4.17E+00,10.96
4.17E+00,10.96
4.17E+00,11.04
4.17E+00,11.04
4.18E+00,11.12
4.18E+00,10.88
4.18E+00,10.96
4.18E+00,11.2
4.18E+00,11.04
4.19E+00,11.04
4.19E+00,10.96
4.19E+00,11.04
4.19E+00,10.96
4.19E+00,10.96
4.20E+00,11.04
4.20E+00,11.04
4.20E+00,10.96
4.20E+00,10.88
4.20E+00,10.96
4.21E+00,11.04
4.21E+00,11.04
4.21E+00,11.04
4.21E+00,11.04
4.21E+00,10.88
4.22E+00,10.96
4.22E+00,10.8
4.22E+00,11.12
4.22E+00,10.96
4.22E+00,11.04
4.23E+00,11.04
4.23E+00,11.12
4.23E+00,10.96
4.23E+00,11.04
4.23E+00,11.04
4.24E+00,10.96
4.24E+00,11.12
4.24E+00,11.04
4.24E+00,10.96
4.24E+00,11.04
4.25E+00,11.04
4.25E+00,11.12
4.25E+00,10.96
4.25E+00,10.88
4.25E+00,11.12
4.26E+00,11.04
4.26E+00,11.12
4.26E+00,11.04
4.26E+00,11.12
4.26E+00,11.04
4.27E+00,11.04
4.27E+00,11.04
4.27E+00,10.88
4.27E+00,11.12
4.27E+00,11.04
4.28E+00,11.04
4.28E+00,11.2
4.28E+00,10.96
4.28E+00,11.12
4.28E+00,11.04
4.29E+00,10.96
4.29E+00,11.04
4.29E+00,10.88
4.29E+00,10.96
4.29E+00,11.04
4.30E+00,10.96
4.30E+00,11.04
4.30E+00,11.12
4.30E+00,11.04
4.30E+00,11.04
4.31E+00,10.96
4.31E+00,10.96
4.31E+00,11.04
4.31E+00,10.88
4.31E+00,11.04
4.32E+00,11.04
4.32E+00,11.04
4.32E+00,11.04
4.32E+00,11.04
4.32E+00,11.04
4.33E+00,11.04
4.33E+00,11.04
4.33E+00,10.96
4.33E+00,11.12
4.33E+00,11.04
4.34E+00,11.04
4.34E+00,10.96
4.34E+00,11.12
4.34E+00,11.04
4.34E+00,11.04
4.35E+00,10.88
4.35E+00,10.96
4.35E+00,11.12
4.35E+00,10.96
4.35E+00,10.96
4.36E+00,11.04
4.36E+00,11.12
4.36E+00,11.12
4.36E+00,10.96
4.36E+00,11.04
4.37E+00,11.04
4.37E+00,11.12
4.37E+00,11.04
4.37E+00,11.04
4.37E+00,11.04
4.38E+00,11.04
4.38E+00,10.88
4.38E+00,11.04
4.38E+00,11.04
4.38E+00,11.04
4.39E+00,10.88
4.39E+00,11.12
4.39E+00,11.04
4.39E+00,11.04
4.39E+00,11.04
4.40E+00,11.04
4.40E+00,10.96
4.40E+00,11.04
4.40E+00,10.96
4.40E+00,11.04
4.41E+00,11.04
4.41E+00,10.96
4.41E+00,11.12
4.41E+00,11.04
4.41E+00,10.88
4.42E+00,10.96
4.42E+00,10.88
4.42E+00,10.88
4.42E+00,10.96
4.42E+00,11.04
4.43E+00,11.04
4.43E+00,11.04
4.43E+00,11.04
4.43E+00,11.04
4.43E+00,11.04
4.44E+00,11.12
4.44E+00,10.96
4.44E+00,11.04
4.44E+00,11.04
4.44E+00,10.96
4.45E+00,10.96
4.45E+00,11.04
4.45E+00,11.04
4.45E+00,11.12
4.45E+00,10.96
4.46E+00,11.04
4.46E+00,11.04
4.46E+00,10.88
4.46E+00,11.04
4.46E+00,11.04
4.47E+00,10.96
4.47E+00,10.96
4.47E+00,10.96
4.47E+00,10.96
4.47E+00,11.2
4.48E+00,11.04
4.48E+00,10.96
4.48E+00,11.04
4.48E+00,10.88
4.48E+00,10.96
4.49E+00,11.04
4.49E+00,11.12
4.49E+00,11.12
4.49E+00,11.04
4.49E+00,10.96
4.50E+00,10.96
4.50E+00,10.96
4.50E+00,11.04
4.50E+00,11.04
4.50E+00,11.12
4.51E+00,11.12
4.51E+00,10.96
4.51E+00,10.96
4.51E+00,11.04
4.51E+00,11.12
4.52E+00,10.88
4.52E+00,11.04
4.52E+00,11.12
4.52E+00,11.12
4.52E+00,11.12
4.53E+00,11.04
4.53E+00,11.12
4.53E+00,10.96
4.53E+00,11.04
4.53E+00,11.04
4.54E+00,11.04
4.54E+00,10.96
4.54E+00,10.96
4.54E+00,11.04
4.54E+00,11.12
4.55E+00,11.04
4.55E+00,10.96
4.55E+00,11.04
4.55E+00,11.04
4.55E+00,10.96
4.56E+00,11.04
4.56E+00,10.96
4.56E+00,10.88
4.56E+00,11.2
4.56E+00,10.88
4.57E+00,11.04
4.57E+00,11.04
4.57E+00,11.04
4.57E+00,10.96
4.57E+00,11.04
4.58E+00,11.04
4.58E+00,10.96
4.58E+00,10.96
4.58E+00,11.04
4.58E+00,11.04
4.59E+00,10.96
4.59E+00,10.88
4.59E+00,11.12
4.59E+00,11.12
4.59E+00,11.04
4.60E+00,11.04
4.60E+00,11.04
4.60E+00,11.04
4.60E+00,10.96
4.60E+00,10.96
4.61E+00,11.04
4.61E+00,11.04
4.61E+00,11.04
4.61E+00,11.04
4.61E+00,11.04
4.62E+00,11.04
4.62E+00,11.04
4.62E+00,10.96
4.62E+00,10.96
4.62E+00,10.96
4.63E+00,11.04
4.63E+00,11.12
4.63E+00,10.88
4.63E+00,10.88
4.63E+00,11.04
4.64E+00,10.96
4.64E+00,10.96
4.64E+00,10.96
4.64E+00,10.96
4.64E+00,11.2
4.65E+00,11.04
4.65E+00,10.96
4.65E+00,10.96
4.65E+00,10.96
4.65E+00,10.88
4.66E+00,10.96
4.66E+00,10.96
4.66E+00,11.12
4.66E+00,11.04
4.66E+00,11.04
4.67E+00,11.12
4.67E+00,11.12
4.67E+00,11.12
4.67E+00,11.04
4.67E+00,11.04
4.68E+00,11.04
4.68E+00,11.04
4.68E+00,11.04
4.68E+00,10.88
4.68E+00,11.04
4.69E+00,10.96
4.69E+00,11.04
4.69E+00,11.04
4.69E+00,10.96
4.69E+00,10.96
4.70E+00,10.88
4.70E+00,11.2
4.70E+00,11.04
4.70E+00,11.04
4.70E+00,11.04
4.71E+00,10.96
4.71E+00,10.96
4.71E+00,10.96
4.71E+00,10.96
4.71E+00,10.96
4.72E+00,11.04
4.72E+00,11.04
4.72E+00,10.96
4.72E+00,11.04
4.72E+00,11.04
4.73E+00,11.04
4.73E+00,11.12
4.73E+00,11.12
4.73E+00,11.04
4.73E+00,11.04
4.74E+00,11.2
4.74E+00,10.96
4.74E+00,10.96
4.74E+00,11.04
4.74E+00,10.96
4.75E+00,11.04
4.75E+00,10.96
4.75E+00,11.04
4.75E+00,10.96
4.75E+00,11.04
4.76E+00,10.96
4.76E+00,11.04
4.76E+00,11.04
4.76E+00,10.88
4.76E+00,10.96
4.77E+00,11.04
4.77E+00,10.96
4.77E+00,10.96
4.77E+00,10.96
4.77E+00,11.04
4.78E+00,11.04
4.78E+00,10.96
4.78E+00,11.04
4.78E+00,11.12
4.78E+00,10.96
4.79E+00,11.04
4.79E+00,11.04
4.79E+00,11.12
4.79E+00,11.12
4.79E+00,10.96
4.80E+00,10.96
4.80E+00,11.04
4.80E+00,11.12
4.80E+00,11.04
4.80E+00,10.88
4.81E+00,11.12
4.81E+00,10.96
4.81E+00,10.88
4.81E+00,11.04
4.81E+00,10.88
4.82E+00,11.12
4.82E+00,10.96
4.82E+00,10.88
4.82E+00,11.04
4.82E+00,11.04
4.83E+00,11.12
4.83E+00,10.88
4.83E+00,10.96
4.83E+00,11.04
4.83E+00,11.12
4.84E+00,10.96
4.84E+00,11.04
4.84E+00,11.04
4.84E+00,11.04
4.84E+00,11.04
4.85E+00,11.04
4.85E+00,11.04
4.85E+00,10.96
4.85E+00,10.96
4.85E+00,11.04
4.86E+00,11.04
4.86E+00,11.04
4.86E+00,10.96
4.86E+00,11.04
4.86E+00,11.04
4.87E+00,10.96
4.87E+00,11.04
4.87E+00,10.96
4.87E+00,11.04
4.87E+00,11.04
4.88E+00,11.04
4.88E+00,11.04
4.88E+00,10.88
4.88E+00,11.04
4.88E+00,10.96
4.89E+00,10.96
4.89E+00,11.04
4.89E+00,10.96
4.89E+00,10.96
4.89E+00,11.12
4.90E+00,11.12
4.90E+00,11.12
4.90E+00,11.04
4.90E+00,10.96
4.90E+00,11.12
4.91E+00,10.88
4.91E+00,10.96
4.91E+00,11.04
4.91E+00,10.88
4.91E+00,10.96
4.92E+00,11.12
4.92E+00,10.96
4.92E+00,10.96
4.92E+00,11.12
4.92E+00,11.04
4.93E+00,11.04
4.93E+00,11.04
4.93E+00,11.12
4.93E+00,10.88
4.93E+00,10.96
4.94E+00,11.04
4.94E+00,10.88
4.94E+00,11.12
4.94E+00,11.04
4.94E+00,10.96
4.95E+00,11.04
4.95E+00,11.04
4.95E+00,11.12
4.95E+00,11.12
4.95E+00,11.12
4.96E+00,10.96
4.96E+00,10.96
4.96E+00,11.04
4.96E+00,10.96
4.96E+00,11.04
4.97E+00,10.96
4.97E+00,10.96
4.97E+00,10.88
4.97E+00,11.04
4.97E+00,10.96
4.98E+00,11.2
4.98E+00,10.96
4.98E+00,10.96
4.98E+00,11.04
4.98E+00,11.04
4.99E+00,11.04
4.99E+00,11.12
4.99E+00,11.04
4.99E+00,11.04
4.99E+00,10.96
5.00E+00,11.04
5.00E+00,11.12
5.00E+00,11.12
5.00E+00,11.12
5.00E+00,10.96
5.01E+00,10.96
5.01E+00,10.96
5.01E+00,11.04
5.01E+00,10.96
5.01E+00,11.12
5.02E+00,11.04
5.02E+00,11.04
5.02E+00,11.2
5.02E+00,11.04
5.02E+00,11.12
5.03E+00,11.04
5.03E+00,10.96
5.03E+00,11.04
5.03E+00,10.96
5.03E+00,11.2
5.04E+00,10.96
5.04E+00,10.96
5.04E+00,11.04
5.04E+00,10.96
5.04E+00,10.96
5.05E+00,10.96
5.05E+00,10.88
5.05E+00,10.96
5.05E+00,11.04
5.05E+00,10.88
5.06E+00,11.04
5.06E+00,10.96
5.06E+00,11.12
5.06E+00,10.96
5.06E+00,11.2
5.07E+00,11.04
5.07E+00,10.88
5.07E+00,10.96
5.07E+00,11.04
5.07E+00,10.96
5.08E+00,10.88
5.08E+00,11.12
5.08E+00,11.04
5.08E+00,11.12
5.08E+00,11.04
5.09E+00,10.88
5.09E+00,10.96
5.09E+00,10.88
5.09E+00,11.12
5.09E+00,11.04
5.10E+00,10.96
5.10E+00,11.04
5.10E+00,11.04
5.10E+00,11.04
5.10E+00,10.88
5.11E+00,10.88
5.11E+00,11.12
5.11E+00,11.04
5.11E+00,10.88
5.11E+00,10.96
5.12E+00,11.04
5.12E+00,11.04
5.12E+00,11.12
5.12E+00,10.96
5.12E+00,10.96
5.13E+00,10.96
5.13E+00,10.96
5.13E+00,10.96
5.13E+00,11.04
5.13E+00,11.04
5.14E+00,11.12
5.14E+00,11.04
5.14E+00,11.04
5.14E+00,10.96
5.14E+00,11.04
5.15E+00,11.04
5.15E+00,10.88
5.15E+00,10.88
5.15E+00,11.04
5.15E+00,11.04
5.16E+00,10.96
5.16E+00,11.2
5.16E+00,11.04
5.16E+00,11.2
5.16E+00,10.96
5.17E+00,11.04
5.17E+00,10.96
5.17E+00,11.04
5.17E+00,11.04
5.17E+00,11.04
5.18E+00,11.04
5.18E+00,10.88
5.18E+00,11.04
5.18E+00,11.12
5.18E+00,10.96
5.19E+00,11.04
5.19E+00,11.04
5.19E+00,10.96
5.19E+00,11.04
5.19E+00,10.96
5.20E+00,11.04
5.20E+00,11.12
5.20E+00,10.96
5.20E+00,10.88
5.20E+00,10.96
5.21E+00,10.96
5.21E+00,11.04
5.21E+00,11.12
5.21E+00,10.96
5.21E+00,10.96
5.22E+00,10.96
5.22E+00,10.96
5.22E+00,11.04
5.22E+00,11.04
5.22E+00,11.04
5.23E+00,11.12
5.23E+00,11.04
5.23E+00,10.96
5.23E+00,10.88
5.23E+00,10.96
5.24E+00,11.04
5.24E+00,11.04
5.24E+00,10.96
5.24E+00,11.04
5.24E+00,11.04
5.25E+00,11.04
5.25E+00,11.12
5.25E+00,10.96
5.25E+00,11.04
5.25E+00,11.04
5.26E+00,11.12
5.26E+00,11.04
5.26E+00,10.96
5.26E+00,11.12
5.26E+00,11.04
5.27E+00,10.88
5.27E+00,10.96
5.27E+00,11.04
5.27E+00,11.04
5.27E+00,10.96
5.28E+00,11.04
5.28E+00,10.96
5.28E+00,10.96
5.28E+00,11.12
5.28E+00,10.88
5.29E+00,11.04
5.29E+00,10.96
5.29E+00,10.96
5.29E+00,11.2
5.29E+00,11.12
5.30E+00,10.96
5.30E+00,10.96
5.30E+00,11.04
5.30E+00,10.96
5.30E+00,10.88
5.31E+00,11.04
5.31E+00,11.04
5.31E+00,10.96
5.31E+00,11.12
5.31E+00,10.96
5.32E+00,10.96
5.32E+00,11.04
5.32E+00,11.12
5.32E+00,11.12
5.32E+00,11.04
5.33E+00,11.04
5.33E+00,11.04
5.33E+00,11.12
5.33E+00,10.96
5.33E+00,11.04
5.34E+00,11.04
5.34E+00,10.96
5.34E+00,10.96
5.34E+00,10.96
5.34E+00,10.96
5.35E+00,10.96
5.35E+00,10.88
5.35E+00,11.04
5.35E+00,11.04
5.35E+00,10.96
5.36E+00,11.04
5.36E+00,10.96
5.36E+00,10.96
5.36E+00,11.04
5.36E+00,10.88
5.37E+00,11.04
5.37E+00,10.96
5.37E+00,10.88
5.37E+00,10.88
5.37E+00,10.88
5.38E+00,10.96
5.38E+00,11.12
5.38E+00,11.04
5.38E+00,11.04
5.38E+00,11.04
5.39E+00,11.2
5.39E+00,11.04
5.39E+00,11.04
5.39E+00,11.04
5.39E+00,11.04
5.40E+00,11.04
5.40E+00,10.88
5.40E+00,11.04
5.40E+00,10.88
5.40E+00,11.04
5.41E+00,10.96
5.41E+00,11.04
5.41E+00,11.04
5.41E+00,10.96
5.41E+00,11.04
5.42E+00,10.96
5.42E+00,11.04
5.42E+00,10.96
5.42E+00,10.96
5.42E+00,10.96
5.43E+00,11.04
5.43E+00,11.04
5.43E+00,11.12
5.43E+00,11.04
5.43E+00,10.96
5.44E+00,10.96
5.44E+00,11.12
5.44E+00,11.2
5.44E+00,10.88
5.44E+00,10.96
5.45E+00,11.04
5.45E+00,11.04
5.45E+00,10.96
5.45E+00,11.04
5.45E+00,10.96
5.46E+00,11.04
5.46E+00,11.04
5.46E+00,10.88
5.46E+00,11.04
5.46E+00,10.96
5.47E+00,11.12
5.47E+00,11.04
5.47E+00,11.12
5.47E+00,10.96
5.47E+00,10.96
5.48E+00,10.96
5.48E+00,10.96
5.48E+00,11.04
5.48E+00,11.04
5.48E+00,11.12
5.49E+00,11.12
5.49E+00,11.04
5.49E+00,10.88
5.49E+00,11.04
5.49E+00,11.12
5.50E+00,11.04
5.50E+00,11.04
5.50E+00,11.04
5.50E+00,11.28
5.50E+00,10.96
5.51E+00,11.04
5.51E+00,11.04
5.51E+00,11.04
5.51E+00,10.96
5.51E+00,10.88
5.52E+00,10.88
5.52E+00,10.96
5.52E+00,10.96
5.52E+00,11.04
5.52E+00,11.04
5.53E+00,11.04
5.53E+00,11.04
5.53E+00,11.12
5.53E+00,11.12
5.53E+00,11.04
5.54E+00,10.96
5.54E+00,10.96
5.54E+00,10.96
5.54E+00,10.88
5.54E+00,11.12
5.55E+00,11.12
5.55E+00,10.96
5.55E+00,10.88
5.55E+00,11.04
5.55E+00,11.04
5.56E+00,10.96
5.56E+00,11.04
5.56E+00,10.96
5.56E+00,11.2
5.56E+00,10.96
5.57E+00,11.04
5.57E+00,10.96
5.57E+00,10.96
5.57E+00,11.04
5.57E+00,11.04
5.58E+00,11.04
5.58E+00,11.04
5.58E+00,10.96
5.58E+00,11.12
5.58E+00,10.96
5.59E+00,10.88
5.59E+00,10.96
5.59E+00,10.96
5.59E+00,11.04
5.59E+00,10.88
5.60E+00,11.12
5.60E+00,11.04
5.60E+00,11.12
5.60E+00,11.2
5.60E+00,11.04
5.61E+00,10.96
5.61E+00,11.04
5.61E+00,11.04
5.61E+00,11.04
5.61E+00,11.04
5.62E+00,11.04
5.62E+00,11.12
5.62E+00,11.04
5.62E+00,11.04
5.62E+00,11.04
5.63E+00,11.04
5.63E+00,10.96
5.63E+00,11.04
5.63E+00,10.96
5.63E+00,11.12
5.64E+00,11.04
5.64E+00,11.12
5.64E+00,10.96
5.64E+00,11.04
5.64E+00,11.04
5.65E+00,10.88
5.65E+00,11.04
5.65E+00,10.96
5.65E+00,11.04
5.65E+00,10.96
5.66E+00,10.96
5.66E+00,11.12
5.66E+00,11.04
5.66E+00,11.04
5.66E+00,11.04
5.67E+00,11.04
5.67E+00,11.04
5.67E+00,11.04
5.67E+00,11.12
5.67E+00,11.04
5.68E+00,10.96
5.68E+00,11.04
5.68E+00,11.04
5.68E+00,11.04
5.68E+00,11.04
5.69E+00,10.88
5.69E+00,11.04
5.69E+00,10.96
5.69E+00,10.88
5.69E+00,11.04
5.70E+00,10.96
5.70E+00,11.04
5.70E+00,10.96
5.70E+00,10.96
5.70E+00,10.96
5.71E+00,11.04
5.71E+00,11.04
5.71E+00,10.96
5.71E+00,10.96
5.71E+00,10.96
5.72E+00,11.12
5.72E+00,11.04
5.72E+00,11.04
5.72E+00,11.04
5.72E+00,10.8
5.73E+00,11.04
5.73E+00,11.04
5.73E+00,10.96
5.73E+00,10.96
5.73E+00,11.12
5.74E+00,11.12
5.74E+00,11.04
5.74E+00,11.04
5.74E+00,11.04
5.74E+00,11.04
5.75E+00,11.04
5.75E+00,11.04
5.75E+00,10.96
5.75E+00,10.88
5.75E+00,11.04
5.76E+00,11.04
5.76E+00,10.88
5.76E+00,11.12
5.76E+00,10.88
5.76E+00,11.04
5.77E+00,10.88
5.77E+00,10.96
5.77E+00,11.04
5.77E+00,11.04
5.77E+00,11.04
5.78E+00,11.12
5.78E+00,11.04
5.78E+00,11.04
5.78E+00,11.04
5.78E+00,10.96
5.79E+00,10.96
5.79E+00,11.04
5.79E+00,11.04
5.79E+00,10.88
5.79E+00,10.96
5.80E+00,10.96
5.80E+00,10.96
5.80E+00,10.88
5.80E+00,10.88
5.80E+00,10.96
5.81E+00,10.88
5.81E+00,10.96
5.81E+00,10.96
5.81E+00,11.04
5.81E+00,11.04
5.82E+00,10.96
5.82E+00,10.96
5.82E+00,11.12
5.82E+00,10.96
5.82E+00,11.12
5.83E+00,11.04
5.83E+00,11.12
5.83E+00,10.96
5.83E+00,11.04
5.83E+00,11.2
5.84E+00,11.04
5.84E+00,10.96
5.84E+00,10.96
5.84E+00,11.04
5.84E+00,10.96
5.85E+00,11.04
5.85E+00,11.04
5.85E+00,11.04
5.85E+00,11.12
5.85E+00,11.04
5.86E+00,11.04
5.86E+00,10.96
5.86E+00,11.12
5.86E+00,11.04
5.86E+00,11.12
5.87E+00,11.04
5.87E+00,11.04
5.87E+00,10.96
5.87E+00,11.04
5.87E+00,11.04
5.88E+00,10.88
5.88E+00,11.12
5.88E+00,11.12
5.88E+00,10.8
5.88E+00,11.12
5.89E+00,11.12
5.89E+00,10.96
5.89E+00,11.12
5.89E+00,10.96
5.89E+00,11.04
5.90E+00,11.04
5.90E+00,10.96
5.90E+00,11.04
5.90E+00,11.04
5.90E+00,10.96
5.91E+00,11.12
5.91E+00,11.04
5.91E+00,10.96
5.91E+00,11.04
5.91E+00,11.04
5.92E+00,11.04
5.92E+00,11.04
5.92E+00,11.2
5.92E+00,10.88
5.92E+00,11.2
5.93E+00,11.04
5.93E+00,11.12
5.93E+00,10.88
5.93E+00,11.04
5.93E+00,11.04
5.94E+00,10.96
5.94E+00,11.04
5.94E+00,10.88
5.94E+00,11.04
5.94E+00,10.96
5.95E+00,10.88
5.95E+00,11.04
5.95E+00,11.12
5.95E+00,10.96
5.95E+00,11.12
5.96E+00,11.12
5.96E+00,10.96
5.96E+00,10.88
5.96E+00,10.96
5.96E+00,10.96
5.97E+00,11.04
5.97E+00,10.96
5.97E+00,11.12
5.97E+00,11.12
5.97E+00,11.04
5.98E+00,11.04
5.98E+00,10.88
5.98E+00,11.04
5.98E+00,10.96
5.98E+00,10.96
5.99E+00,10.88
5.99E+00,10.8
5.99E+00,11.04
5.99E+00,11.04
5.99E+00,10.96
6.00E+00,10.88
6.00E+00,11.04
6.00E+00,10.96
6.00E+00,11.12
6.00E+00,10.96
6.01E+00,10.96
6.01E+00,11.2
6.01E+00,11.12
6.01E+00,11.04
6.01E+00,10.96
6.02E+00,10.88
6.02E+00,10.96
6.02E+00,10.96
6.02E+00,11.2
6.02E+00,11.04
6.03E+00,11.12
6.03E+00,11.04
6.03E+00,11.12
6.03E+00,11.04
6.03E+00,11.12
6.04E+00,11.04
6.04E+00,11.2
6.04E+00,10.96
6.04E+00,11.04
6.04E+00,10.96
6.05E+00,10.88
6.05E+00,10.88
6.05E+00,10.96
6.05E+00,10.88
6.05E+00,11.2
6.06E+00,11.04
6.06E+00,11.04
6.06E+00,10.96
6.06E+00,10.88
6.06E+00,11.04
6.07E+00,11.04
6.07E+00,11.04
6.07E+00,11.12
6.07E+00,11.04
6.07E+00,11.12
6.08E+00,11.12
6.08E+00,11.04
6.08E+00,11.2
6.08E+00,11.04
6.08E+00,10.96
6.09E+00,11.04
6.09E+00,10.96
6.09E+00,10.96
6.09E+00,11.04
6.09E+00,11.04
6.10E+00,10.88
6.10E+00,10.96
6.10E+00,11.12
6.10E+00,10.96
6.10E+00,10.8
6.11E+00,10.96
6.11E+00,10.96
6.11E+00,11.2
6.11E+00,11.04
6.11E+00,11.04
6.12E+00,10.96
6.12E+00,10.96
6.12E+00,10.96
6.12E+00,11.04
6.12E+00,11.12
6.13E+00,10.96
6.13E+00,11.04
6.13E+00,11.04
6.13E+00,11.04
6.13E+00,10.88
6.14E+00,11.04
6.14E+00,10.96
6.14E+00,10.96
6.14E+00,10.88
6.14E+00,11.12
6.15E+00,11.12
6.15E+00,11.04
6.15E+00,11.04
6.15E+00,10.96
6.15E+00,11.12
6.16E+00,11.04
6.16E+00,11.04
6.16E+00,11.04
6.16E+00,10.96
6.16E+00,10.96
6.17E+00,11.04
6.17E+00,11.04
6.17E+00,10.96
6.17E+00,11.04
6.17E+00,11.04
6.18E+00,10.96
6.18E+00,11.04
6.18E+00,11.04
6.18E+00,10.96
6.18E+00,10.96
6.19E+00,10.8
6.19E+00,11.12
6.19E+00,11.04
6.19E+00,11.04
6.19E+00,10.96
6.20E+00,10.96
6.20E+00,10.96
6.20E+00,11.04
6.20E+00,11.04
6.20E+00,10.88
6.21E+00,10.96
6.21E+00,10.88
6.21E+00,10.96
6.21E+00,10.88
6.21E+00,11.04
6.22E+00,10.96
6.22E+00,10.96
6.22E+00,11.04
6.22E+00,10.88
6.22E+00,11.28
6.23E+00,10.96
6.23E+00,10.8
6.23E+00,11.04
6.23E+00,11.04
6.23E+00,10.96
6.24E+00,11.04
6.24E+00,10.96
6.24E+00,10.96
6.24E+00,10.96
6.24E+00,11.04
6.25E+00,10.96
6.25E+00,11.04
6.25E+00,11.04
6.25E+00,11.12
6.25E+00,10.96
6.26E+00,11.12
6.26E+00,10.88
6.26E+00,10.88
6.26E+00,11.12
6.26E+00,10.96
6.27E+00,11.12
6.27E+00,11.04
6.27E+00,10.96
6.27E+00,10.96
6.27E+00,10.96
6.28E+00,10.96
6.28E+00,11.04
6.28E+00,10.96
6.28E+00,11.04
6.28E+00,11.04
6.29E+00,10.96
6.29E+00,11.04
6.29E+00,11.12
6.29E+00,11.04
6.29E+00,11.04
6.30E+00,11.04
6.30E+00,10.96
6.30E+00,10.96
6.30E+00,10.88
6.30E+00,11.04
6.31E+00,10.96
6.31E+00,11.04
6.31E+00,11.04
6.31E+00,11.12
6.31E+00,10.96
6.32E+00,10.96
6.32E+00,11.04
6.32E+00,10.96
6.32E+00,10.96
6.32E+00,11.28
6.33E+00,10.96
6.33E+00,10.88
6.33E+00,11.04
6.33E+00,10.88
6.33E+00,11.04
6.34E+00,11.04
6.34E+00,10.96
6.34E+00,11.04
6.34E+00,10.96
6.34E+00,11.04
6.35E+00,10.96
6.35E+00,11.04
6.35E+00,10.96
6.35E+00,10.8
6.35E+00,11.12
6.36E+00,11.04
6.36E+00,10.96
6.36E+00,10.96
6.36E+00,11.04
6.36E+00,11.04
6.37E+00,11.04
6.37E+00,11.04
6.37E+00,11.04
6.37E+00,11.04
6.37E+00,11.04
6.38E+00,11.04
6.38E+00,10.96
6.38E+00,10.96
6.38E+00,11.12
6.38E+00,10.96
6.39E+00,10.96
6.39E+00,10.96
6.39E+00,10.88
6.39E+00,11.12
6.39E+00,10.96
6.40E+00,10.96
6.40E+00,10.96
6.40E+00,10.96
6.40E+00,10.96
6.40E+00,11.12
6.41E+00,10.96
6.41E+00,11.12
6.41E+00,11.04
6.41E+00,10.88
6.41E+00,11.12
6.42E+00,10.96
6.42E+00,11.12
6.42E+00,10.96
6.42E+00,11.12
6.42E+00,10.88
6.43E+00,10.96
6.43E+00,10.96
6.43E+00,10.96
6.43E+00,11.12
6.43E+00,10.96
6.44E+00,11.04
6.44E+00,11.04
6.44E+00,11.12
6.44E+00,11.04
6.44E+00,10.96
6.45E+00,10.96
6.45E+00,10.88
6.45E+00,11.12
6.45E+00,10.96
6.45E+00,10.96
6.46E+00,11.04
6.46E+00,11.04
6.46E+00,10.96
6.46E+00,11.04
6.46E+00,11.04
6.47E+00,10.96
6.47E+00,10.96
6.47E+00,10.96
6.47E+00,11.04
6.47E+00,10.96
6.48E+00,11.04
6.48E+00,11.04
6.48E+00,11.04
6.48E+00,10.96
6.48E+00,10.96
6.49E+00,10.96
6.49E+00,10.96
6.49E+00,10.96
6.49E+00,10.88
6.49E+00,11.04
6.50E+00,10.96
6.50E+00,11.04
6.50E+00,11.12
6.50E+00,10.96
6.50E+00,10.96
6.51E+00,11.04
6.51E+00,10.96
6.51E+00,11.04
6.51E+00,11.04
6.51E+00,11.04
6.52E+00,11.12
6.52E+00,10.88
6.52E+00,10.96
6.52E+00,11.04
6.52E+00,10.88
6.53E+00,11.04
6.53E+00,10.96
6.53E+00,10.96
6.53E+00,10.88
6.53E+00,10.96
6.54E+00,10.96
6.54E+00,11.04
6.54E+00,11.12
6.54E+00,10.96
6.54E+00,11.04
6.55E+00,11.04
6.55E+00,11.04
6.55E+00,10.88
6.55E+00,11.2
6.55E+00,10.96
6.56E+00,10.96
6.56E+00,11.04
6.56E+00,11.04
6.56E+00,11.12
6.56E+00,10.96
6.57E+00,11.04
6.57E+00,10.96
6.57E+00,10.88
6.57E+00,11.04
6.57E+00,11.04
6.58E+00,10.96
6.58E+00,10.88
6.58E+00,10.96
6.58E+00,10.96
6.58E+00,10.96
6.59E+00,11.12
6.59E+00,11.04
6.59E+00,11.04
6.59E+00,10.96
6.59E+00,10.96
6.60E+00,11.04
6.60E+00,10.88
6.60E+00,11.04
6.60E+00,10.96
6.60E+00,10.96
6.61E+00,10.96
6.61E+00,10.96
6.61E+00,11.04
6.61E+00,10.88
6.61E+00,11.04
6.62E+00,11.04
6.62E+00,10.96
6.62E+00,11.04
6.62E+00,10.96
6.62E+00,10.96
6.63E+00,11.12
6.63E+00,11.12
6.63E+00,10.96
6.63E+00,10.88
6.63E+00,11.04
6.64E+00,11.12
6.64E+00,10.96
6.64E+00,10.88
6.64E+00,10.96
6.64E+00,11.04
6.65E+00,11.04
6.65E+00,11.04
6.65E+00,11.04
6.65E+00,11.12
6.65E+00,10.96
6.66E+00,11.12
6.66E+00,10.96
6.66E+00,10.96
6.66E+00,11.04
6.66E+00,11.04
6.67E+00,11.04
6.67E+00,11.04
6.67E+00,10.96
6.67E+00,10.96
6.67E+00,10.96
6.68E+00,11.04
6.68E+00,10.88
6.68E+00,10.96
6.68E+00,10.96
6.68E+00,10.96
6.69E+00,10.96
6.69E+00,10.96
6.69E+00,11.12
6.69E+00,10.96
6.69E+00,10.88
6.70E+00,10.88
6.70E+00,10.96
6.70E+00,10.96
6.70E+00,10.96
6.70E+00,10.88
6.71E+00,10.88
6.71E+00,11.12
6.71E+00,11.12
6.71E+00,11.12
6.71E+00,11.12
6.72E+00,10.96
6.72E+00,10.88
6.72E+00,11.12
6.72E+00,10.96
6.72E+00,11.12
6.73E+00,11.12
6.73E+00,11.04
6.73E+00,11.04
6.73E+00,10.8
6.73E+00,11.04
6.74E+00,10.88
6.74E+00,10.96
6.74E+00,11.04
6.74E+00,11.12
6.74E+00,10.96
6.75E+00,11.04
6.75E+00,11.04
6.75E+00,10.96
6.75E+00,10.96
6.75E+00,11.04
6.76E+00,10.96
6.76E+00,11.04
6.76E+00,11.04
6.76E+00,11.12
6.76E+00,11.04
6.77E+00,11.12
6.77E+00,11.04
6.77E+00,10.96
6.77E+00,11.04
6.77E+00,11.2
6.78E+00,10.96
6.78E+00,10.8
6.78E+00,11.04
6.78E+00,10.8
6.78E+00,10.96
6.79E+00,10.96
6.79E+00,11.04
6.79E+00,11.04
6.79E+00,11.12
6.79E+00,11.04
6.80E+00,10.96
6.80E+00,11.04
6.80E+00,11.04
6.80E+00,10.96
6.80E+00,11.04
6.81E+00,11.04
6.81E+00,10.96
6.81E+00,10.88
6.81E+00,10.96
6.81E+00,11.12
6.82E+00,11.04
6.82E+00,11.04
6.82E+00,10.96
6.82E+00,11.04
6.82E+00,10.96
6.83E+00,11.04
6.83E+00,11.12
6.83E+00,10.96
6.83E+00,11.2
6.83E+00,11.12
6.84E+00,10.88
6.84E+00,10.96
6.84E+00,10.96
6.84E+00,11.04
6.84E+00,11.04
6.85E+00,10.96
6.85E+00,11.04
6.85E+00,10.96
6.85E+00,10.96
6.85E+00,10.88
6.86E+00,11.04
6.86E+00,11.12
6.86E+00,10.96
6.86E+00,11.04
6.86E+00,11.04
6.87E+00,11.04
6.87E+00,11.04
6.87E+00,11.04
6.87E+00,11.04
6.87E+00,10.96
6.88E+00,11.12
6.88E+00,10.96
6.88E+00,11.04
6.88E+00,11.04
6.88E+00,11.04
6.89E+00,10.88
6.89E+00,11.12
6.89E+00,10.96
6.89E+00,11.04
6.89E+00,11.12
6.90E+00,11.12
6.90E+00,11.04
6.90E+00,11.04
6.90E+00,10.96
6.90E+00,10.96
6.91E+00,11.04
6.91E+00,11.04
6.91E+00,10.96
6.91E+00,10.88
6.91E+00,10.96
6.92E+00,10.88
6.92E+00,11.12
6.92E+00,10.96
6.92E+00,10.96
6.92E+00,10.96
6.93E+00,10.96
6.93E+00,10.96
6.93E+00,10.96
6.93E+00,11.04
6.93E+00,11.04
6.94E+00,11.04
6.94E+00,11.04
6.94E+00,10.96
6.94E+00,11.04
6.94E+00,11.04
6.95E+00,10.96
6.95E+00,10.88
6.95E+00,10.96
6.95E+00,10.96
6.95E+00,10.88
6.96E+00,10.96
6.96E+00,10.96
6.96E+00,11.04
6.96E+00,10.96
6.96E+00,11.04
6.97E+00,11.04
6.97E+00,11.04
6.97E+00,10.96
6.97E+00,11.04
6.97E+00,11.04
6.98E+00,10.96
6.98E+00,11.04
6.98E+00,10.96
6.98E+00,11.12
6.98E+00,10.88
6.99E+00,10.96
6.99E+00,10.88
6.99E+00,11.28
6.99E+00,10.96
6.99E+00,10.88
7.00E+00,11.04
7.00E+00,10.96
7.00E+00,11.04
7.00E+00,11.04
7.00E+00,11.04
7.01E+00,11.04
7.01E+00,11.12
7.01E+00,10.96
7.01E+00,11.04
7.01E+00,10.96
7.02E+00,11.04
7.02E+00,11.04
7.02E+00,11.04
7.02E+00,10.96
7.02E+00,11.04
7.03E+00,11.12
7.03E+00,10.96
7.03E+00,10.96
7.03E+00,10.96
7.03E+00,11.04
7.04E+00,10.96
7.04E+00,10.96
7.04E+00,10.96
7.04E+00,10.96
7.04E+00,11.04
7.05E+00,11.04
7.05E+00,10.96
7.05E+00,10.88
7.05E+00,11.04
7.05E+00,10.96
7.06E+00,10.96
7.06E+00,10.96
7.06E+00,10.96
7.06E+00,10.96
7.06E+00,11.04
7.07E+00,10.96
7.07E+00,10.96
7.07E+00,11.04
7.07E+00,11.04
7.07E+00,11.12
7.08E+00,10.96
7.08E+00,10.96
7.08E+00,10.96
7.08E+00,11.12
7.08E+00,11.04
7.09E+00,11.04
7.09E+00,11.12
7.09E+00,11.04
7.09E+00,10.96
7.09E+00,10.96
7.10E+00,10.96
7.10E+00,11.04
7.10E+00,10.96
7.10E+00,11.04
7.10E+00,10.96
7.11E+00,11.04
7.11E+00,10.96
7.11E+00,10.96
7.11E+00,11.04
7.11E+00,10.96
7.12E+00,10.88
7.12E+00,10.96
7.12E+00,11.04
7.12E+00,11.04
7.12E+00,10.96
7.13E+00,10.96
7.13E+00,10.8
7.13E+00,11.04
7.13E+00,11.04
7.13E+00,10.96
7.14E+00,10.8
7.14E+00,10.96
7.14E+00,10.96
7.14E+00,11.04
7.14E+00,11.12
7.15E+00,10.96
7.15E+00,10.96
7.15E+00,10.96
7.15E+00,10.96
7.15E+00,11.12
7.16E+00,10.96
7.16E+00,11.04
7.16E+00,10.96
7.16E+00,10.96
7.16E+00,11.04
7.17E+00,11.04
7.17E+00,11.12
7.17E+00,10.96
7.17E+00,10.88
7.17E+00,10.96
7.18E+00,10.88
7.18E+00,11.04
7.18E+00,10.96
7.18E+00,11.04
7.18E+00,10.88
7.19E+00,10.96
7.19E+00,11.04
7.19E+00,10.96
7.19E+00,10.88
7.19E+00,11.2
7.20E+00,11.04
7.20E+00,10.96
7.20E+00,10.8
7.20E+00,10.96
7.20E+00,10.96
7.21E+00,10.8
7.21E+00,10.88
7.21E+00,10.88
7.21E+00,10.88
7.21E+00,11.04
7.22E+00,10.88
7.22E+00,11.04
7.22E+00,11.04
7.22E+00,11.12
7.22E+00,11.04
7.23E+00,10.96
7.23E+00,11.12
7.23E+00,10.88
7.23E+00,11.04
7.23E+00,11.04
7.24E+00,11.04
7.24E+00,10.96
7.24E+00,11.04
7.24E+00,10.96
7.24E+00,10.96
7.25E+00,11.12
7.25E+00,11.04
7.25E+00,10.88
7.25E+00,10.96
7.25E+00,11.04
7.26E+00,11.12
7.26E+00,11.04
7.26E+00,11.04
7.26E+00,10.96
7.26E+00,11.04
7.27E+00,11.12
7.27E+00,11.04
7.27E+00,10.88
7.27E+00,10.96
7.27E+00,11.04
7.28E+00,11.04
7.28E+00,11.12
7.28E+00,11.04
7.28E+00,10.96
7.28E+00,11.12
7.29E+00,11.04
7.29E+00,10.96
7.29E+00,11.12
7.29E+00,11.12
7.29E+00,11.04
7.30E+00,10.88
7.30E+00,11.2
7.30E+00,11.04
7.30E+00,10.96
7.30E+00,11.04
7.31E+00,10.96
7.31E+00,10.96
7.31E+00,11.04
7.31E+00,10.88
7.31E+00,10.96
7.32E+00,10.96
7.32E+00,11.04
7.32E+00,11.04
7.32E+00,10.96
7.32E+00,10.96
7.33E+00,11.04
7.33E+00,10.96
7.33E+00,10.96
7.33E+00,11.04
7.33E+00,10.96
7.34E+00,11.04
7.34E+00,11.12
7.34E+00,11.04
7.34E+00,11.04
7.34E+00,11.04
7.35E+00,11.04
7.35E+00,10.96
7.35E+00,10.96
7.35E+00,11.04
7.35E+00,11.04
7.36E+00,10.96
7.36E+00,10.96
7.36E+00,11.12
7.36E+00,10.88
7.36E+00,10.96
7.37E+00,10.96
7.37E+00,11.12
7.37E+00,11.12
7.37E+00,11.04
7.37E+00,10.96
7.38E+00,11.04
7.38E+00,10.96
7.38E+00,11.12
7.38E+00,11.12
7.38E+00,11.04
7.39E+00,10.96
7.39E+00,11.04
7.39E+00,11.04
7.39E+00,10.96
7.39E+00,11.04
7.40E+00,11.04
7.40E+00,10.96
7.40E+00,11.2
7.40E+00,10.96
7.40E+00,10.96
7.41E+00,10.96
7.41E+00,11.04
7.41E+00,11.04
7.41E+00,11.04
7.41E+00,11.04
7.42E+00,11.04
7.42E+00,11.12
7.42E+00,11.04
7.42E+00,11.04
7.42E+00,10.96
7.43E+00,11.04
7.43E+00,11.04
7.43E+00,11.04
7.43E+00,11.04
7.43E+00,11.04
7.44E+00,11.12
7.44E+00,11.04
7.44E+00,10.96
7.44E+00,10.96
7.44E+00,10.96
7.45E+00,10.96
7.45E+00,10.96
7.45E+00,10.96
7.45E+00,10.96
7.45E+00,10.96
7.46E+00,11.04
7.46E+00,11.04
7.46E+00,11.04
7.46E+00,11.2
7.46E+00,11.12
7.47E+00,11.12
7.47E+00,10.96
7.47E+00,11.04
7.47E+00,10.88
7.47E+00,10.96
7.48E+00,10.88
7.48E+00,10.96
7.48E+00,11.04
7.48E+00,10.96
7.48E+00,11.04
7.49E+00,11.04
7.49E+00,10.96
7.49E+00,10.88
7.49E+00,11.04
7.49E+00,11.12
7.50E+00,10.88
7.50E+00,10.88
7.50E+00,11.04
7.50E+00,10.96
7.50E+00,11.04
7.51E+00,10.96
7.51E+00,10.96
7.51E+00,11.12
7.51E+00,10.96
7.51E+00,10.96
7.52E+00,11.04
7.52E+00,10.88
7.52E+00,11.12
7.52E+00,10.96
7.52E+00,11.04
7.53E+00,11.04
7.53E+00,11.04
7.53E+00,10.96
7.53E+00,10.96
7.53E+00,11.04
7.54E+00,10.96
7.54E+00,10.88
7.54E+00,10.96
7.54E+00,10.88
7.54E+00,11.04
7.55E+00,11.04
7.55E+00,10.96
7.55E+00,10.96
7.55E+00,10.96
7.55E+00,11.04
7.56E+00,10.96
7.56E+00,10.96
7.56E+00,11.04
7.56E+00,10.96
7.56E+00,11.04
7.57E+00,10.96
7.57E+00,10.96
7.57E+00,11.04
7.57E+00,10.88
7.57E+00,11.04
7.58E+00,11.04
7.58E+00,10.96
7.58E+00,10.88
7.58E+00,11.12
7.58E+00,11.04
7.59E+00,10.96
7.59E+00,11.04
7.59E+00,11.04
7.59E+00,10.96
7.59E+00,10.96
7.60E+00,11.12
7.60E+00,10.96
7.60E+00,10.96
7.60E+00,10.88
7.60E+00,11.04
7.61E+00,10.88
7.61E+00,11.2
7.61E+00,10.96
7.61E+00,10.96
7.61E+00,11.04
7.62E+00,11.04
7.62E+00,11.04
7.62E+00,10.96
7.62E+00,10.96
7.62E+00,10.96
7.63E+00,10.96
7.63E+00,11.12
7.63E+00,10.88
7.63E+00,11.04
7.63E+00,11.04
7.64E+00,11.04
7.64E+00,10.96
7.64E+00,10.96
7.64E+00,11.04
7.64E+00,11.04
7.65E+00,11.04
7.65E+00,10.96
7.65E+00,10.96
7.65E+00,11.04
7.65E+00,10.96
7.66E+00,10.96
7.66E+00,11.04
7.66E+00,11.04
7.66E+00,10.96
7.66E+00,10.96
7.67E+00,11.12
7.67E+00,11.04
7.67E+00,11.04
7.67E+00,10.88
7.67E+00,10.96
7.68E+00,11.12
7.68E+00,10.96
7.68E+00,11.04
7.68E+00,11.04
7.68E+00,10.96
7.69E+00,11.04
7.69E+00,11.12
7.69E+00,10.88
7.69E+00,10.96
7.69E+00,11.12
7.70E+00,10.96
7.70E+00,11.04
7.70E+00,10.88
7.70E+00,11.04
7.70E+00,11.04
7.71E+00,11.04
7.71E+00,10.96
7.71E+00,11.12
7.71E+00,10.88
7.71E+00,10.96
7.72E+00,10.96
7.72E+00,10.96
7.72E+00,11.12
7.72E+00,11.04
7.72E+00,11.04
7.73E+00,11.04
7.73E+00,10.96
7.73E+00,10.96
7.73E+00,10.88
7.73E+00,10.96
7.74E+00,10.96
7.74E+00,10.96
7.74E+00,10.88
7.74E+00,10.96
7.74E+00,10.96
7.75E+00,10.88
7.75E+00,11.04
7.75E+00,10.96
7.75E+00,11.04
7.75E+00,11.12
7.76E+00,10.96
7.76E+00,10.96
7.76E+00,11.04
7.76E+00,10.96
7.76E+00,10.96
7.77E+00,10.96
7.77E+00,11.04
7.77E+00,11.04
7.77E+00,11.04
7.77E+00,11.12
7.78E+00,10.96
7.78E+00,11.04
7.78E+00,11.04
7.78E+00,11.04
7.78E+00,10.96
7.79E+00,10.96
7.79E+00,10.96
7.79E+00,10.88
7.79E+00,11.12
7.79E+00,10.96
7.80E+00,11.2
7.80E+00,11.04
7.80E+00,10.96
7.80E+00,10.88
7.80E+00,10.96
7.81E+00,11.12
7.81E+00,11.04
7.81E+00,11.04
7.81E+00,10.96
7.81E+00,11.04
7.82E+00,10.96
7.82E+00,11.04
7.82E+00,11.12
7.82E+00,11.04
7.82E+00,11.04
7.83E+00,11.04
7.83E+00,10.88
7.83E+00,10.88
7.83E+00,10.96
7.83E+00,10.96
7.84E+00,10.96
7.84E+00,11.04
7.84E+00,10.96
7.84E+00,10.96
7.84E+00,10.96
7.85E+00,11.04
7.85E+00,10.88
7.85E+00,10.96
7.85E+00,10.96
7.85E+00,11.04
7.86E+00,10.96
7.86E+00,11.04
7.86E+00,11.04
7.86E+00,10.96
7.86E+00,10.96
7.87E+00,10.96
7.87E+00,11.04
7.87E+00,10.96
7.87E+00,10.96
7.87E+00,10.96
7.88E+00,11.04
7.88E+00,11.12
7.88E+00,11.04
7.88E+00,10.8
7.88E+00,10.88
7.89E+00,10.96
7.89E+00,10.96
7.89E+00,11.04
7.89E+00,10.96
7.89E+00,11.04
7.90E+00,11.04
7.90E+00,10.96
7.90E+00,10.96
7.90E+00,11.04
7.90E+00,10.96
7.91E+00,11.04
7.91E+00,11.04
7.91E+00,11.04
7.91E+00,10.96
7.91E+00,10.88
7.92E+00,11.04
7.92E+00,11.12
7.92E+00,10.88
7.92E+00,11.04
7.92E+00,10.96
7.93E+00,11.12
7.93E+00,10.88
7.93E+00,10.96
7.93E+00,11.04
7.93E+00,11.04
7.94E+00,10.96
7.94E+00,10.88
7.94E+00,11.04
7.94E+00,11.04
7.94E+00,10.96
7.95E+00,11.04
7.95E+00,11.04
7.95E+00,10.8
7.95E+00,11.04
7.95E+00,11.04
7.96E+00,10.88
7.96E+00,10.96
7.96E+00,10.96
7.96E+00,11.04
7.96E+00,11.04
7.97E+00,10.88
7.97E+00,10.96
7.97E+00,10.96
7.97E+00,10.96
7.97E+00,10.96
7.98E+00,11.04
7.98E+00,11.04
7.98E+00,11.04
7.98E+00,10.88
7.98E+00,11.04
7.99E+00,10.88
7.99E+00,11.2
7.99E+00,11.12
7.99E+00,10.96
7.99E+00,10.8
8.00E+00,10.96
8.00E+00,11.04
8.00E+00,10.96
8.00E+00,10.96
8.00E+00,10.88
8.01E+00,10.96
8.01E+00,11.04
8.01E+00,10.96
8.01E+00,11.12
8.01E+00,11.04
8.02E+00,11.12
8.02E+00,10.88
8.02E+00,11.12
8.02E+00,10.96
8.02E+00,10.96
8.03E+00,10.88
8.03E+00,10.88
8.03E+00,11.04
8.03E+00,11.04
8.03E+00,10.88
8.04E+00,10.88
8.04E+00,10.96
8.04E+00,11.04
8.04E+00,11.04
8.04E+00,10.88
8.05E+00,10.96
8.05E+00,11.12
8.05E+00,11.12
8.05E+00,11.04
8.05E+00,10.96
8.06E+00,11.12
8.06E+00,10.96
8.06E+00,10.96
8.06E+00,10.88
8.06E+00,11.04
8.07E+00,11.04
8.07E+00,10.96
8.07E+00,11.04
8.07E+00,11.04
8.07E+00,10.96
8.08E+00,10.96
8.08E+00,10.96
8.08E+00,11.12
8.08E+00,10.96
8.08E+00,11.04
8.09E+00,10.96
8.09E+00,11.12
8.09E+00,10.96
8.09E+00,11.12
8.09E+00,11.12
8.10E+00,11.04
8.10E+00,11.04
8.10E+00,10.96
8.10E+00,10.96
8.10E+00,10.88
8.11E+00,11.04
8.11E+00,10.96
8.11E+00,11.2
8.11E+00,10.96
8.11E+00,11.12
8.12E+00,10.96
8.12E+00,10.88
8.12E+00,10.96
8.12E+00,10.96
8.12E+00,10.96
8.13E+00,10.96
8.13E+00,10.96
8.13E+00,11.12
8.13E+00,11.04
8.13E+00,11.12
8.14E+00,11.04
8.14E+00,10.96
8.14E+00,11.04
8.14E+00,10.96
8.14E+00,11.12
8.15E+00,11.04
8.15E+00,11.12
8.15E+00,11.04
8.15E+00,10.96
8.15E+00,10.88
8.16E+00,11.04
8.16E+00,10.88
8.16E+00,11.04
8.16E+00,11.12
8.16E+00,10.88
8.17E+00,11.04
8.17E+00,11.04
8.17E+00,10.88
8.17E+00,11.04
8.17E+00,10.96
8.18E+00,11.04
8.18E+00,11.04
8.18E+00,11.04
8.18E+00,10.96
8.18E+00,11.2
8.19E+00,11.12
8.19E+00,11.04
8.19E+00,11.12
8.19E+00,10.88
8.19E+00,10.88
8.20E+00,11.04
8.20E+00,10.96
8.20E+00,10.96
8.20E+00,10.96
8.20E+00,11.04
8.21E+00,10.96
8.21E+00,11.12
8.21E+00,10.96
8.21E+00,11.04
8.21E+00,11.12
8.22E+00,11.04
8.22E+00,10.96
8.22E+00,11.04
8.22E+00,10.96
8.22E+00,10.96
8.23E+00,10.96
8.23E+00,11.04
8.23E+00,11.04
8.23E+00,10.96
8.23E+00,10.8
8.24E+00,10.88
8.24E+00,10.96
8.24E+00,11.04
8.24E+00,11.12
8.24E+00,10.88
8.25E+00,11.2
8.25E+00,11.04
8.25E+00,11.2
8.25E+00,10.96
8.25E+00,11.12
8.26E+00,10.96
8.26E+00,11.04
8.26E+00,11.04
8.26E+00,10.96
8.26E+00,10.96
8.27E+00,11.12
8.27E+00,11.12
8.27E+00,10.96
8.27E+00,11.12
8.27E+00,10.96
8.28E+00,10.96
8.28E+00,11.04
8.28E+00,10.96
8.28E+00,10.96
8.28E+00,11.12
8.29E+00,10.96
8.29E+00,11.12
8.29E+00,10.96
8.29E+00,10.96
8.29E+00,10.96
8.30E+00,10.96
8.30E+00,10.96
8.30E+00,11.04
8.30E+00,11.04
8.30E+00,11.04
8.31E+00,10.96
8.31E+00,11.04
8.31E+00,10.88
8.31E+00,11.12
8.31E+00,10.96
8.32E+00,11.04
8.32E+00,11.04
8.32E+00,11.04
8.32E+00,11.04
8.32E+00,10.96
8.33E+00,10.96
8.33E+00,11.04
8.33E+00,11.04
8.33E+00,10.96
8.33E+00,11.04
8.34E+00,11.04
8.34E+00,10.96
8.34E+00,10.96
8.34E+00,11.04
8.34E+00,10.96
8.35E+00,10.96
8.35E+00,11.04
8.35E+00,10.96
8.35E+00,10.88
8.35E+00,10.96
8.36E+00,11.04
8.36E+00,10.96
8.36E+00,11.12
8.36E+00,10.96
8.36E+00,11.04
8.37E+00,10.96
8.37E+00,11.12
8.37E+00,11.04
8.37E+00,10.96
8.37E+00,11.04
8.38E+00,10.96
8.38E+00,10.96
8.38E+00,10.96
8.38E+00,11.04
8.38E+00,11.04
8.39E+00,11.04
8.39E+00,11.12
8.39E+00,11.04
8.39E+00,10.96
8.39E+00,11.04
8.40E+00,10.96
8.40E+00,11.12
8.40E+00,11.04
8.40E+00,11.04
8.40E+00,11.04
8.41E+00,10.96
8.41E+00,11.12
8.41E+00,10.88
8.41E+00,10.96
8.41E+00,11.12
8.42E+00,10.96
8.42E+00,10.96
8.42E+00,11.12
8.42E+00,11.04
8.42E+00,11.12
8.43E+00,10.88
8.43E+00,10.96
8.43E+00,10.96
8.43E+00,10.96
8.43E+00,10.88
8.44E+00,10.88
8.44E+00,10.88
8.44E+00,10.96
8.44E+00,11.04
8.44E+00,10.96
8.45E+00,11.12
8.45E+00,10.96
8.45E+00,10.96
8.45E+00,10.96
8.45E+00,11.12
8.46E+00,10.96
8.46E+00,10.96
8.46E+00,10.96
8.46E+00,11.04
8.46E+00,11.04
8.47E+00,10.88
8.47E+00,11.04
8.47E+00,10.88
8.47E+00,10.96
8.47E+00,10.96
8.48E+00,10.88
8.48E+00,10.96
8.48E+00,10.96
8.48E+00,10.88
8.48E+00,11.04
8.49E+00,11.04
8.49E+00,10.88
8.49E+00,11.12
8.49E+00,10.88
8.49E+00,11.04
8.50E+00,10.88
8.50E+00,11.04
8.50E+00,11.04
8.50E+00,11.04
8.50E+00,11.04
8.51E+00,10.96
8.51E+00,11.04
8.51E+00,10.96
8.51E+00,11.04
8.51E+00,11.04
8.52E+00,11.12
8.52E+00,10.96
8.52E+00,11.04
8.52E+00,10.88
8.52E+00,11.12
8.53E+00,11.04
8.53E+00,10.88
8.53E+00,11.04
8.53E+00,10.96
8.53E+00,11.12
8.54E+00,11.12
8.54E+00,10.96
8.54E+00,10.96
8.54E+00,11.04
8.54E+00,11.04
8.55E+00,11.04
8.55E+00,10.96
8.55E+00,10.96
8.55E+00,11.04
8.55E+00,11.04
8.56E+00,11.04
8.56E+00,11.04
8.56E+00,10.96
8.56E+00,11.04
8.56E+00,10.96
8.57E+00,10.96
8.57E+00,10.96
8.57E+00,11.12
8.57E+00,11.04
8.57E+00,11.04
8.58E+00,11.04
8.58E+00,11.04
8.58E+00,11.04
8.58E+00,11.04
8.58E+00,10.96
8.59E+00,11.04
8.59E+00,11.12
8.59E+00,10.96
8.59E+00,10.96
8.59E+00,11.04
8.60E+00,10.96
8.60E+00,10.96
8.60E+00,11.12
8.60E+00,10.96
8.60E+00,10.96
8.61E+00,11.04
8.61E+00,10.96
8.61E+00,11.12
8.61E+00,10.96
8.61E+00,10.96
8.62E+00,10.96
8.62E+00,10.88
8.62E+00,11.04
8.62E+00,11.04
8.62E+00,11.04
8.63E+00,11.04
8.63E+00,11.04
8.63E+00,10.96
8.63E+00,11.04
8.63E+00,10.88
8.64E+00,10.96
8.64E+00,10.96
8.64E+00,10.96
8.64E+00,11.12
8.64E+00,11.12
8.65E+00,11.04
8.65E+00,10.96
8.65E+00,11.04
8.65E+00,11.04
8.65E+00,11.04
8.66E+00,11.04
8.66E+00,11.12
8.66E+00,11.04
8.66E+00,10.96
8.66E+00,10.96
8.67E+00,10.96
8.67E+00,11.12
8.67E+00,11.04
8.67E+00,10.96
8.67E+00,10.88
8.68E+00,10.96
8.68E+00,10.96
8.68E+00,11.12
8.68E+00,10.88
8.68E+00,10.96
8.69E+00,10.8
8.69E+00,11.04
8.69E+00,11.12
8.69E+00,11.12
8.69E+00,11.04
8.70E+00,11.04
8.70E+00,10.96
8.70E+00,10.96
8.70E+00,11.04
8.70E+00,11.04
8.71E+00,11.12
8.71E+00,10.96
8.71E+00,11.04
8.71E+00,10.8
8.71E+00,11.04
8.72E+00,11.04
8.72E+00,10.96
8.72E+00,11.04
8.72E+00,11.04
8.72E+00,11.04
8.73E+00,10.96
8.73E+00,11.04
8.73E+00,10.96
8.73E+00,10.96
8.73E+00,11.12
8.74E+00,11.04
8.74E+00,11.12
8.74E+00,10.96
8.74E+00,11.04
8.74E+00,10.88
8.75E+00,10.96
8.75E+00,10.88
8.75E+00,11.04
8.75E+00,11.12
8.75E+00,11.04
8.76E+00,10.96
8.76E+00,10.96
8.76E+00,10.88
8.76E+00,10.96
8.76E+00,11.12
8.77E+00,11.04
8.77E+00,11.12
8.77E+00,11.12
8.77E+00,11.12
8.77E+00,11.2
8.78E+00,11.04
8.78E+00,10.88
8.78E+00,11.04
8.78E+00,11.04
8.78E+00,11.12
8.79E+00,11.04
8.79E+00,11.04
8.79E+00,10.88
8.79E+00,10.96
8.79E+00,10.96
8.80E+00,10.96
8.80E+00,11.04
8.80E+00,11.04
8.80E+00,11.04
8.80E+00,10.96
8.81E+00,11.04
8.81E+00,11.04
8.81E+00,11.04
8.81E+00,11.12
8.81E+00,11.12
8.82E+00,10.96
8.82E+00,11.04
8.82E+00,11.12
8.82E+00,11.12
8.82E+00,10.96
8.83E+00,11.04
8.83E+00,10.96
8.83E+00,11.04
8.83E+00,11.04
8.83E+00,10.96
8.84E+00,10.96
8.84E+00,10.96
8.84E+00,10.96
8.84E+00,10.96
8.84E+00,11.04
8.85E+00,11.04
8.85E+00,10.96
8.85E+00,11.2
8.85E+00,11.04
8.85E+00,10.96
8.86E+00,11.04
8.86E+00,10.96
8.86E+00,11.04
8.86E+00,10.96
8.86E+00,11.04
8.87E+00,11.04
8.87E+00,11.04
8.87E+00,10.88
8.87E+00,10.96
8.87E+00,10.96
8.88E+00,11.04
8.88E+00,11.04
8.88E+00,10.96
8.88E+00,11.04
8.88E+00,10.96
8.89E+00,10.88
8.89E+00,11.04
8.89E+00,10.96
8.89E+00,11.12
8.89E+00,11.28
8.90E+00,10.96
8.90E+00,10.88
8.90E+00,10.96
8.90E+00,10.88
8.90E+00,10.96
8.91E+00,10.96
8.91E+00,10.96
8.91E+00,11.04
8.91E+00,11.04
8.91E+00,10.96
8.92E+00,11.04
8.92E+00,11.04
8.92E+00,11.04
8.92E+00,11.12
8.92E+00,11.12
8.93E+00,11.04
8.93E+00,11.04
8.93E+00,10.96
8.93E+00,11.12
8.93E+00,10.96
8.94E+00,11.12
8.94E+00,11.12
8.94E+00,11.04
8.94E+00,10.96
8.94E+00,10.96
8.95E+00,11.04
8.95E+00,10.88
8.95E+00,10.96
8.95E+00,10.96
8.95E+00,11.12
8.96E+00,11.04
8.96E+00,10.96
8.96E+00,11.12
8.96E+00,11.04
8.96E+00,11.04
8.97E+00,11.12
8.97E+00,11.12
8.97E+00,10.88
8.97E+00,11.04
8.97E+00,11.12
8.98E+00,10.88
8.98E+00,11.04
8.98E+00,11.04
8.98E+00,11.2
8.98E+00,11.04
8.99E+00,10.96
8.99E+00,11.12
8.99E+00,10.96
8.99E+00,10.96
8.99E+00,10.96
9.00E+00,10.96
9.00E+00,10.96
9.00E+00,11.04
9.00E+00,10.96
9.00E+00,11.04
9.01E+00,10.96
9.01E+00,10.96
9.01E+00,10.96
9.01E+00,11.04
9.01E+00,11.04
9.02E+00,10.96
9.02E+00,11.04
9.02E+00,11.12
9.02E+00,10.96
9.02E+00,10.88
9.03E+00,10.96
9.03E+00,10.96
9.03E+00,10.96
9.03E+00,10.96
9.03E+00,10.88
9.04E+00,11.04
9.04E+00,11.12
9.04E+00,11.12
9.04E+00,10.88
9.04E+00,11.04
9.05E+00,10.96
9.05E+00,10.8
9.05E+00,10.96
9.05E+00,10.88
9.05E+00,10.88
9.06E+00,11.04
9.06E+00,11.04
9.06E+00,10.96
9.06E+00,11.04
9.06E+00,10.88
9.07E+00,11.04
9.07E+00,11.04
9.07E+00,10.96
9.07E+00,10.96
9.07E+00,11.04
9.08E+00,10.8
9.08E+00,10.96
9.08E+00,10.96
9.08E+00,10.88
9.08E+00,10.96
9.09E+00,11.04
9.09E+00,10.96
9.09E+00,10.96
9.09E+00,11.04
9.09E+00,10.88
9.10E+00,10.88
9.10E+00,10.96
9.10E+00,10.96
9.10E+00,11.04
9.10E+00,10.96
9.11E+00,10.96
9.11E+00,11.04
9.11E+00,11.04
9.11E+00,11.04
9.11E+00,11.04
9.12E+00,10.96
9.12E+00,11.12
9.12E+00,11.04
9.12E+00,10.96
9.12E+00,10.96
9.13E+00,11.04
9.13E+00,11.12
9.13E+00,10.88
9.13E+00,11.12
9.13E+00,10.96
9.14E+00,11.12
9.14E+00,11.12
9.14E+00,10.96
9.14E+00,10.96
9.14E+00,11.04
9.15E+00,11.04
9.15E+00,11.12
9.15E+00,10.88
9.15E+00,10.96
9.15E+00,11.04
9.16E+00,10.96
9.16E+00,11.04
9.16E+00,10.96
9.16E+00,10.96
9.16E+00,11.04
9.17E+00,11.04
9.17E+00,10.96
9.17E+00,10.96
9.17E+00,10.96
9.17E+00,10.96
9.18E+00,10.96
9.18E+00,11.04
9.18E+00,11.04
9.18E+00,10.88
9.18E+00,10.96
9.19E+00,10.96
9.19E+00,11.12
9.19E+00,11.04
9.19E+00,11.04
9.19E+00,11.04
9.20E+00,10.96
9.20E+00,11.04
9.20E+00,10.96
9.20E+00,10.96
9.20E+00,10.96
9.21E+00,11.04
9.21E+00,10.96
9.21E+00,11.04
9.21E+00,10.96
9.21E+00,11.04
9.22E+00,10.96
9.22E+00,10.96
9.22E+00,11.04
9.22E+00,10.96
9.22E+00,10.96
9.23E+00,11.04
9.23E+00,10.88
9.23E+00,11.04
9.23E+00,11.04
9.23E+00,11.04
9.24E+00,10.88
9.24E+00,11.04
9.24E+00,11.04
9.24E+00,10.96
9.24E+00,10.88
9.25E+00,11.04
9.25E+00,10.96
9.25E+00,11.04
9.25E+00,11.04
9.25E+00,10.96
9.26E+00,10.88
9.26E+00,10.96
9.26E+00,11.04
9.26E+00,10.96
9.26E+00,11.04
9.27E+00,10.96
9.27E+00,11.04
9.27E+00,10.96
9.27E+00,10.96
9.27E+00,10.96
9.28E+00,11.04
9.28E+00,11.04
9.28E+00,10.96
9.28E+00,11.04
9.28E+00,11.04
9.29E+00,10.96
9.29E+00,11.04
9.29E+00,10.96
9.29E+00,10.96
9.29E+00,11.04
9.30E+00,11.04
9.30E+00,10.96
9.30E+00,11.04
9.30E+00,11.12
9.30E+00,11.04
9.31E+00,10.88
9.31E+00,10.96
9.31E+00,10.96
9.31E+00,11.04
9.31E+00,10.96
9.32E+00,11.04
9.32E+00,10.96
9.32E+00,10.88
9.32E+00,11.04
9.32E+00,11.12
9.33E+00,11.12
9.33E+00,10.88
9.33E+00,11.04
9.33E+00,10.96
9.33E+00,10.88
9.34E+00,11.12
9.34E+00,10.96
9.34E+00,10.88
9.34E+00,11.04
9.34E+00,10.96
9.35E+00,10.96
9.35E+00,11.04
9.35E+00,10.96
9.35E+00,10.88
9.35E+00,11.12
9.36E+00,10.88
9.36E+00,11.04
9.36E+00,10.96
9.36E+00,10.96
9.36E+00,10.88
9.37E+00,10.96
9.37E+00,10.96
9.37E+00,10.96
9.37E+00,11.04
9.37E+00,11.2
9.38E+00,10.96
9.38E+00,11.04
9.38E+00,11.12
9.38E+00,10.88
9.38E+00,11.04
9.39E+00,11.04
9.39E+00,11.04
9.39E+00,11.04
9.39E+00,11.04
9.39E+00,11.04
9.40E+00,10.88
9.40E+00,11.04
9.40E+00,11.04
9.40E+00,10.96
9.40E+00,10.88
9.41E+00,11.12
9.41E+00,11.12
9.41E+00,10.96
9.41E+00,10.96
9.41E+00,11.12
9.42E+00,10.88
9.42E+00,11.04
9.42E+00,11.04
9.42E+00,11.12
9.42E+00,11.12
9.43E+00,11.04
9.43E+00,11.12
9.43E+00,10.96
9.43E+00,10.96
9.43E+00,10.96
9.44E+00,10.88
9.44E+00,10.88
9.44E+00,11.04
9.44E+00,11.04
9.44E+00,10.96
9.45E+00,10.96
9.45E+00,10.96
9.45E+00,10.96
9.45E+00,11.04
9.45E+00,10.96
9.46E+00,11.12
9.46E+00,11.2
9.46E+00,10.96
9.46E+00,11.04
9.46E+00,10.96
9.47E+00,11.12
9.47E+00,10.96
9.47E+00,10.88
9.47E+00,11.12
9.47E+00,10.96
9.48E+00,11.04
9.48E+00,10.96
9.48E+00,10.96
9.48E+00,10.96
9.48E+00,10.88
9.49E+00,10.96
9.49E+00,11.04
9.49E+00,10.96
9.49E+00,11.04
9.49E+00,11.04
9.50E+00,11.04
9.50E+00,11.12
9.50E+00,11.12
9.50E+00,10.96
9.50E+00,10.96
9.51E+00,11.04
9.51E+00,10.88
9.51E+00,10.96
9.51E+00,10.96
9.51E+00,11.12
9.52E+00,11.04
9.52E+00,10.96
9.52E+00,11.12
9.52E+00,11.2
9.52E+00,10.96
9.53E+00,10.96
9.53E+00,10.88
9.53E+00,10.88
9.53E+00,11.04
9.53E+00,11.04
9.54E+00,10.96
9.54E+00,11.12
9.54E+00,11.04
9.54E+00,11.04
9.54E+00,10.96
9.55E+00,11.04
9.55E+00,10.96
9.55E+00,11.12
9.55E+00,11.04
9.55E+00,11.04
9.56E+00,10.96
9.56E+00,11.04
9.56E+00,10.96
9.56E+00,11.12
9.56E+00,11.04
9.57E+00,11.12
9.57E+00,11.04
9.57E+00,11.04
9.57E+00,10.96
9.57E+00,11.04
9.58E+00,11.04
9.58E+00,10.88
9.58E+00,10.96
9.58E+00,10.96
9.58E+00,11.12
9.59E+00,11.04
9.59E+00,10.96
9.59E+00,10.96
9.59E+00,11.04
9.59E+00,11.04
9.60E+00,11.12
9.60E+00,11.04
9.60E+00,11.04
9.60E+00,11.04
9.60E+00,10.96
9.61E+00,10.96
9.61E+00,10.96
9.61E+00,10.96
9.61E+00,10.96
9.61E+00,11.04
9.62E+00,10.96
9.62E+00,10.96
9.62E+00,10.96
9.62E+00,11.04
9.62E+00,11.12
9.63E+00,11.04
9.63E+00,10.96
9.63E+00,11.12
9.63E+00,11.12
9.63E+00,11.12
9.64E+00,10.96
9.64E+00,10.96
9.64E+00,11.04
9.64E+00,10.96
9.64E+00,11.12
9.65E+00,10.96
9.65E+00,10.96
9.65E+00,11.04
9.65E+00,10.88
9.65E+00,11.04
9.66E+00,11.04
9.66E+00,11.12
9.66E+00,11.12
9.66E+00,11.04
9.66E+00,11.04
9.67E+00,11.04
9.67E+00,10.96
9.67E+00,10.96
9.67E+00,10.96
9.67E+00,11.04
9.68E+00,10.96
9.68E+00,11.04
9.68E+00,11.04
9.68E+00,10.96
9.68E+00,11.12
9.69E+00,11.04
9.69E+00,11.04
9.69E+00,11.04
9.69E+00,11.04
9.69E+00,10.96
9.70E+00,10.96
9.70E+00,10.96
9.70E+00,10.96
9.70E+00,10.96
9.70E+00,11.04
9.71E+00,10.88
9.71E+00,10.96
9.71E+00,10.96
9.71E+00,11.04
9.71E+00,11.04
9.72E+00,10.96
9.72E+00,11.04
9.72E+00,10.96
9.72E+00,10.96
9.72E+00,11.04
9.73E+00,11.04
9.73E+00,11.04
9.73E+00,10.96
9.73E+00,11.12
9.73E+00,11.04
9.74E+00,10.96
9.74E+00,11.12
9.74E+00,11.04
9.74E+00,11.04
9.74E+00,11.04
9.75E+00,10.88
9.75E+00,11.12
9.75E+00,10.96
9.75E+00,11.12
9.75E+00,10.96
9.76E+00,10.96
9.76E+00,11.2
9.76E+00,11.12
9.76E+00,10.96
9.76E+00,11.04
9.77E+00,10.96
9.77E+00,11.04
9.77E+00,11.12
9.77E+00,10.96
9.77E+00,10.96
9.78E+00,10.96
9.78E+00,10.96
9.78E+00,10.88
9.78E+00,10.88
9.78E+00,10.96
9.79E+00,10.96
9.79E+00,10.96
9.79E+00,11.04
9.79E+00,11.04
9.79E+00,10.96
9.80E+00,10.88
9.80E+00,11.04
9.80E+00,10.96
9.80E+00,10.88
9.80E+00,11.04
9.81E+00,11.04
9.81E+00,11.04
9.81E+00,11.04
9.81E+00,10.88
9.81E+00,10.96
9.82E+00,10.96
9.82E+00,11.04
9.82E+00,11.04
9.82E+00,10.96
9.82E+00,11.12
9.83E+00,11.04
9.83E+00,10.96
9.83E+00,11.04
9.83E+00,10.96
9.83E+00,10.96
9.84E+00,10.96
9.84E+00,11.04
9.84E+00,10.88
9.84E+00,10.96
9.84E+00,11.12
9.85E+00,11.12
9.85E+00,11.04
9.85E+00,10.96
9.85E+00,10.96
9.85E+00,10.8
9.86E+00,11.04
9.86E+00,10.96
9.86E+00,11.04
9.86E+00,10.96
9.86E+00,10.96
9.87E+00,11.2
9.87E+00,11.04
9.87E+00,10.96
9.87E+00,10.96
9.87E+00,10.96
9.88E+00,11.04
9.88E+00,11.12
9.88E+00,11.04
9.88E+00,10.96
9.88E+00,10.96
9.89E+00,10.96
9.89E+00,10.96
9.89E+00,11.04
9.89E+00,10.96
9.89E+00,10.96
9.90E+00,11.12
9.90E+00,11.12
9.90E+00,11.04
9.90E+00,10.96
9.90E+00,11.04
9.91E+00,10.88
9.91E+00,10.96
9.91E+00,11.04
9.91E+00,11.12
9.91E+00,11.12
9.92E+00,10.88
9.92E+00,11.04
9.92E+00,10.88
9.92E+00,11.12
9.92E+00,11.12
9.93E+00,10.96
9.93E+00,10.96
9.93E+00,11.12
9.93E+00,11.04
9.93E+00,11.04
9.94E+00,11.12
9.94E+00,11.04
9.94E+00,11.04
9.94E+00,11.04
9.94E+00,11.04
9.95E+00,11.04
9.95E+00,10.96
9.95E+00,10.88
9.95E+00,11.12
9.95E+00,10.96
9.96E+00,10.88
9.96E+00,11.12
9.96E+00,11.04
9.96E+00,10.96
9.96E+00,11.04
9.97E+00,11.04
9.97E+00,11.04
9.97E+00,10.96
9.97E+00,10.96
9.97E+00,11.04
9.98E+00,10.88
9.98E+00,10.96
9.98E+00,10.88
9.98E+00,11.12
9.98E+00,10.96
9.99E+00,10.88
9.99E+00,11.04
9.99E+00,11.2
9.99E+00,10.88
9.99E+00,10.96
1.00E+01,10.96
1.00E+01,10.96
